C4H10_28r18,   C[0],   C[1],   C[2],   C[3],   H[4],   H[5],   H[6],   H[7],   H[8],   H[9],   H[10],   H[11],   H[12],   H[13],  
Charges,    3.9236655012,    3.9222239703,    3.8701139987,    3.9603890665,    0.9996682612,    0.9989932921,    0.9986617308,    0.9996298430,    0.9982937704,    0.9999021796,    0.9989744948,    0.9984151737,    0.9999019781,    0.8595496118,  
Time[fs],  42.666000,  46.593000,  47.752000,  43.756000,   0.000000,   0.000000,   0.000000,   0.000000,   0.000000,   0.000000,   0.000000,   0.000000,   0.000000,   0.000000,  
Charge Sum,   25.5283828721, 
X Velocity[A/fs],  -0.339316,  -0.263266,   0.229326,   0.321743,   0.000000,   0.000000,   0.000000,   0.000000,   0.000000,   0.000000,   0.000000,   0.000000,   0.000000,   0.000000,  
Y Velocity[A/fs],  -0.280062,   0.283967,   0.268121,  -0.259643,   0.000000,   0.000000,   0.000000,   0.000000,   0.000000,   0.000000,   0.000000,   0.000000,   0.000000,   0.000000, 
Z Velocity[A/fs],   0.142961,  -0.272356,   0.286516,  -0.166454,   0.000000,   0.000000,   0.000000,   0.000000,   0.000000,   0.000000,   0.000000,   0.000000,   0.000000,   0.000000,  
Speed[A/fs],   0.462610,   0.473417,   0.454501,   0.445691,   0.000000,   0.000000,   0.000000,   0.000000,   0.000000,   0.000000,   0.000000,   0.000000,   0.000000,   0.000000,  
 
C4H10_28r45,   C[0],   C[1],   C[2],   C[3],   H[4],   H[5],   H[6],   H[7],   H[8],   H[9],   H[10],   H[11],   H[12],   H[13],  
Charges,    3.9390061051,    3.9024813771,    3.8947679773,    3.9630833603,    0.9997368093,    0.9996208593,    0.9987586333,    0.9996273096,    0.9983257178,    0.9998902344,    0.9992390936,    0.9974466728,    0.9992232495,    0.9837380964,  
Time[fs],  42.501000,  44.137000,  46.903000,  43.649000,   0.000000,   0.000000,   0.000000,   0.000000,   0.000000,   0.000000,   0.000000,   0.000000,   0.000000,   0.000000,  
Charge Sum,   25.6749454958, 
X Velocity[A/fs],  -0.344428,  -0.229978,   0.230087,   0.323451,   0.000000,   0.000000,   0.000000,   0.000000,   0.000000,   0.000000,   0.000000,   0.000000,   0.000000,   0.000000,  
Y Velocity[A/fs],  -0.295753,   0.318234,   0.276969,  -0.260116,   0.000000,   0.000000,   0.000000,   0.000000,   0.000000,   0.000000,   0.000000,   0.000000,   0.000000,   0.000000, 
Z Velocity[A/fs],   0.084550,  -0.247136,   0.295451,  -0.167197,   0.000000,   0.000000,   0.000000,   0.000000,   0.000000,   0.000000,   0.000000,   0.000000,   0.000000,   0.000000,  
Speed[A/fs],   0.461789,   0.463939,   0.465772,   0.447477,   0.000000,   0.000000,   0.000000,   0.000000,   0.000000,   0.000000,   0.000000,   0.000000,   0.000000,   0.000000,  
 
C4H10_28r11,   C[0],   C[1],   C[2],   C[3],   H[4],   H[5],   H[6],   H[7],   H[8],   H[9],   H[10],   H[11],   H[12],   H[13],  
Charges,    3.9140470773,    3.9201806486,    3.8785019442,    3.9406595267,    0.9994978554,    0.9995862568,    0.9986959003,    0.9995360604,    0.9987214312,    0.9999164247,    0.9989189171,    0.9975854957,    0.9993911075,    0.8730989397,  
Time[fs],  41.389000,  45.418000,  45.480000,  43.583000,   0.000000,   0.000000,   0.000000,   0.000000,   0.000000,   0.000000,   0.000000,   0.000000,  25.138000,   0.000000,  
Charge Sum,   25.5183375858, 
X Velocity[A/fs],  -0.358639,  -0.228611,   0.212013,   0.323517,   0.000000,   0.000000,   0.000000,   0.000000,   0.000000,   0.000000,   0.000000,   0.000000,   0.675541,   0.000000,  
Y Velocity[A/fs],  -0.299195,   0.299399,   0.295645,  -0.300674,   0.000000,   0.000000,   0.000000,   0.000000,   0.000000,   0.000000,   0.000000,   0.000000,  -0.155325,   0.000000, 
Z Velocity[A/fs],   0.039317,  -0.268003,   0.283261,  -0.046053,   0.000000,   0.000000,   0.000000,   0.000000,   0.000000,   0.000000,   0.000000,   0.000000,  -0.870868,   0.000000,  
Speed[A/fs],   0.468705,   0.462308,   0.461077,   0.444060,   0.000000,   0.000000,   0.000000,   0.000000,   0.000000,   0.000000,   0.000000,   0.000000,   1.113056,   0.000000,  
 
C4H10_28r16,   C[0],   C[1],   C[2],   C[3],   H[4],   H[5],   H[6],   H[7],   H[8],   H[9],   H[10],   H[11],   H[12],   H[13],  
Charges,    3.9355476871,    3.9479669482,    3.8766797930,    3.9509727024,    0.9996714652,    0.9989295464,    0.9986682205,    0.9996273276,    0.9979238571,    0.9994711240,    0.9986970855,    0.9983812276,    0.9994732513,    0.9290432632,  
Time[fs],  41.349000,  44.284000,  44.199000,  43.189000,   0.000000,   0.000000,   0.000000,   0.000000,   0.000000,   0.000000,   0.000000,   0.000000,  25.138000,   0.000000,  
Charge Sum,   25.6310534990, 
X Velocity[A/fs],  -0.361711,  -0.236042,   0.229207,   0.326823,   0.000000,   0.000000,   0.000000,   0.000000,   0.000000,   0.000000,   0.000000,   0.000000,   0.675541,   0.000000,  
Y Velocity[A/fs],  -0.297487,   0.313531,   0.310448,  -0.301721,   0.000000,   0.000000,   0.000000,   0.000000,   0.000000,   0.000000,   0.000000,   0.000000,  -0.155325,   0.000000, 
Z Velocity[A/fs],   0.057769,  -0.253829,   0.268732,  -0.084658,   0.000000,   0.000000,   0.000000,   0.000000,   0.000000,   0.000000,   0.000000,   0.000000,  -0.870868,   0.000000,  
Speed[A/fs],   0.471880,   0.467382,   0.470245,   0.452787,   0.000000,   0.000000,   0.000000,   0.000000,   0.000000,   0.000000,   0.000000,   0.000000,   1.113056,   0.000000,  
 
C4H10_28r19,   C[0],   C[1],   C[2],   C[3],   H[4],   H[5],   H[6],   H[7],   H[8],   H[9],   H[10],   H[11],   H[12],   H[13],  
Charges,    3.9323113412,    3.9191720784,    3.8618237823,    3.9581068940,    0.9993547968,    0.9999945026,    0.9994571225,    0.9996818247,    0.9997673616,    0.9999200224,    0.9993314318,    0.9983683543,    0.9994196797,    0.8896106333,  
Time[fs],  41.524000,  43.202000,  46.250000,  43.496000,   0.000000,  25.082000,   0.000000,   0.000000,   0.000000,   0.000000,   0.000000,   0.000000,  25.138000,   0.000000,  
Charge Sum,   25.5563198254, 
X Velocity[A/fs],  -0.356508,  -0.237287,   0.234385,   0.327639,   0.000000,  -0.707938,   0.000000,   0.000000,   0.000000,   0.000000,   0.000000,   0.000000,   0.675541,   0.000000,  
Y Velocity[A/fs],  -0.298389,   0.327627,   0.286675,  -0.277430,   0.000000,  -0.240456,   0.000000,   0.000000,   0.000000,   0.000000,   0.000000,   0.000000,  -0.155325,   0.000000, 
Z Velocity[A/fs],   0.038948,  -0.237826,   0.285251,  -0.108301,   0.000000,   0.894178,   0.000000,   0.000000,   0.000000,   0.000000,   0.000000,   0.000000,  -0.870868,   0.000000,  
Speed[A/fs],   0.466531,   0.469261,   0.467426,   0.442769,   0.000000,   1.165568,   0.000000,   0.000000,   0.000000,   0.000000,   0.000000,   0.000000,   1.113056,   0.000000,  
 
C4H10_28r29,   C[0],   C[1],   C[2],   C[3],   H[4],   H[5],   H[6],   H[7],   H[8],   H[9],   H[10],   H[11],   H[12],   H[13],  
Charges,    3.9281993732,    3.9303041846,    3.8753839061,    3.9689632747,    0.9996494863,    0.9999958952,    0.9993478532,    0.9996743149,    0.9987759792,    0.9994716942,    0.9991295150,    0.9998682865,    0.9995922622,    0.9068768546,  
Time[fs],  42.196000,  43.422000,  45.728000,  44.018000,   0.000000,  25.099000,   0.000000,   0.000000,   0.000000,   0.000000,   0.000000,   0.000000,  25.138000,   0.000000,  
Charge Sum,   25.6052328798, 
X Velocity[A/fs],  -0.348885,  -0.228032,   0.216204,   0.321319,   0.000000,  -0.741061,   0.000000,   0.000000,   0.000000,   0.000000,   0.000000,   0.000000,   0.675541,   0.000000,  
Y Velocity[A/fs],  -0.283361,   0.322718,   0.280677,  -0.270334,   0.000000,  -0.150618,   0.000000,   0.000000,   0.000000,   0.000000,   0.000000,   0.000000,  -0.155325,   0.000000, 
Z Velocity[A/fs],   0.058514,  -0.274898,   0.307487,  -0.125013,   0.000000,   0.877220,   0.000000,   0.000000,   0.000000,   0.000000,   0.000000,   0.000000,  -0.870868,   0.000000,  
Speed[A/fs],   0.453253,   0.481367,   0.469118,   0.438126,   0.000000,   1.158176,   0.000000,   0.000000,   0.000000,   0.000000,   0.000000,   0.000000,   1.113056,   0.000000,  
 
C4H10_28r2,   C[0],   C[1],   C[2],   C[3],   H[4],   H[5],   H[6],   H[7],   H[8],   H[9],   H[10],   H[11],   H[12],   H[13],  
Charges,    3.9284944609,    3.9064373374,    3.8410833627,    3.9694292378,    0.9996948164,    0.9992724102,    0.9986916126,    0.9996860646,    0.9989573922,    0.9991870488,    0.9990078416,    0.9997588025,    0.9999762658,    0.8602487743,  
Time[fs],  42.688000,  45.231000,  45.043000,  42.721000,   0.000000,  25.099000,   0.000000,   0.000000,   0.000000,   0.000000,   0.000000,   0.000000,  25.138000,   0.000000,  
Charge Sum,   25.4999254278, 
X Velocity[A/fs],  -0.342048,  -0.227648,   0.197715,   0.336250,   0.000000,  -0.741061,   0.000000,   0.000000,   0.000000,   0.000000,   0.000000,   0.000000,   0.675541,   0.000000,  
Y Velocity[A/fs],  -0.298331,   0.298761,   0.301057,  -0.291608,   0.000000,  -0.150618,   0.000000,   0.000000,   0.000000,   0.000000,   0.000000,   0.000000,  -0.155325,   0.000000, 
Z Velocity[A/fs],   0.053055,  -0.299547,   0.277424,  -0.039989,   0.000000,   0.877220,   0.000000,   0.000000,   0.000000,   0.000000,   0.000000,   0.000000,  -0.870868,   0.000000,  
Speed[A/fs],   0.456961,   0.480427,   0.454633,   0.446876,   0.000000,   1.158176,   0.000000,   0.000000,   0.000000,   0.000000,   0.000000,   0.000000,   1.113056,   0.000000,  
 
C4H10_28r20,   C[0],   C[1],   C[2],   C[3],   H[4],   H[5],   H[6],   H[7],   H[8],   H[9],   H[10],   H[11],   H[12],   H[13],  
Charges,    3.9158587754,    3.9124772623,    3.8324145377,    3.9663917720,    0.9984616392,    0.9994147775,    0.9987646556,    0.9995540630,    0.9986837346,    0.9994392630,    0.9991036325,    0.9983501445,    0.9993745279,    0.8713146597,  
Time[fs],  41.908000,  44.446000,  44.739000,  43.899000,   0.000000,  25.099000,   0.000000,   0.000000,   0.000000,   0.000000,   0.000000,   0.000000,  25.138000,   0.000000,  
Charge Sum,   25.4896034447, 
X Velocity[A/fs],  -0.352051,  -0.222577,   0.221333,   0.321993,   0.000000,  -0.741061,   0.000000,   0.000000,   0.000000,   0.000000,   0.000000,   0.000000,   0.675541,   0.000000,  
Y Velocity[A/fs],  -0.298835,   0.312947,   0.272317,  -0.275716,   0.000000,  -0.150618,   0.000000,   0.000000,   0.000000,   0.000000,   0.000000,   0.000000,  -0.155325,   0.000000, 
Z Velocity[A/fs],   0.065598,  -0.250997,   0.318719,  -0.127064,   0.000000,   0.877220,   0.000000,   0.000000,   0.000000,   0.000000,   0.000000,   0.000000,  -0.870868,   0.000000,  
Speed[A/fs],   0.466418,   0.458777,   0.474053,   0.442543,   0.000000,   1.158176,   0.000000,   0.000000,   0.000000,   0.000000,   0.000000,   0.000000,   1.113056,   0.000000,  
 
C4H10_28r28,   C[0],   C[1],   C[2],   C[3],   H[4],   H[5],   H[6],   H[7],   H[8],   H[9],   H[10],   H[11],   H[12],   H[13],  
Charges,    3.9401912987,    3.9149920195,    3.8842491582,    3.9632132575,    0.9996592806,    0.9999930628,    0.9987230183,    0.9996875447,    0.9974992161,    0.9994307153,    0.9992855998,    0.9997001918,    0.9999797094,    0.8847670034,  
Time[fs],  42.429000,  43.888000,  45.403000,  42.709000,   0.000000,  25.081000,   0.000000,   0.000000,   0.000000,   0.000000,   0.000000,   0.000000,  25.138000,   0.000000,  
Charge Sum,   25.5813710761, 
X Velocity[A/fs],  -0.345802,  -0.238653,   0.204951,   0.335930,   0.000000,  -0.736802,   0.000000,   0.000000,   0.000000,   0.000000,   0.000000,   0.000000,   0.675541,   0.000000,  
Y Velocity[A/fs],  -0.309088,   0.316340,   0.297398,  -0.294664,   0.000000,  -0.232789,   0.000000,   0.000000,   0.000000,   0.000000,   0.000000,   0.000000,  -0.155325,   0.000000, 
Z Velocity[A/fs],   0.040802,  -0.265763,   0.285557,  -0.058502,   0.000000,   0.897242,   0.000000,   0.000000,   0.000000,   0.000000,   0.000000,   0.000000,  -0.870868,   0.000000,  
Speed[A/fs],   0.465595,   0.477133,   0.460427,   0.450664,   0.000000,   1.184108,   0.000000,   0.000000,   0.000000,   0.000000,   0.000000,   0.000000,   1.113056,   0.000000,  
 
C4H10_28r46,   C[0],   C[1],   C[2],   C[3],   H[4],   H[5],   H[6],   H[7],   H[8],   H[9],   H[10],   H[11],   H[12],   H[13],  
Charges,    3.9640800878,    3.8923813924,    3.8192785829,    3.9231623933,    0.9997136838,    0.9999907170,    0.9987353595,    0.9996644683,    0.9979442731,    0.9999116003,    0.9992190466,    0.9980450103,    0.9999764548,    0.8903006315,  
Time[fs],  41.913000,  45.468000,  44.888000,  42.778000,   0.000000,  25.411000,   0.000000,   0.000000,   0.000000,   0.000000,   0.000000,   0.000000,  25.138000,   0.000000,  
Charge Sum,   25.4824037017, 
X Velocity[A/fs],  -0.350940,  -0.211476,   0.205468,   0.334959,   0.000000,  -0.822593,   0.000000,   0.000000,   0.000000,   0.000000,   0.000000,   0.000000,   0.675541,   0.000000,  
Y Velocity[A/fs],  -0.274842,   0.271894,   0.304124,  -0.288624,   0.000000,  -0.030788,   0.000000,   0.000000,   0.000000,   0.000000,   0.000000,   0.000000,  -0.155325,   0.000000, 
Z Velocity[A/fs],   0.122938,  -0.311827,   0.281248,  -0.050951,   0.000000,   0.826645,   0.000000,   0.000000,   0.000000,   0.000000,   0.000000,   0.000000,  -0.870868,   0.000000,  
Speed[A/fs],   0.462397,   0.464634,   0.462395,   0.445081,   0.000000,   1.166598,   0.000000,   0.000000,   0.000000,   0.000000,   0.000000,   0.000000,   1.113056,   0.000000,  
 
C4H10_28r26,   C[0],   C[1],   C[2],   C[3],   H[4],   H[5],   H[6],   H[7],   H[8],   H[9],   H[10],   H[11],   H[12],   H[13],  
Charges,    3.9394324571,    3.9334944189,    3.8720643222,    3.9323847145,    0.9990623852,    0.9995006343,    0.9983771865,    0.9995570698,    0.9981229326,    0.9999302418,    0.9991731476,    0.9972960511,    0.9999781572,    0.9038860276,  
Time[fs],  41.415000,  44.674000,  43.952000,  43.325000,   0.000000,  25.411000,   0.000000,   0.000000,   0.000000,   0.000000,   0.000000,   0.000000,  25.138000,   0.000000,  
Charge Sum,   25.5722597463, 
X Velocity[A/fs],  -0.359380,  -0.224110,   0.215012,   0.328885,   0.000000,  -0.822593,   0.000000,   0.000000,   0.000000,   0.000000,   0.000000,   0.000000,   0.675541,   0.000000,  
Y Velocity[A/fs],  -0.301459,   0.309136,   0.315294,  -0.304204,   0.000000,  -0.030788,   0.000000,   0.000000,   0.000000,   0.000000,   0.000000,   0.000000,  -0.155325,   0.000000, 
Z Velocity[A/fs],   0.043977,  -0.253301,   0.263826,  -0.041405,   0.000000,   0.826645,   0.000000,   0.000000,   0.000000,   0.000000,   0.000000,   0.000000,  -0.870868,   0.000000,  
Speed[A/fs],   0.471132,   0.458205,   0.463945,   0.449911,   0.000000,   1.166598,   0.000000,   0.000000,   0.000000,   0.000000,   0.000000,   0.000000,   1.113056,   0.000000,  
 
C4H10_28r8,   C[0],   C[1],   C[2],   C[3],   H[4],   H[5],   H[6],   H[7],   H[8],   H[9],   H[10],   H[11],   H[12],   H[13],  
Charges,    3.9189990237,    3.8789869919,    3.8692996651,    3.9583875611,    0.9996750113,    0.9992037070,    0.9990993195,    0.9996967172,    0.9981020644,    0.9990255822,    0.9986733213,    0.9997744874,    0.9993106765,    0.7717755288,  
Time[fs],  41.609000,  44.042000,  45.673000,  42.341000,   0.000000,  25.411000,   0.000000,   0.000000,   0.000000,   0.000000,   0.000000,   0.000000,  25.138000,   0.000000,  
Charge Sum,   25.3900096575, 
X Velocity[A/fs],  -0.357968,  -0.235469,   0.202078,   0.341678,   0.000000,  -0.822593,   0.000000,   0.000000,   0.000000,   0.000000,   0.000000,   0.000000,   0.675541,   0.000000,  
Y Velocity[A/fs],  -0.286927,   0.313889,   0.295670,  -0.277808,   0.000000,  -0.030788,   0.000000,   0.000000,   0.000000,   0.000000,   0.000000,   0.000000,  -0.155325,   0.000000, 
Z Velocity[A/fs],   0.044664,  -0.274336,   0.282895,  -0.064124,   0.000000,   0.826645,   0.000000,   0.000000,   0.000000,   0.000000,   0.000000,   0.000000,  -0.870868,   0.000000,  
Speed[A/fs],   0.460937,   0.478782,   0.456383,   0.445009,   0.000000,   1.166598,   0.000000,   0.000000,   0.000000,   0.000000,   0.000000,   0.000000,   1.113056,   0.000000,  
 
C4H10_28r44,   C[0],   C[1],   C[2],   C[3],   H[4],   H[5],   H[6],   H[7],   H[8],   H[9],   H[10],   H[11],   H[12],   H[13],  
Charges,    3.9170795083,    3.9243271351,    3.8897483349,    3.9638525620,    0.9996029879,    0.9997141559,    0.9988164548,    0.9995665533,    0.9983942135,    0.9999202701,    0.9991006134,    0.9997937470,    0.9999252445,    0.8791478723,  
Time[fs],  42.462000,  43.216000,  46.550000,  43.145000,   0.000000,  25.411000,   0.000000,   0.000000,   0.000000,   0.000000,   0.000000,   0.000000,  25.138000,   0.000000,  
Charge Sum,   25.5689896531, 
X Velocity[A/fs],  -0.344598,  -0.232403,   0.225525,   0.331611,   0.000000,  -0.822593,   0.000000,   0.000000,   0.000000,   0.000000,   0.000000,   0.000000,   0.675541,   0.000000,  
Y Velocity[A/fs],  -0.295023,   0.325198,   0.283424,  -0.274164,   0.000000,  -0.030788,   0.000000,   0.000000,   0.000000,   0.000000,   0.000000,   0.000000,  -0.155325,   0.000000, 
Z Velocity[A/fs],   0.054468,  -0.260674,   0.296913,  -0.130059,   0.000000,   0.826645,   0.000000,   0.000000,   0.000000,   0.000000,   0.000000,   0.000000,  -0.870868,   0.000000,  
Speed[A/fs],   0.456895,   0.477195,   0.468346,   0.449496,   0.000000,   1.166598,   0.000000,   0.000000,   0.000000,   0.000000,   0.000000,   0.000000,   1.113056,   0.000000,  
 
C4H10_28r6,   C[0],   C[1],   C[2],   C[3],   H[4],   H[5],   H[6],   H[7],   H[8],   H[9],   H[10],   H[11],   H[12],   H[13],  
Charges,    3.9331496209,    3.9353673309,    3.8937470615,    3.9592642151,    0.9996727346,    0.9996543768,    0.9987493750,    0.9995638530,    0.9987066459,    0.9993316068,    0.9992062332,    0.9984232995,    0.9999071954,    0.8695680797,  
Time[fs],  41.555000,  43.693000,  46.825000,  43.195000,   0.000000,  25.411000,   0.000000,   0.000000,   0.000000,   0.000000,   0.000000,   0.000000,  25.138000,   0.000000,  
Charge Sum,   25.5843116282, 
X Velocity[A/fs],  -0.357084,  -0.238368,   0.220200,   0.329726,   0.000000,  -0.822593,   0.000000,   0.000000,   0.000000,   0.000000,   0.000000,   0.000000,   0.675541,   0.000000,  
Y Velocity[A/fs],  -0.296520,   0.323167,   0.271251,  -0.259294,   0.000000,  -0.030788,   0.000000,   0.000000,   0.000000,   0.000000,   0.000000,   0.000000,  -0.155325,   0.000000, 
Z Velocity[A/fs],   0.057711,  -0.248458,   0.298263,  -0.158449,   0.000000,   0.826645,   0.000000,   0.000000,   0.000000,   0.000000,   0.000000,   0.000000,  -0.870868,   0.000000,  
Speed[A/fs],   0.467722,   0.472215,   0.459376,   0.448396,   0.000000,   1.166598,   0.000000,   0.000000,   0.000000,   0.000000,   0.000000,   0.000000,   1.113056,   0.000000,  
 
C4H10_28r39,   C[0],   C[1],   C[2],   C[3],   H[4],   H[5],   H[6],   H[7],   H[8],   H[9],   H[10],   H[11],   H[12],   H[13],  
Charges,    3.9393111281,    3.8993370011,    3.8120074719,    3.9501620755,    0.9989199620,    0.9995534592,    0.9987406762,    0.9995348412,    0.9984810372,    0.9992781487,    0.9993321601,    0.9972160680,    0.9999723970,    0.9851858122,  
Time[fs],  41.305000,  44.932000,  45.768000,  42.455000,   0.000000,  25.411000,   0.000000,   0.000000,   0.000000,   0.000000,   0.000000,   0.000000,  25.138000,   0.000000,  
Charge Sum,   25.5770322384, 
X Velocity[A/fs],  -0.357916,  -0.218392,   0.191230,   0.338379,   0.000000,  -0.822593,   0.000000,   0.000000,   0.000000,   0.000000,   0.000000,   0.000000,   0.675541,   0.000000,  
Y Velocity[A/fs],  -0.296197,   0.302250,   0.293299,  -0.278988,   0.000000,  -0.030788,   0.000000,   0.000000,   0.000000,   0.000000,   0.000000,   0.000000,  -0.155325,   0.000000, 
Z Velocity[A/fs],   0.038878,  -0.279009,   0.290270,  -0.063404,   0.000000,   0.826645,   0.000000,   0.000000,   0.000000,   0.000000,   0.000000,   0.000000,  -0.870868,   0.000000,  
Speed[A/fs],   0.466206,   0.465721,   0.454807,   0.443119,   0.000000,   1.166598,   0.000000,   0.000000,   0.000000,   0.000000,   0.000000,   0.000000,   1.113056,   0.000000,  
 
C4H10_28r5,   C[0],   C[1],   C[2],   C[3],   H[4],   H[5],   H[6],   H[7],   H[8],   H[9],   H[10],   H[11],   H[12],   H[13],  
Charges,    3.9573294707,    3.9206269532,    3.8995427117,    3.9466417208,    0.9996773275,    0.9987876920,    0.9986355691,    0.9996645557,    0.9972782116,    0.9999222410,    0.9988020725,    0.9996142006,    0.9999182924,    0.8698287606,  
Time[fs],  42.478000,  45.769000,  46.880000,  44.530000,   0.000000,  25.411000,   0.000000,   0.000000,   0.000000,   0.000000,   0.000000,   0.000000,  25.138000,   0.000000,  
Charge Sum,   25.5862697795, 
X Velocity[A/fs],  -0.342718,  -0.248023,   0.230324,   0.314996,   0.000000,  -0.822593,   0.000000,   0.000000,   0.000000,   0.000000,   0.000000,   0.000000,   0.675541,   0.000000,  
Y Velocity[A/fs],  -0.281980,   0.295193,   0.276652,  -0.267075,   0.000000,  -0.030788,   0.000000,   0.000000,   0.000000,   0.000000,   0.000000,   0.000000,  -0.155325,   0.000000, 
Z Velocity[A/fs],   0.140697,  -0.278581,   0.295677,  -0.164313,   0.000000,   0.826645,   0.000000,   0.000000,   0.000000,   0.000000,   0.000000,   0.000000,  -0.870868,   0.000000,  
Speed[A/fs],   0.465579,   0.475670,   0.465844,   0.444466,   0.000000,   1.166598,   0.000000,   0.000000,   0.000000,   0.000000,   0.000000,   0.000000,   1.113056,   0.000000,  
 
C4H10_28r38,   C[0],   C[1],   C[2],   C[3],   H[4],   H[5],   H[6],   H[7],   H[8],   H[9],   H[10],   H[11],   H[12],   H[13],  
Charges,    3.9466091618,    3.8848669603,    3.8364496231,    3.9657029845,    0.9982117793,    0.9995918038,    0.9988716755,    0.9997087445,    0.9979849942,    0.9999224631,    0.9990327297,    0.9974624794,    0.9999594949,    0.9787314646,  
Time[fs],  42.505000,  43.702000,  45.671000,  42.020000,   0.000000,  25.411000,   0.000000,   0.000000,   0.000000,   0.000000,   0.000000,   0.000000,  25.138000,   0.000000,  
Charge Sum,   25.6031063587, 
X Velocity[A/fs],  -0.345106,  -0.220703,   0.203131,   0.346505,   0.000000,  -0.822593,   0.000000,   0.000000,   0.000000,   0.000000,   0.000000,   0.000000,   0.675541,   0.000000,  
Y Velocity[A/fs],  -0.287050,   0.320040,   0.295603,  -0.283445,   0.000000,  -0.030788,   0.000000,   0.000000,   0.000000,   0.000000,   0.000000,   0.000000,  -0.155325,   0.000000, 
Z Velocity[A/fs],   0.051625,  -0.275927,   0.285688,  -0.065729,   0.000000,   0.826645,   0.000000,   0.000000,   0.000000,   0.000000,   0.000000,   0.000000,  -0.870868,   0.000000,  
Speed[A/fs],   0.451841,   0.476729,   0.458542,   0.452468,   0.000000,   1.166598,   0.000000,   0.000000,   0.000000,   0.000000,   0.000000,   0.000000,   1.113056,   0.000000,  
 
C4H10_28r31,   C[0],   C[1],   C[2],   C[3],   H[4],   H[5],   H[6],   H[7],   H[8],   H[9],   H[10],   H[11],   H[12],   H[13],  
Charges,    3.9323111102,    3.9070233628,    3.8724587113,    3.9543575868,    0.9996844364,    0.9999938545,    0.9988607927,    0.9996968430,    0.9973728864,    0.9999197569,    0.9992358849,    0.9984604454,    0.9993981935,    0.8815995157,  
Time[fs],  41.974000,  43.375000,  46.181000,  43.309000,   0.000000,  25.284000,   0.000000,   0.000000,   0.000000,   0.000000,   0.000000,   0.000000,  25.138000,   0.000000,  
Charge Sum,   25.5403733806, 
X Velocity[A/fs],  -0.350934,  -0.232569,   0.215159,   0.327789,   0.000000,  -0.782518,   0.000000,   0.000000,   0.000000,   0.000000,   0.000000,   0.000000,   0.675541,   0.000000,  
Y Velocity[A/fs],  -0.298183,   0.324297,   0.271634,  -0.280125,   0.000000,  -0.090622,   0.000000,   0.000000,   0.000000,   0.000000,   0.000000,   0.000000,  -0.155325,   0.000000, 
Z Velocity[A/fs],   0.051968,  -0.257209,   0.302062,  -0.127626,   0.000000,   0.860520,   0.000000,   0.000000,   0.000000,   0.000000,   0.000000,   0.000000,  -0.870868,   0.000000,  
Speed[A/fs],   0.463431,   0.474777,   0.459695,   0.449671,   0.000000,   1.166636,   0.000000,   0.000000,   0.000000,   0.000000,   0.000000,   0.000000,   1.113056,   0.000000,  
 
C4H10_28r33,   C[0],   C[1],   C[2],   C[3],   H[4],   H[5],   H[6],   H[7],   H[8],   H[9],   H[10],   H[11],   H[12],   H[13],  
Charges,    3.9572833627,    3.9115632623,    3.8597775698,    3.9240103289,    0.9992097280,    0.9995064078,    0.9984217174,    0.9996019896,    0.9981486053,    0.9999209693,    0.9992266281,    0.9981793823,    0.9999792329,    0.9005079940,  
Time[fs],  41.223000,  44.761000,  45.077000,  43.236000,   0.000000,  25.284000,   0.000000,   0.000000,   0.000000,   0.000000,   0.000000,   0.000000,  25.138000,   0.000000,  
Charge Sum,   25.5453371787, 
X Velocity[A/fs],  -0.363126,  -0.207106,   0.199515,   0.330917,   0.000000,  -0.782518,   0.000000,   0.000000,   0.000000,   0.000000,   0.000000,   0.000000,   0.675541,   0.000000,  
Y Velocity[A/fs],  -0.289697,   0.305119,   0.302744,  -0.293173,   0.000000,  -0.090622,   0.000000,   0.000000,   0.000000,   0.000000,   0.000000,   0.000000,  -0.155325,   0.000000, 
Z Velocity[A/fs],   0.047442,  -0.289277,   0.288387,  -0.053667,   0.000000,   0.860520,   0.000000,   0.000000,   0.000000,   0.000000,   0.000000,   0.000000,  -0.870868,   0.000000,  
Speed[A/fs],   0.466943,   0.468692,   0.463279,   0.445350,   0.000000,   1.166636,   0.000000,   0.000000,   0.000000,   0.000000,   0.000000,   0.000000,   1.113056,   0.000000,  
 
C4H10_28r50,   C[0],   C[1],   C[2],   C[3],   H[4],   H[5],   H[6],   H[7],   H[8],   H[9],   H[10],   H[11],   H[12],   H[13],  
Charges,    3.9388358966,    3.9091412351,    3.8846250251,    3.9554947354,    0.9996627783,    0.9996680581,    0.9994650552,    0.9997273408,    0.9980717065,    0.9998882686,    0.9991839281,    0.9974427773,    0.9999753465,    0.8773858324,  
Time[fs],  42.627000,  45.200000,  43.631000,  42.968000,   0.000000,  25.284000,   0.000000,   0.000000,   0.000000,   0.000000,   0.000000,   0.000000,  25.138000,   0.000000,  
Charge Sum,   25.5585679837, 
X Velocity[A/fs],  -0.341233,  -0.244223,   0.215917,   0.331705,   0.000000,  -0.782518,   0.000000,   0.000000,   0.000000,   0.000000,   0.000000,   0.000000,   0.675541,   0.000000,  
Y Velocity[A/fs],  -0.257529,   0.262474,   0.321825,  -0.292812,   0.000000,  -0.090622,   0.000000,   0.000000,   0.000000,   0.000000,   0.000000,   0.000000,  -0.155325,   0.000000, 
Z Velocity[A/fs],   0.163774,  -0.314288,   0.248271,  -0.062047,   0.000000,   0.860520,   0.000000,   0.000000,   0.000000,   0.000000,   0.000000,   0.000000,  -0.870868,   0.000000,  
Speed[A/fs],   0.457803,   0.476775,   0.460250,   0.446785,   0.000000,   1.166636,   0.000000,   0.000000,   0.000000,   0.000000,   0.000000,   0.000000,   1.113056,   0.000000,  
 
C4H10_28r41,   C[0],   C[1],   C[2],   C[3],   H[4],   H[5],   H[6],   H[7],   H[8],   H[9],   H[10],   H[11],   H[12],   H[13],  
Charges,    3.9148665592,    3.9290950000,    3.8728768229,    3.9396139681,    0.9987714082,    0.9989581105,    0.9984796611,    0.9995423745,    0.9980159048,    0.9999336219,    0.9991845703,    0.9983018746,    0.9993721175,    0.9999000350,  
Time[fs],  41.924000,  45.771000,  46.231000,  42.637000,   0.000000,  25.284000,   0.000000,   0.000000,   0.000000,   0.000000,   0.000000,   0.000000,  25.062000,   0.000000,  
Charge Sum,   25.6469120287, 
X Velocity[A/fs],  -0.350543,  -0.239597,   0.216615,   0.335623,   0.000000,  -0.782518,   0.000000,   0.000000,   0.000000,   0.000000,   0.000000,   0.000000,   0.737021,   0.000000,  
Y Velocity[A/fs],  -0.271853,   0.292952,   0.290762,  -0.288030,   0.000000,  -0.090622,   0.000000,   0.000000,   0.000000,   0.000000,   0.000000,   0.000000,  -0.062156,   0.000000, 
Z Velocity[A/fs],   0.121445,  -0.285466,   0.272405,  -0.094411,   0.000000,   0.860520,   0.000000,   0.000000,   0.000000,   0.000000,   0.000000,   0.000000,  -0.869985,   0.000000,  
Speed[A/fs],   0.459927,   0.474045,   0.453507,   0.452236,   0.000000,   1.166636,   0.000000,   0.000000,   0.000000,   0.000000,   0.000000,   0.000000,   1.141900,   0.000000,  
 
C4H10_28r37,   C[0],   C[1],   C[2],   C[3],   H[4],   H[5],   H[6],   H[7],   H[8],   H[9],   H[10],   H[11],   H[12],   H[13],  
Charges,    3.9081317857,    3.9038918018,    3.8620802611,    3.9483311735,    0.9996289217,    0.9995360805,    0.9993131427,    0.9996320725,    0.9981733015,    0.9994458193,    0.9990363703,    0.9998216443,    0.9994928507,    0.8745670170,  
Time[fs],  41.837000,  43.450000,  45.382000,  43.257000,   0.000000,  25.284000,   0.000000,   0.000000,   0.000000,   0.000000,   0.000000,   0.000000,  25.062000,   0.000000,  
Charge Sum,   25.4910822425, 
X Velocity[A/fs],  -0.354274,  -0.229675,   0.211687,   0.331274,   0.000000,  -0.782518,   0.000000,   0.000000,   0.000000,   0.000000,   0.000000,   0.000000,   0.737021,   0.000000,  
Y Velocity[A/fs],  -0.288072,   0.323166,   0.297189,  -0.286061,   0.000000,  -0.090622,   0.000000,   0.000000,   0.000000,   0.000000,   0.000000,   0.000000,  -0.062156,   0.000000, 
Z Velocity[A/fs],   0.057111,  -0.251149,   0.301941,  -0.071911,   0.000000,   0.860520,   0.000000,   0.000000,   0.000000,   0.000000,   0.000000,   0.000000,  -0.869985,   0.000000,  
Speed[A/fs],   0.460171,   0.469322,   0.473604,   0.443559,   0.000000,   1.166636,   0.000000,   0.000000,   0.000000,   0.000000,   0.000000,   0.000000,   1.141900,   0.000000,  
 
C4H10_28r7,   C[0],   C[1],   C[2],   C[3],   H[4],   H[5],   H[6],   H[7],   H[8],   H[9],   H[10],   H[11],   H[12],   H[13],  
Charges,    3.9106551260,    3.9473941848,    3.8258677572,    3.9420713745,    0.9995653314,    0.9987916838,    0.9985738497,    0.9996333036,    0.9979379727,    0.9999099385,    0.9991081977,    0.9998284799,    0.9995157889,    0.8934236616,  
Time[fs],  42.971000,  45.255000,  44.682000,  42.588000,   0.000000,  25.284000,   0.000000,   0.000000,   0.000000,   0.000000,   0.000000,   0.000000,  25.062000,   0.000000,  
Charge Sum,   25.5122766501, 
X Velocity[A/fs],  -0.335797,  -0.249471,   0.221333,   0.337820,   0.000000,  -0.782518,   0.000000,   0.000000,   0.000000,   0.000000,   0.000000,   0.000000,   0.737021,   0.000000,  
Y Velocity[A/fs],  -0.260162,   0.266040,   0.309669,  -0.303514,   0.000000,  -0.090622,   0.000000,   0.000000,   0.000000,   0.000000,   0.000000,   0.000000,  -0.062156,   0.000000, 
Z Velocity[A/fs],   0.154939,  -0.314079,   0.230349,  -0.048642,   0.000000,   0.860520,   0.000000,   0.000000,   0.000000,   0.000000,   0.000000,   0.000000,  -0.869985,   0.000000,  
Speed[A/fs],   0.452162,   0.481309,   0.444909,   0.456738,   0.000000,   1.166636,   0.000000,   0.000000,   0.000000,   0.000000,   0.000000,   0.000000,   1.141900,   0.000000,  
 
C4H10_28r22,   C[0],   C[1],   C[2],   C[3],   H[4],   H[5],   H[6],   H[7],   H[8],   H[9],   H[10],   H[11],   H[12],   H[13],  
Charges,    3.9386268519,    3.9270551130,    3.8551406562,    3.9596761465,    0.9988006942,    0.9992242823,    0.9988085473,    0.9996681753,    0.9978006755,    0.9995369953,    0.9993403062,    0.9979524489,    0.9999818308,    0.9107190296,  
Time[fs],  42.580000,  46.787000,  42.623000,  43.779000,   0.000000,  25.284000,   0.000000,   0.000000,   0.000000,   0.000000,   0.000000,   0.000000,  25.062000,   0.000000,  
Charge Sum,   25.5823317530, 
X Velocity[A/fs],  -0.341467,  -0.231933,   0.220966,   0.323570,   0.000000,  -0.782518,   0.000000,   0.000000,   0.000000,   0.000000,   0.000000,   0.000000,   0.737021,   0.000000,  
Y Velocity[A/fs],  -0.279288,   0.275914,   0.332512,  -0.298772,   0.000000,  -0.090622,   0.000000,   0.000000,   0.000000,   0.000000,   0.000000,   0.000000,  -0.062156,   0.000000, 
Z Velocity[A/fs],   0.135877,  -0.297934,   0.249038,  -0.056312,   0.000000,   0.860520,   0.000000,   0.000000,   0.000000,   0.000000,   0.000000,   0.000000,  -0.869985,   0.000000,  
Speed[A/fs],   0.461588,   0.467639,   0.470543,   0.443997,   0.000000,   1.166636,   0.000000,   0.000000,   0.000000,   0.000000,   0.000000,   0.000000,   1.141900,   0.000000,  
 
C4H10_28r36,   C[0],   C[1],   C[2],   C[3],   H[4],   H[5],   H[6],   H[7],   H[8],   H[9],   H[10],   H[11],   H[12],   H[13],  
Charges,    3.9036817476,    3.9250563905,    3.8962439895,    3.9637877829,    0.9988710278,    0.9996838724,    0.9989125864,    0.9995869658,    0.9997967405,    0.9999074621,    0.9990042028,    0.9997762299,    0.9999719320,    0.8848402649,  
Time[fs],  42.703000,  43.552000,  44.069000,  42.975000,   0.000000,  25.284000,   0.000000,   0.000000,   0.000000,   0.000000,   0.000000,   0.000000,  25.062000,   0.000000,  
Charge Sum,   25.5691211951, 
X Velocity[A/fs],  -0.337810,  -0.242196,   0.210114,   0.333173,   0.000000,  -0.782518,   0.000000,   0.000000,   0.000000,   0.000000,   0.000000,   0.000000,   0.737021,   0.000000,  
Y Velocity[A/fs],  -0.306201,   0.319503,   0.313887,  -0.296789,   0.000000,  -0.090622,   0.000000,   0.000000,   0.000000,   0.000000,   0.000000,   0.000000,  -0.062156,   0.000000, 
Z Velocity[A/fs],   0.040941,  -0.268438,   0.258848,  -0.047906,   0.000000,   0.860520,   0.000000,   0.000000,   0.000000,   0.000000,   0.000000,   0.000000,  -0.869985,   0.000000,  
Speed[A/fs],   0.457768,   0.482493,   0.457903,   0.448757,   0.000000,   1.166636,   0.000000,   0.000000,   0.000000,   0.000000,   0.000000,   0.000000,   1.141900,   0.000000,  
 
C4H10_28r27,   C[0],   C[1],   C[2],   C[3],   H[4],   H[5],   H[6],   H[7],   H[8],   H[9],   H[10],   H[11],   H[12],   H[13],  
Charges,    3.9194015414,    3.9154233485,    3.8416313678,    3.9576911740,    0.9995262600,    0.9995313581,    0.9988229086,    0.9995343825,    0.9985228943,    0.9999118162,    0.9993418984,    0.9976007487,    0.9999723940,    0.8924173713,  
Time[fs],  41.552000,  45.134000,  46.041000,  41.741000,   0.000000,  25.284000,   0.000000,   0.000000,   0.000000,   0.000000,   0.000000,   0.000000,  25.062000,   0.000000,  
Charge Sum,   25.5193294638, 
X Velocity[A/fs],  -0.354901,  -0.217315,   0.191779,   0.348109,   0.000000,  -0.782518,   0.000000,   0.000000,   0.000000,   0.000000,   0.000000,   0.000000,   0.737021,   0.000000,  
Y Velocity[A/fs],  -0.296249,   0.301297,   0.291473,  -0.284352,   0.000000,  -0.090622,   0.000000,   0.000000,   0.000000,   0.000000,   0.000000,   0.000000,  -0.062156,   0.000000, 
Z Velocity[A/fs],   0.042818,  -0.280618,   0.289605,  -0.056863,   0.000000,   0.860520,   0.000000,   0.000000,   0.000000,   0.000000,   0.000000,   0.000000,  -0.869985,   0.000000,  
Speed[A/fs],   0.464275,   0.465566,   0.453439,   0.453067,   0.000000,   1.166636,   0.000000,   0.000000,   0.000000,   0.000000,   0.000000,   0.000000,   1.141900,   0.000000,  
 
C4H10_28r47,   C[0],   C[1],   C[2],   C[3],   H[4],   H[5],   H[6],   H[7],   H[8],   H[9],   H[10],   H[11],   H[12],   H[13],  
Charges,    3.9333371222,    3.9082815796,    3.8365131170,    3.9502111077,    0.9988443376,    0.9995577971,    0.9987465692,    0.9996477020,    0.9975145312,    0.9999148874,    0.9993698128,    0.9973545659,    0.9993256747,    0.9826193284,  
Time[fs],  42.648000,  44.265000,  44.867000,  42.352000,   0.000000,  25.284000,   0.000000,   0.000000,   0.000000,   0.000000,   0.000000,   0.000000,  25.342000,   0.000000,  
Charge Sum,   25.6012381330, 
X Velocity[A/fs],  -0.341051,  -0.240017,   0.192706,   0.341880,   0.000000,  -0.782518,   0.000000,   0.000000,   0.000000,   0.000000,   0.000000,   0.000000,   0.755531,   0.000000,  
Y Velocity[A/fs],  -0.311737,   0.310403,   0.305053,  -0.289244,   0.000000,  -0.090622,   0.000000,   0.000000,   0.000000,   0.000000,   0.000000,   0.000000,  -0.128240,   0.000000, 
Z Velocity[A/fs],   0.049205,  -0.266827,   0.269462,  -0.049920,   0.000000,   0.860520,   0.000000,   0.000000,   0.000000,   0.000000,   0.000000,   0.000000,  -0.860973,   0.000000,  
Speed[A/fs],   0.464669,   0.474505,   0.450336,   0.450595,   0.000000,   1.166636,   0.000000,   0.000000,   0.000000,   0.000000,   0.000000,   0.000000,   1.152627,   0.000000,  
 
C4H10_28r3,   C[0],   C[1],   C[2],   C[3],   H[4],   H[5],   H[6],   H[7],   H[8],   H[9],   H[10],   H[11],   H[12],   H[13],  
Charges,    3.8943175375,    3.9051491693,    3.8800511211,    3.9486823268,    0.9986006096,    0.9995922909,    0.9986303879,    0.9995046480,    0.9997021263,    0.9999088493,    0.9992312474,    0.9971026820,    0.9999677652,    0.9824066311,  
Time[fs],  42.318000,  45.368000,  44.039000,  42.606000,   0.000000,  25.284000,   0.000000,   0.000000,   0.000000,   0.000000,   0.000000,   0.000000,  25.342000,   0.000000,  
Charge Sum,   25.6028473925, 
X Velocity[A/fs],  -0.345162,  -0.227043,   0.209704,   0.339900,   0.000000,  -0.782518,   0.000000,   0.000000,   0.000000,   0.000000,   0.000000,   0.000000,   0.755531,   0.000000,  
Y Velocity[A/fs],  -0.294857,   0.300800,   0.315806,  -0.291587,   0.000000,  -0.090622,   0.000000,   0.000000,   0.000000,   0.000000,   0.000000,   0.000000,  -0.128240,   0.000000, 
Z Velocity[A/fs],   0.044387,  -0.282645,   0.253711,  -0.050392,   0.000000,   0.860520,   0.000000,   0.000000,   0.000000,   0.000000,   0.000000,   0.000000,  -0.860973,   0.000000,  
Speed[A/fs],   0.456123,   0.471081,   0.456156,   0.450660,   0.000000,   1.166636,   0.000000,   0.000000,   0.000000,   0.000000,   0.000000,   0.000000,   1.152627,   0.000000,  
 
C4H10_28r9,   C[0],   C[1],   C[2],   C[3],   H[4],   H[5],   H[6],   H[7],   H[8],   H[9],   H[10],   H[11],   H[12],   H[13],  
Charges,    3.8965017274,    3.8951451629,    3.8730760515,    3.9567305595,    0.9994278938,    0.9999948291,    0.9828305785,    0.9994879331,    0.9974141985,    0.9993729090,    0.9987929229,    0.9998895602,    0.9973911685,    0.8434071690,  
Time[fs],  40.997000,  45.072000,  45.688000,  43.352000,   0.000000,  25.096000,   0.000000,   0.000000,   0.000000,   0.000000,   0.000000,   0.000000,  25.342000,   0.000000,  
Charge Sum,   25.4394626639, 
X Velocity[A/fs],  -0.365150,  -0.235840,   0.231275,   0.328104,   0.000000,  -0.760696,   0.000000,   0.000000,   0.000000,   0.000000,   0.000000,   0.000000,   0.755531,   0.000000,  
Y Velocity[A/fs],  -0.273123,   0.305886,   0.253531,  -0.254079,   0.000000,  -0.072257,   0.000000,   0.000000,   0.000000,   0.000000,   0.000000,   0.000000,  -0.128240,   0.000000, 
Z Velocity[A/fs],   0.091169,  -0.251660,   0.310748,  -0.167427,   0.000000,   0.862086,   0.000000,   0.000000,   0.000000,   0.000000,   0.000000,   0.000000,  -0.860973,   0.000000,  
Speed[A/fs],   0.465018,   0.460999,   0.462958,   0.447482,   0.000000,   1.151986,   0.000000,   0.000000,   0.000000,   0.000000,   0.000000,   0.000000,   1.152627,   0.000000,  
 
C4H10_28r23,   C[0],   C[1],   C[2],   C[3],   H[4],   H[5],   H[6],   H[7],   H[8],   H[9],   H[10],   H[11],   H[12],   H[13],  
Charges,    3.9501143247,    3.9036876410,    3.8284988850,    3.9463461824,    0.9988087309,    0.9993907831,    0.9983054876,    0.9995792087,    0.9983621627,    0.9993519352,    0.9990578457,    0.9986367760,    0.9999732932,    0.9870412461,  
Time[fs],  42.050000,  44.071000,  45.338000,  41.411000,   0.000000,  25.096000,   0.000000,   0.000000,   0.000000,   0.000000,   0.000000,   0.000000,  25.342000,   0.000000,  
Charge Sum,   25.6071545024, 
X Velocity[A/fs],  -0.349343,  -0.241152,   0.195946,   0.353210,   0.000000,  -0.760696,   0.000000,   0.000000,   0.000000,   0.000000,   0.000000,   0.000000,   0.755531,   0.000000,  
Y Velocity[A/fs],  -0.294518,   0.313420,   0.300617,  -0.288193,   0.000000,  -0.072257,   0.000000,   0.000000,   0.000000,   0.000000,   0.000000,   0.000000,  -0.128240,   0.000000, 
Z Velocity[A/fs],   0.039838,  -0.274147,   0.263508,  -0.036816,   0.000000,   0.862086,   0.000000,   0.000000,   0.000000,   0.000000,   0.000000,   0.000000,  -0.860973,   0.000000,  
Speed[A/fs],   0.458660,   0.481189,   0.445199,   0.457348,   0.000000,   1.151986,   0.000000,   0.000000,   0.000000,   0.000000,   0.000000,   0.000000,   1.152627,   0.000000,  
 
C4H10_28r13,   C[0],   C[1],   C[2],   C[3],   H[4],   H[5],   H[6],   H[7],   H[8],   H[9],   H[10],   H[11],   H[12],   H[13],  
Charges,    3.9157504886,    3.9133595526,    3.8640480787,    3.9637964107,    0.9997343333,    0.9991413836,    0.9989394826,    0.9996914202,    0.9997774487,    0.9982457552,    0.9991413572,    0.9986050017,    0.9999698113,    0.9830425773,  
Time[fs],  42.604000,  43.052000,  45.363000,  43.554000,   0.000000,  25.096000,   0.000000,   0.000000,   0.000000,   0.000000,   0.000000,   0.000000,  25.342000,   0.000000,  
Charge Sum,   25.6332431017, 
X Velocity[A/fs],  -0.340895,  -0.236350,   0.221968,   0.322811,   0.000000,  -0.760696,   0.000000,   0.000000,   0.000000,   0.000000,   0.000000,   0.000000,   0.755531,   0.000000,  
Y Velocity[A/fs],  -0.294408,   0.328290,   0.245352,  -0.269644,   0.000000,  -0.072257,   0.000000,   0.000000,   0.000000,   0.000000,   0.000000,   0.000000,  -0.128240,   0.000000, 
Z Velocity[A/fs],   0.046413,  -0.245892,   0.313716,  -0.169261,   0.000000,   0.862086,   0.000000,   0.000000,   0.000000,   0.000000,   0.000000,   0.000000,  -0.860973,   0.000000,  
Speed[A/fs],   0.452813,   0.473391,   0.455944,   0.453392,   0.000000,   1.151986,   0.000000,   0.000000,   0.000000,   0.000000,   0.000000,   0.000000,   1.152627,   0.000000,  
 
C4H10_28r32,   C[0],   C[1],   C[2],   C[3],   H[4],   H[5],   H[6],   H[7],   H[8],   H[9],   H[10],   H[11],   H[12],   H[13],  
Charges,    3.9331110120,    3.9227778316,    3.8041538894,    3.9551539645,    0.9990296555,    0.9994970431,    0.9983644589,    0.9996323128,    0.9983465553,    0.9994932407,    0.9991427526,    0.9982114307,    0.9993213280,    0.9029694870,  
Time[fs],  42.838000,  43.591000,  45.012000,  42.159000,   0.000000,  25.096000,   0.000000,   0.000000,   0.000000,   0.000000,   0.000000,   0.000000,  25.210000,   0.000000,  
Charge Sum,   25.5092049620, 
X Velocity[A/fs],  -0.338944,  -0.246214,   0.192419,   0.342929,   0.000000,  -0.760696,   0.000000,   0.000000,   0.000000,   0.000000,   0.000000,   0.000000,   0.657297,   0.000000,  
Y Velocity[A/fs],  -0.302877,   0.318185,   0.302674,  -0.285113,   0.000000,  -0.072257,   0.000000,   0.000000,   0.000000,   0.000000,   0.000000,   0.000000,  -0.256867,   0.000000, 
Z Velocity[A/fs],   0.039650,  -0.268044,   0.267214,  -0.039806,   0.000000,   0.862086,   0.000000,   0.000000,   0.000000,   0.000000,   0.000000,   0.000000,  -0.868480,   0.000000,  
Speed[A/fs],   0.456278,   0.483437,   0.447259,   0.447743,   0.000000,   1.151986,   0.000000,   0.000000,   0.000000,   0.000000,   0.000000,   0.000000,   1.119052,   0.000000,  
 
C4H10_28r35,   C[0],   C[1],   C[2],   C[3],   H[4],   H[5],   H[6],   H[7],   H[8],   H[9],   H[10],   H[11],   H[12],   H[13],  
Charges,    3.9323457628,    3.9174925238,    3.8109180480,    3.9553583078,    0.9997094726,    0.9991128570,    0.9985223206,    0.9995130831,    0.9984932005,    0.9999699510,    0.9991547889,    0.9987738606,    0.9994394968,    0.9998997441,  
Time[fs],  42.316000,  46.084000,  44.798000,  43.752000,   0.000000,  25.096000,   0.000000,   0.000000,   0.000000,   0.000000,   0.000000,   0.000000,  25.140000,   0.000000,  
Charge Sum,   25.6087034177, 
X Velocity[A/fs],  -0.344447,  -0.252221,   0.215752,   0.320269,   0.000000,  -0.760696,   0.000000,   0.000000,   0.000000,   0.000000,   0.000000,   0.000000,   0.746245,   0.000000,  
Y Velocity[A/fs],  -0.265880,   0.285457,   0.302875,  -0.272112,   0.000000,  -0.072257,   0.000000,   0.000000,   0.000000,   0.000000,   0.000000,   0.000000,  -0.077866,   0.000000, 
Z Velocity[A/fs],   0.138477,  -0.301251,   0.273438,  -0.112020,   0.000000,   0.862086,   0.000000,   0.000000,   0.000000,   0.000000,   0.000000,   0.000000,  -0.857496,   0.000000,  
Speed[A/fs],   0.456631,   0.485647,   0.461574,   0.434932,   0.000000,   1.151986,   0.000000,   0.000000,   0.000000,   0.000000,   0.000000,   0.000000,   1.139405,   0.000000,  
 
C4H10_28r43,   C[0],   C[1],   C[2],   C[3],   H[4],   H[5],   H[6],   H[7],   H[8],   H[9],   H[10],   H[11],   H[12],   H[13],  
Charges,    3.9116724133,    3.9221866876,    3.8177647591,    3.9687527735,    0.9988639198,    0.9992761458,    0.9983837532,    0.9995654339,    0.9977958158,    0.9999740055,    0.9989761757,    0.9982480729,    0.9999742946,    0.8993075788,  
Time[fs],  41.986000,  44.809000,  44.513000,  42.007000,   0.000000,  25.096000,   0.000000,   0.000000,   0.000000,   0.000000,   0.000000,   0.000000,  25.140000,   0.000000,  
Charge Sum,   25.5107418294, 
X Velocity[A/fs],  -0.352511,  -0.235673,   0.189977,   0.344077,   0.000000,  -0.760696,   0.000000,   0.000000,   0.000000,   0.000000,   0.000000,   0.000000,   0.746245,   0.000000,  
Y Velocity[A/fs],  -0.261550,   0.263972,   0.309246,  -0.282373,   0.000000,  -0.072257,   0.000000,   0.000000,   0.000000,   0.000000,   0.000000,   0.000000,  -0.077866,   0.000000, 
Z Velocity[A/fs],   0.141702,  -0.318847,   0.273633,  -0.047285,   0.000000,   0.862086,   0.000000,   0.000000,   0.000000,   0.000000,   0.000000,   0.000000,  -0.857496,   0.000000,  
Speed[A/fs],   0.461250,   0.476326,   0.454532,   0.447615,   0.000000,   1.151986,   0.000000,   0.000000,   0.000000,   0.000000,   0.000000,   0.000000,   1.139405,   0.000000,  
 
C4H10_28r17,   C[0],   C[1],   C[2],   C[3],   H[4],   H[5],   H[6],   H[7],   H[8],   H[9],   H[10],   H[11],   H[12],   H[13],  
Charges,    3.9085672274,    3.9073486328,    3.8488064706,    3.9438709430,    0.9989147326,    0.9992784985,    0.9992141725,    0.9996179416,    0.9982139675,    0.9999707100,    0.9989257127,    0.9998200286,    0.9993050597,    0.8711653352,  
Time[fs],  41.550000,  44.410000,  44.459000,  42.792000,   0.000000,  25.096000,   0.000000,   0.000000,   0.000000,   0.000000,   0.000000,   0.000000,  25.140000,   0.000000,  
Charge Sum,   25.4730194328, 
X Velocity[A/fs],  -0.359853,  -0.234645,   0.206932,   0.335802,   0.000000,  -0.760696,   0.000000,   0.000000,   0.000000,   0.000000,   0.000000,   0.000000,   0.746245,   0.000000,  
Y Velocity[A/fs],  -0.292012,   0.311253,   0.310325,  -0.288415,   0.000000,  -0.072257,   0.000000,   0.000000,   0.000000,   0.000000,   0.000000,   0.000000,  -0.077866,   0.000000, 
Z Velocity[A/fs],   0.036216,  -0.260742,   0.268183,  -0.046871,   0.000000,   0.862086,   0.000000,   0.000000,   0.000000,   0.000000,   0.000000,   0.000000,  -0.857496,   0.000000,  
Speed[A/fs],   0.464841,   0.468960,   0.459396,   0.445133,   0.000000,   1.151986,   0.000000,   0.000000,   0.000000,   0.000000,   0.000000,   0.000000,   1.139405,   0.000000,  
 
C4H10_28r49,   C[0],   C[1],   C[2],   C[3],   H[4],   H[5],   H[6],   H[7],   H[8],   H[9],   H[10],   H[11],   H[12],   H[13],  
Charges,    3.9085140899,    3.9142917991,    3.8499044478,    3.9556756802,    0.9984621597,    0.9995009118,    0.9987444326,    0.9995566454,    0.9980462706,    0.9999068692,    0.9990569633,    0.9979673550,    0.9994204368,    0.8721197098,  
Time[fs],  41.715000,  44.605000,  46.483000,  43.546000,   0.000000,  25.096000,   0.000000,   0.000000,   0.000000,   0.000000,   0.000000,   0.000000,  25.140000,   0.000000,  
Charge Sum,   25.4911677710, 
X Velocity[A/fs],  -0.354730,  -0.236216,   0.230367,   0.324122,   0.000000,  -0.760696,   0.000000,   0.000000,   0.000000,   0.000000,   0.000000,   0.000000,   0.746245,   0.000000,  
Y Velocity[A/fs],  -0.280723,   0.311277,   0.283542,  -0.279142,   0.000000,  -0.072257,   0.000000,   0.000000,   0.000000,   0.000000,   0.000000,   0.000000,  -0.077866,   0.000000, 
Z Velocity[A/fs],   0.075584,  -0.262875,   0.295380,  -0.119698,   0.000000,   0.862086,   0.000000,   0.000000,   0.000000,   0.000000,   0.000000,   0.000000,  -0.857496,   0.000000,  
Speed[A/fs],   0.458641,   0.470951,   0.469803,   0.444188,   0.000000,   1.151986,   0.000000,   0.000000,   0.000000,   0.000000,   0.000000,   0.000000,   1.139405,   0.000000,  
 
C4H10_28r42,   C[0],   C[1],   C[2],   C[3],   H[4],   H[5],   H[6],   H[7],   H[8],   H[9],   H[10],   H[11],   H[12],   H[13],  
Charges,    3.9181299806,    3.9072605669,    3.8571921140,    3.9536051452,    0.9989765629,    0.9994802407,    0.9987641801,    0.9995372740,    0.9987228762,    0.9994383400,    0.9991034830,    0.9983470743,    0.9999730730,    0.8717638105,  
Time[fs],  41.467000,  45.594000,  44.765000,  43.451000,   0.000000,  25.096000,   0.000000,   0.000000,   0.000000,   0.000000,   0.000000,   0.000000,  25.140000,   0.000000,  
Charge Sum,   25.5002947213, 
X Velocity[A/fs],  -0.359365,  -0.220301,   0.200641,   0.327348,   0.000000,  -0.760696,   0.000000,   0.000000,   0.000000,   0.000000,   0.000000,   0.000000,   0.746245,   0.000000,  
Y Velocity[A/fs],  -0.292537,   0.297337,   0.305283,  -0.291944,   0.000000,  -0.072257,   0.000000,   0.000000,   0.000000,   0.000000,   0.000000,   0.000000,  -0.077866,   0.000000, 
Z Velocity[A/fs],   0.066592,  -0.276334,   0.288737,  -0.052336,   0.000000,   0.862086,   0.000000,   0.000000,   0.000000,   0.000000,   0.000000,   0.000000,  -0.857496,   0.000000,  
Speed[A/fs],   0.468141,   0.461847,   0.465643,   0.441732,   0.000000,   1.151986,   0.000000,   0.000000,   0.000000,   0.000000,   0.000000,   0.000000,   1.139405,   0.000000,  
 
C4H10_28r10,   C[0],   C[1],   C[2],   C[3],   H[4],   H[5],   H[6],   H[7],   H[8],   H[9],   H[10],   H[11],   H[12],   H[13],  
Charges,    3.9408820681,    3.9201807305,    3.8125789016,    3.9496560320,    0.9997033954,    0.9984043966,    0.9986533716,    0.9996921225,    0.9982009225,    0.9983013101,    0.9992958303,    0.9986396588,    0.9999748194,    0.8698328733,  
Time[fs],  43.836000,  44.910000,  45.597000,  42.784000,   0.000000,  25.096000,   0.000000,   0.000000,   0.000000,   0.000000,   0.000000,   0.000000,  25.140000,   0.000000,  
Charge Sum,   25.4839964328, 
X Velocity[A/fs],  -0.327454,  -0.240558,   0.208478,   0.335319,   0.000000,  -0.760696,   0.000000,   0.000000,   0.000000,   0.000000,   0.000000,   0.000000,   0.746245,   0.000000,  
Y Velocity[A/fs],  -0.262959,   0.274535,   0.298643,  -0.288468,   0.000000,  -0.072257,   0.000000,   0.000000,   0.000000,   0.000000,   0.000000,   0.000000,  -0.077866,   0.000000, 
Z Velocity[A/fs],   0.149380,  -0.316189,   0.261062,  -0.092359,   0.000000,   0.862086,   0.000000,   0.000000,   0.000000,   0.000000,   0.000000,   0.000000,  -0.857496,   0.000000,  
Speed[A/fs],   0.445744,   0.482921,   0.448112,   0.451866,   0.000000,   1.151986,   0.000000,   0.000000,   0.000000,   0.000000,   0.000000,   0.000000,   1.139405,   0.000000,  
 
C4H10_28r12,   C[0],   C[1],   C[2],   C[3],   H[4],   H[5],   H[6],   H[7],   H[8],   H[9],   H[10],   H[11],   H[12],   H[13],  
Charges,    3.9284561500,    3.9327471107,    3.8818423599,    3.9407408945,    0.9996940716,    0.9995599918,    0.9989237790,    0.9997247602,    0.9980348132,    0.9995059836,    0.9991898758,    0.9980822374,    0.9994797142,    0.8958471045,  
Time[fs],  42.135000,  44.126000,  43.663000,  42.866000,   0.000000,  25.096000,   0.000000,   0.000000,   0.000000,   0.000000,   0.000000,   0.000000,  25.140000,   0.000000,  
Charge Sum,   25.5718288464, 
X Velocity[A/fs],  -0.346987,  -0.251526,   0.216264,   0.334876,   0.000000,  -0.760696,   0.000000,   0.000000,   0.000000,   0.000000,   0.000000,   0.000000,   0.746245,   0.000000,  
Y Velocity[A/fs],  -0.311029,   0.314086,   0.319408,  -0.293124,   0.000000,  -0.072257,   0.000000,   0.000000,   0.000000,   0.000000,   0.000000,   0.000000,  -0.077866,   0.000000, 
Z Velocity[A/fs],   0.045263,  -0.256855,   0.254765,  -0.040310,   0.000000,   0.862086,   0.000000,   0.000000,   0.000000,   0.000000,   0.000000,   0.000000,  -0.857496,   0.000000,  
Speed[A/fs],   0.468175,   0.477378,   0.462273,   0.446865,   0.000000,   1.151986,   0.000000,   0.000000,   0.000000,   0.000000,   0.000000,   0.000000,   1.139405,   0.000000,  
 
C4H10_28r1,   C[0],   C[1],   C[2],   C[3],   H[4],   H[5],   H[6],   H[7],   H[8],   H[9],   H[10],   H[11],   H[12],   H[13],  
Charges,    3.9345680326,    3.9281829000,    3.7969069779,    3.9301127717,    0.9995185555,    0.9993117931,    0.9986360412,    0.9995438371,    0.9974031798,    0.9993518792,    0.9989636679,    0.9998512693,    0.9994411450,    0.8791821748,  
Time[fs],  41.868000,  43.278000,  47.360000,  43.582000,   0.000000,  25.096000,   0.000000,   0.000000,   0.000000,   0.000000,   0.000000,   0.000000,  25.140000,   0.000000,  
Charge Sum,   25.4609742251, 
X Velocity[A/fs],  -0.350968,  -0.237608,   0.224333,   0.324900,   0.000000,  -0.760696,   0.000000,   0.000000,   0.000000,   0.000000,   0.000000,   0.000000,   0.746245,   0.000000,  
Y Velocity[A/fs],  -0.293138,   0.324857,   0.270063,  -0.278665,   0.000000,  -0.072257,   0.000000,   0.000000,   0.000000,   0.000000,   0.000000,   0.000000,  -0.077866,   0.000000, 
Z Velocity[A/fs],   0.060336,  -0.253133,   0.291294,  -0.119381,   0.000000,   0.862086,   0.000000,   0.000000,   0.000000,   0.000000,   0.000000,   0.000000,  -0.857496,   0.000000,  
Speed[A/fs],   0.461247,   0.475464,   0.456192,   0.444372,   0.000000,   1.151986,   0.000000,   0.000000,   0.000000,   0.000000,   0.000000,   0.000000,   1.139405,   0.000000,  
 
C4H10_28r34,   C[0],   C[1],   C[2],   C[3],   H[4],   H[5],   H[6],   H[7],   H[8],   H[9],   H[10],   H[11],   H[12],   H[13],  
Charges,    3.9121782482,    3.9169879779,    3.8193501979,    3.9587211534,    0.9996005881,    0.9995343871,    0.9988190226,    0.9996138384,    0.9997437300,    0.9991231228,    0.9991505920,    0.9977059371,    0.9999680232,    0.9828155097,  
Time[fs],  41.978000,  44.238000,  45.665000,  41.743000,   0.000000,  25.096000,   0.000000,   0.000000,   0.000000,   0.000000,   0.000000,   0.000000,  25.140000,   0.000000,  
Charge Sum,   25.5833123283, 
X Velocity[A/fs],  -0.350056,  -0.214407,   0.211811,   0.347647,   0.000000,  -0.760696,   0.000000,   0.000000,   0.000000,   0.000000,   0.000000,   0.000000,   0.746245,   0.000000,  
Y Velocity[A/fs],  -0.289673,   0.311795,   0.294156,  -0.288046,   0.000000,  -0.072257,   0.000000,   0.000000,   0.000000,   0.000000,   0.000000,   0.000000,  -0.077866,   0.000000, 
Z Velocity[A/fs],   0.035572,  -0.275693,   0.277727,  -0.055668,   0.000000,   0.862086,   0.000000,   0.000000,   0.000000,   0.000000,   0.000000,   0.000000,  -0.857496,   0.000000,  
Speed[A/fs],   0.455757,   0.468181,   0.456644,   0.454894,   0.000000,   1.151986,   0.000000,   0.000000,   0.000000,   0.000000,   0.000000,   0.000000,   1.139405,   0.000000,  
 
C4H10_28r30,   C[0],   C[1],   C[2],   C[3],   H[4],   H[5],   H[6],   H[7],   H[8],   H[9],   H[10],   H[11],   H[12],   H[13],  
Charges,    3.9477739707,    3.9049322084,    3.8789169863,    3.9628658071,    0.9996107601,    0.9995603964,    0.9985003733,    0.9995921597,    0.9981081341,    0.9999740354,    0.9989060122,    0.9998390516,    0.9999787422,    0.9065856114,  
Time[fs],  41.950000,  44.331000,  44.547000,  42.264000,   0.000000,  25.096000,   0.000000,   0.000000,   0.000000,   0.000000,   0.000000,   0.000000,  25.140000,   0.000000,  
Charge Sum,   25.5951442489, 
X Velocity[A/fs],  -0.350826,  -0.249799,   0.195349,   0.340177,   0.000000,  -0.760696,   0.000000,   0.000000,   0.000000,   0.000000,   0.000000,   0.000000,   0.746245,   0.000000,  
Y Velocity[A/fs],  -0.308019,   0.309075,   0.307273,  -0.282532,   0.000000,  -0.072257,   0.000000,   0.000000,   0.000000,   0.000000,   0.000000,   0.000000,  -0.077866,   0.000000, 
Z Velocity[A/fs],   0.040762,  -0.268918,   0.265699,  -0.039946,   0.000000,   0.862086,   0.000000,   0.000000,   0.000000,   0.000000,   0.000000,   0.000000,  -0.857496,   0.000000,  
Speed[A/fs],   0.468633,   0.479837,   0.450748,   0.444005,   0.000000,   1.151986,   0.000000,   0.000000,   0.000000,   0.000000,   0.000000,   0.000000,   1.139405,   0.000000,  
 
C4H10_28r24,   C[0],   C[1],   C[2],   C[3],   H[4],   H[5],   H[6],   H[7],   H[8],   H[9],   H[10],   H[11],   H[12],   H[13],  
Charges,    3.8970864341,    3.9410835281,    3.8647301793,    3.9416361526,    0.9990836533,    0.9992328109,    0.9987092024,    0.9995619569,    0.9981904209,    0.9999231768,    0.9990060740,    0.9998890971,    0.9995377199,    0.8860429004,  
Time[fs],  42.462000,  44.480000,  46.304000,  43.220000,   0.000000,  25.096000,   0.000000,   0.000000,   0.000000,   0.000000,   0.000000,   0.000000,  25.140000,   0.000000,  
Charge Sum,   25.5237133067, 
X Velocity[A/fs],  -0.344252,  -0.251038,   0.216675,   0.330142,   0.000000,  -0.760696,   0.000000,   0.000000,   0.000000,   0.000000,   0.000000,   0.000000,   0.746245,   0.000000,  
Y Velocity[A/fs],  -0.294205,   0.308776,   0.289432,  -0.279726,   0.000000,  -0.072257,   0.000000,   0.000000,   0.000000,   0.000000,   0.000000,   0.000000,  -0.077866,   0.000000, 
Z Velocity[A/fs],   0.078842,  -0.275014,   0.278759,  -0.099929,   0.000000,   0.862086,   0.000000,   0.000000,   0.000000,   0.000000,   0.000000,   0.000000,  -0.857496,   0.000000,  
Speed[A/fs],   0.459654,   0.483730,   0.456537,   0.444102,   0.000000,   1.151986,   0.000000,   0.000000,   0.000000,   0.000000,   0.000000,   0.000000,   1.139405,   0.000000,  
 
C4H10_28r48,   C[0],   C[1],   C[2],   C[3],   H[4],   H[5],   H[6],   H[7],   H[8],   H[9],   H[10],   H[11],   H[12],   H[13],  
Charges,    3.9191467836,    3.9027650580,    3.8443429917,    3.9567294493,    0.9989962726,    0.9999846441,    0.9987460673,    0.9996738218,    0.9981178209,    0.9999084327,    0.9994119633,    0.9986754888,    0.9999729749,    0.8583898842,  
Time[fs],  42.693000,  43.802000,  46.315000,  42.435000,   0.000000,  25.082000,   0.000000,   0.000000,   0.000000,   0.000000,   0.000000,   0.000000,  25.140000,   0.000000,  
Charge Sum,   25.4748616533, 
X Velocity[A/fs],  -0.342264,  -0.219749,   0.209057,   0.339798,   0.000000,  -0.666622,   0.000000,   0.000000,   0.000000,   0.000000,   0.000000,   0.000000,   0.746245,   0.000000,  
Y Velocity[A/fs],  -0.293931,   0.317708,   0.288498,  -0.296427,   0.000000,  -0.333399,   0.000000,   0.000000,   0.000000,   0.000000,   0.000000,   0.000000,  -0.077866,   0.000000, 
Z Velocity[A/fs],   0.036040,  -0.263958,   0.290425,  -0.050256,   0.000000,   0.888439,   0.000000,   0.000000,   0.000000,   0.000000,   0.000000,   0.000000,  -0.857496,   0.000000,  
Speed[A/fs],   0.452591,   0.467870,   0.459654,   0.453715,   0.000000,   1.159683,   0.000000,   0.000000,   0.000000,   0.000000,   0.000000,   0.000000,   1.139405,   0.000000,  
 
C4H10_28r4,   C[0],   C[1],   C[2],   C[3],   H[4],   H[5],   H[6],   H[7],   H[8],   H[9],   H[10],   H[11],   H[12],   H[13],  
Charges,    3.9338993356,    3.8806342185,    3.9036933035,    3.9263352677,    0.9995873429,    0.9995864859,    0.9986232880,    0.9996047726,    0.9971260324,    0.9999304799,    0.9991068072,    0.9996673324,    0.9994244375,    0.8464672267,  
Time[fs],  41.637000,  45.330000,  44.274000,  43.645000,   0.000000,  25.082000,   0.000000,   0.000000,   0.000000,   0.000000,   0.000000,   0.000000,  25.140000,   0.000000,  
Charge Sum,   25.4836863307, 
X Velocity[A/fs],  -0.357631,  -0.223524,   0.221509,   0.325271,   0.000000,  -0.666622,   0.000000,   0.000000,   0.000000,   0.000000,   0.000000,   0.000000,   0.746245,   0.000000,  
Y Velocity[A/fs],  -0.293016,   0.301986,   0.314184,  -0.311623,   0.000000,  -0.333399,   0.000000,   0.000000,   0.000000,   0.000000,   0.000000,   0.000000,  -0.077866,   0.000000, 
Z Velocity[A/fs],   0.055589,  -0.277723,   0.251928,  -0.041771,   0.000000,   0.888439,   0.000000,   0.000000,   0.000000,   0.000000,   0.000000,   0.000000,  -0.857496,   0.000000,  
Speed[A/fs],   0.465670,   0.467214,   0.459614,   0.452388,   0.000000,   1.159683,   0.000000,   0.000000,   0.000000,   0.000000,   0.000000,   0.000000,   1.139405,   0.000000,  
 
C4H10_28r21,   C[0],   C[1],   C[2],   C[3],   H[4],   H[5],   H[6],   H[7],   H[8],   H[9],   H[10],   H[11],   H[12],   H[13],  
Charges,    3.8894263804,    3.9289818406,    3.8590881974,    3.9315932542,    0.9993627865,    0.9993579749,    0.9983892607,    0.9994787309,    0.9976839893,    0.9999088396,    0.9991349424,    0.9969952039,    0.9993000103,    0.8714701980,  
Time[fs],  41.918000,  45.314000,  45.014000,  42.814000,   0.000000,  25.082000,   0.000000,   0.000000,   0.000000,   0.000000,   0.000000,   0.000000,  25.109000,   0.000000,  
Charge Sum,   25.4701716092, 
X Velocity[A/fs],  -0.352776,  -0.251525,   0.209752,   0.333223,   0.000000,  -0.666622,   0.000000,   0.000000,   0.000000,   0.000000,   0.000000,   0.000000,   0.688409,   0.000000,  
Y Velocity[A/fs],  -0.292631,   0.299731,   0.304457,  -0.298096,   0.000000,  -0.333399,   0.000000,   0.000000,   0.000000,   0.000000,   0.000000,   0.000000,  -0.167208,   0.000000, 
Z Velocity[A/fs],   0.073271,  -0.272517,   0.260308,  -0.049786,   0.000000,   0.888439,   0.000000,   0.000000,   0.000000,   0.000000,   0.000000,   0.000000,  -0.881965,   0.000000,  
Speed[A/fs],   0.464168,   0.476832,   0.452161,   0.449864,   0.000000,   1.159683,   0.000000,   0.000000,   0.000000,   0.000000,   0.000000,   0.000000,   1.131251,   0.000000,  
 
C4H10_28r15,   C[0],   C[1],   C[2],   C[3],   H[4],   H[5],   H[6],   H[7],   H[8],   H[9],   H[10],   H[11],   H[12],   H[13],  
Charges,    3.9541128203,    3.9438611865,    3.8373557031,    3.9551440403,    0.9995545825,    0.9987510565,    0.9984076141,    0.9996851644,    0.9985586090,    0.9999231239,    0.9992513894,    0.9985795462,    0.9999821649,    0.9184034616,  
Time[fs],  42.583000,  46.356000,  43.724000,  43.485000,   0.000000,  25.082000,   0.000000,   0.000000,   0.000000,   0.000000,   0.000000,   0.000000,  25.109000,   0.000000,  
Charge Sum,   25.6015704627, 
X Velocity[A/fs],  -0.342147,  -0.250858,   0.224309,   0.324870,   0.000000,  -0.666622,   0.000000,   0.000000,   0.000000,   0.000000,   0.000000,   0.000000,   0.688409,   0.000000,  
Y Velocity[A/fs],  -0.266488,   0.268969,   0.320906,  -0.307244,   0.000000,  -0.333399,   0.000000,   0.000000,   0.000000,   0.000000,   0.000000,   0.000000,  -0.167208,   0.000000, 
Z Velocity[A/fs],   0.157562,  -0.302225,   0.234017,  -0.059516,   0.000000,   0.888439,   0.000000,   0.000000,   0.000000,   0.000000,   0.000000,   0.000000,  -0.881965,   0.000000,  
Speed[A/fs],   0.461417,   0.476040,   0.456135,   0.451089,   0.000000,   1.159683,   0.000000,   0.000000,   0.000000,   0.000000,   0.000000,   0.000000,   1.131251,   0.000000,  
 
C4H10_28r40,   C[0],   C[1],   C[2],   C[3],   H[4],   H[5],   H[6],   H[7],   H[8],   H[9],   H[10],   H[11],   H[12],   H[13],  
Charges,    3.9295341149,    3.8950134665,    3.9001329020,    3.9468243793,    0.9985819322,    0.9993141644,    0.9986543736,    0.9995782445,    0.9979365536,    0.9992408117,    0.9992607630,    0.9980765425,    0.9999770522,    0.8359143436,  
Time[fs],  40.621000,  45.862000,  43.670000,  43.943000,   0.000000,  25.082000,   0.000000,   0.000000,   0.000000,   0.000000,   0.000000,   0.000000,  25.109000,   0.000000,  
Charge Sum,   25.4980396438, 
X Velocity[A/fs],  -0.372628,  -0.211372,   0.209377,   0.319624,   0.000000,  -0.666622,   0.000000,   0.000000,   0.000000,   0.000000,   0.000000,   0.000000,   0.688409,   0.000000,  
Y Velocity[A/fs],  -0.284871,   0.295019,   0.318325,  -0.305888,   0.000000,  -0.333399,   0.000000,   0.000000,   0.000000,   0.000000,   0.000000,   0.000000,  -0.167208,   0.000000, 
Z Velocity[A/fs],   0.055287,  -0.283496,   0.280011,  -0.032648,   0.000000,   0.888439,   0.000000,   0.000000,   0.000000,   0.000000,   0.000000,   0.000000,  -0.881965,   0.000000,  
Speed[A/fs],   0.472292,   0.460526,   0.472838,   0.443613,   0.000000,   1.159683,   0.000000,   0.000000,   0.000000,   0.000000,   0.000000,   0.000000,   1.131251,   0.000000,  
 
C4H10_28r25,   C[0],   C[1],   C[2],   C[3],   H[4],   H[5],   H[6],   H[7],   H[8],   H[9],   H[10],   H[11],   H[12],   H[13],  
Charges,    3.9380134530,    3.8560274690,    3.7944064885,    3.9187521264,    0.9987542250,    0.9999844744,    0.9983681234,    0.9995026135,    0.9982284111,    0.9999187380,    0.9989733043,    0.9979654660,    0.9999707541,    0.8382603675,  
Time[fs],  41.866000,  45.066000,  46.126000,  42.709000,   0.000000,  25.025000,   0.000000,   0.000000,   0.000000,   0.000000,   0.000000,   0.000000,  25.109000,   0.000000,  
Charge Sum,   25.3371260143, 
X Velocity[A/fs],  -0.351833,  -0.222490,   0.201379,   0.335029,   0.000000,  -0.591895,   0.000000,   0.000000,   0.000000,   0.000000,   0.000000,   0.000000,   0.688409,   0.000000,  
Y Velocity[A/fs],  -0.293520,   0.303122,   0.291203,  -0.294476,   0.000000,  -0.421363,   0.000000,   0.000000,   0.000000,   0.000000,   0.000000,   0.000000,  -0.167208,   0.000000, 
Z Velocity[A/fs],   0.059064,  -0.268779,   0.282798,  -0.048621,   0.000000,   0.890247,   0.000000,   0.000000,   0.000000,   0.000000,   0.000000,   0.000000,  -0.881965,   0.000000,  
Speed[A/fs],   0.461984,   0.462198,   0.453130,   0.448692,   0.000000,   1.149098,   0.000000,   0.000000,   0.000000,   0.000000,   0.000000,   0.000000,   1.131251,   0.000000,  
 
C4H10_28r14,   C[0],   C[1],   C[2],   C[3],   H[4],   H[5],   H[6],   H[7],   H[8],   H[9],   H[10],   H[11],   H[12],   H[13],  
Charges,    3.9059521407,    3.9145312160,    3.8766456842,    3.9776428360,    0.9984984527,    0.9993945899,    0.9986862371,    0.9996354088,    0.9988898004,    0.9999120487,    0.9990904509,    0.9977970147,    0.9999695975,    0.8417016864,  
Time[fs],  42.641000,  45.235000,  45.265000,  42.222000,   0.000000,  25.025000,   0.000000,   0.000000,   0.000000,   0.000000,   0.000000,   0.000000,  25.109000,   0.000000,  
Charge Sum,   25.5083471641, 
X Velocity[A/fs],  -0.341690,  -0.237908,   0.204245,   0.341685,   0.000000,  -0.591895,   0.000000,   0.000000,   0.000000,   0.000000,   0.000000,   0.000000,   0.688409,   0.000000,  
Y Velocity[A/fs],  -0.305597,   0.302351,   0.299402,  -0.296853,   0.000000,  -0.421363,   0.000000,   0.000000,   0.000000,   0.000000,   0.000000,   0.000000,  -0.167208,   0.000000, 
Z Velocity[A/fs],   0.045093,  -0.272363,   0.272367,  -0.045855,   0.000000,   0.890247,   0.000000,   0.000000,   0.000000,   0.000000,   0.000000,   0.000000,  -0.881965,   0.000000,  
Speed[A/fs],   0.460625,   0.471379,   0.453367,   0.454942,   0.000000,   1.149098,   0.000000,   0.000000,   0.000000,   0.000000,   0.000000,   0.000000,   1.131251,   0.000000,  
 
