r_seed=1,   C[0],   C[1],   C[2],   C[3],   H[4],   H[5],   H[6],   H[7],   H[8],   H[9],   H[10],   H[11],   H[12],   H[13],  
Charges,    1.8938743073,    1.7594900340,    1.7606041218,    1.9721456847,    0.9989918211,    0.9978494772,    0.9702689945,    0.9992270806,    0.9979124209,    0.9987249802,    0.9979209150,    0.9974543072,    0.9988159531,    0.9983612662,  
Time[fs],  44.008000,  52.613000,  57.067000,  44.059000,   8.171000,   8.773000,   7.989000,   7.876000,   8.437000,   8.327000,   7.888000,   7.944000,   8.749000,   7.786000,  
Charge Sum,   17.3416413638, 
X Velocity[A/fs],  -0.190010,  -0.106674,   0.098179,   0.191270,  -0.143657,  -0.440018,  -0.993873,  -0.144443,  -0.552639,   0.536729,   0.153555,   0.160070,   0.490500,   1.013176,  
Y Velocity[A/fs],  -0.128011,   0.156755,   0.144371,  -0.131286,  -1.001025,  -0.223215,  -0.098125,   0.271655,   0.943033,   0.949744,   0.256799,  -1.018779,  -0.185857,  -0.079938, 
Z Velocity[A/fs],   0.044882,  -0.124881,   0.131864,  -0.053745,  -0.256652,   0.948293,  -0.301685,  -1.045746,   0.077968,  -0.114600,   1.045099,   0.252028,  -0.946548,   0.325939,  
Speed[A/fs],   0.233463,   0.227039,   0.218793,   0.238136,   1.043340,   1.068971,   1.043277,   1.090067,   1.095810,   1.096916,   1.087086,   1.061626,   1.082168,   1.067310,  
 
r_seed=2,   C[0],   C[1],   C[2],   C[3],   H[4],   H[5],   H[6],   H[7],   H[8],   H[9],   H[10],   H[11],   H[12],   H[13],  
Charges,    1.8938743073,    1.7594900340,    1.7606041218,    1.9721456847,    0.9989918211,    0.9978494772,    0.9702689945,    0.9992270806,    0.9979124209,    0.9987249802,    0.9979209150,    0.9974543072,    0.9988159531,    0.9983612662,  
Time[fs],  43.670000,  55.653000,  53.649000,  46.766000,   8.061000,   8.746000,   7.972000,   7.844000,   8.587000,   8.453000,   7.967000,   7.969000,   8.869000,   7.797000,  
Charge Sum,   17.3416413638, 
X Velocity[A/fs],  -0.193094,  -0.103251,   0.101070,   0.181069,  -0.135521,  -0.465404,  -1.000798,  -0.128312,  -0.564195,   0.546493,   0.168857,   0.188007,   0.508400,   1.015094,  
Y Velocity[A/fs],  -0.129052,   0.148612,   0.155418,  -0.147103,  -1.014844,  -0.226776,  -0.105635,   0.243242,   0.927496,   0.941605,   0.258363,  -1.023260,  -0.212760,  -0.073338, 
Z Velocity[A/fs],   0.038969,  -0.132659,   0.121242,  -0.031339,  -0.215015,   0.944463,  -0.262212,  -1.052012,   0.125230,  -0.122320,   1.040520,   0.243092,  -0.932778,   0.315860,  
Speed[A/fs],   0.235495,   0.224376,   0.221517,   0.235388,   1.046186,   1.077051,   1.039957,   1.087364,   1.092816,   1.095553,   1.085333,   1.068411,   1.083426,   1.065628,  
 
r_seed=3,   C[0],   C[1],   C[2],   C[3],   H[4],   H[5],   H[6],   H[7],   H[8],   H[9],   H[10],   H[11],   H[12],   H[13],  
Charges,    1.8938743073,    1.7594900340,    1.7606041218,    1.9721456847,    0.9989918211,    0.9978494772,    0.9702689945,    0.9992270806,    0.9979124209,    0.9987249802,    0.9979209150,    0.9974543072,    0.9988159531,    0.9983612662,  
Time[fs],  43.812000,  55.894000,  54.123000,  43.914000,   8.199000,   8.752000,   8.124000,   7.851000,   8.552000,   8.430000,   7.917000,   8.103000,   8.641000,   7.817000,  
Charge Sum,   17.3416413638, 
X Velocity[A/fs],  -0.193310,  -0.103873,   0.109243,   0.191675,  -0.154765,  -0.494738,  -0.986492,  -0.148624,  -0.582118,   0.563578,   0.137631,   0.134922,   0.490515,   1.016519,  
Y Velocity[A/fs],  -0.126342,   0.149124,   0.153436,  -0.141201,  -0.993577,  -0.231990,  -0.085712,   0.236888,   0.926384,   0.940354,   0.255107,  -1.003864,  -0.179710,  -0.066144, 
Z Velocity[A/fs],   0.047628,  -0.117735,   0.118225,  -0.042756,  -0.306178,   0.936594,  -0.309464,  -1.047213,   0.093480,  -0.061237,   1.044476,   0.319153,  -0.950902,   0.308369,  
Speed[A/fs],   0.235795,   0.216539,   0.222382,   0.241879,   1.051139,   1.084340,   1.037440,   1.083909,   1.098083,   1.098015,   1.083952,   1.061982,   1.084950,   1.064320,  
 
r_seed=4,   C[0],   C[1],   C[2],   C[3],   H[4],   H[5],   H[6],   H[7],   H[8],   H[9],   H[10],   H[11],   H[12],   H[13],  
Charges,    1.8938743073,    1.7594900340,    1.7606041218,    1.9721456847,    0.9989918211,    0.9978494772,    0.9702689945,    0.9992270806,    0.9979124209,    0.9987249802,    0.9979209150,    0.9974543072,    0.9988159531,    0.9983612662,  
Time[fs],  43.330000,  59.890000,  53.842000,  43.902000,   8.024000,   8.731000,   8.034000,   7.833000,   8.228000,   8.368000,   7.926000,   8.035000,   8.527000,   7.813000,  
Charge Sum,   17.3416413638, 
X Velocity[A/fs],  -0.194050,  -0.109573,   0.106110,   0.191437,  -0.138485,  -0.443381,  -0.991711,  -0.140860,  -0.500538,   0.534811,   0.142007,   0.174012,   0.445841,   1.017682,  
Y Velocity[A/fs],  -0.131068,   0.137872,   0.154382,  -0.140930,  -1.013235,  -0.169472,  -0.141708,   0.242041,   0.962606,   0.947605,   0.236289,  -1.009663,  -0.179054,  -0.033701, 
Z Velocity[A/fs],   0.049881,  -0.129530,   0.108453,  -0.050656,  -0.249055,   0.954445,  -0.287666,  -1.051276,   0.091791,  -0.139426,   1.042864,   0.292380,  -0.970211,   0.303406,  
Speed[A/fs],   0.239421,   0.218616,   0.216460,   0.243054,   1.052546,   1.065961,   1.042268,   1.087937,   1.088841,   1.097004,   1.078686,   1.065451,   1.082656,   1.062482,  
 
r_seed=5,   C[0],   C[1],   C[2],   C[3],   H[4],   H[5],   H[6],   H[7],   H[8],   H[9],   H[10],   H[11],   H[12],   H[13],  
Charges,    1.8938743073,    1.7594900340,    1.7606041218,    1.9721456847,    0.9989918211,    0.9978494772,    0.9702689945,    0.9992270806,    0.9979124209,    0.9987249802,    0.9979209150,    0.9974543072,    0.9988159531,    0.9983612662,  
Time[fs],  44.618000,  53.226000,  52.869000,  47.291000,   7.982000,   8.831000,   8.033000,   7.891000,   8.169000,   8.464000,   7.917000,   7.891000,   8.825000,   7.877000,  
Charge Sum,   17.3416413638, 
X Velocity[A/fs],  -0.188898,  -0.099928,   0.108026,   0.178519,  -0.157614,  -0.502164,  -0.993201,  -0.169785,  -0.498226,   0.553785,   0.104044,   0.172593,   0.509020,   1.009400,  
Y Velocity[A/fs],  -0.126075,   0.155286,   0.156715,  -0.145504,  -1.016696,  -0.148360,  -0.086862,   0.239927,   0.969974,   0.944136,   0.226323,  -1.024072,  -0.189852,  -0.070809, 
Z Velocity[A/fs],   0.038305,  -0.129534,   0.122960,  -0.043704,  -0.208267,   0.936920,  -0.290225,  -1.048431,   0.097479,  -0.081558,   1.050926,   0.245498,  -0.938069,   0.318289,  
Speed[A/fs],   0.230314,   0.225562,   0.226601,   0.234415,   1.049708,   1.073312,   1.038375,   1.088852,   1.094797,   1.097598,   1.080043,   1.067137,   1.084029,   1.060759,  
 
r_seed=6,   C[0],   C[1],   C[2],   C[3],   H[4],   H[5],   H[6],   H[7],   H[8],   H[9],   H[10],   H[11],   H[12],   H[13],  
Charges,    1.8938743073,    1.7594900340,    1.7606041218,    1.9721456847,    0.9989918211,    0.9978494772,    0.9702689945,    0.9992270806,    0.9979124209,    0.9987249802,    0.9979209150,    0.9974543072,    0.9988159531,    0.9983612662,  
Time[fs],  43.383000,  57.672000,  53.058000,  45.775000,   8.012000,   8.761000,   7.990000,   7.929000,   8.301000,   8.382000,   7.759000,   8.107000,   8.691000,   7.840000,  
Charge Sum,   17.3416413638, 
X Velocity[A/fs],  -0.193770,  -0.104455,   0.100375,   0.183827,  -0.158304,  -0.472271,  -0.992585,  -0.110552,  -0.516318,   0.535405,   0.147828,   0.165555,   0.471498,   1.011606,  
Y Velocity[A/fs],  -0.125677,   0.142723,   0.155726,  -0.136487,  -1.013597,  -0.148604,  -0.047211,   0.269389,   0.957054,   0.948744,   0.203327,  -1.007440,  -0.236448,  -0.096389, 
Z Velocity[A/fs],   0.055864,  -0.131223,   0.128951,  -0.049288,  -0.223957,   0.950473,  -0.310359,  -1.043666,   0.111327,  -0.097541,   1.060041,   0.284170,  -0.948831,   0.315496,  
Speed[A/fs],   0.237618,   0.220228,   0.225731,   0.234201,   1.050045,   1.071691,   1.041045,   1.083527,   1.093129,   1.093749,   1.089441,   1.059763,   1.085586,   1.064037,  
 
r_seed=7,   C[0],   C[1],   C[2],   C[3],   H[4],   H[5],   H[6],   H[7],   H[8],   H[9],   H[10],   H[11],   H[12],   H[13],  
Charges,    1.8938743073,    1.7594900340,    1.7606041218,    1.9721456847,    0.9989918211,    0.9978494772,    0.9702689945,    0.9992270806,    0.9979124209,    0.9987249802,    0.9979209150,    0.9974543072,    0.9988159531,    0.9983612662,  
Time[fs],  44.599000,  59.371000,  52.562000,  44.088000,   8.066000,   8.744000,   7.966000,   7.977000,   8.396000,   8.313000,   7.868000,   7.932000,   8.686000,   7.720000,  
Charge Sum,   17.3416413638, 
X Velocity[A/fs],  -0.188203,  -0.103541,   0.103986,   0.191466,  -0.155373,  -0.478722,  -0.999132,  -0.166078,  -0.536035,   0.509998,   0.130429,   0.135473,   0.422700,   1.028267,  
Y Velocity[A/fs],  -0.137059,   0.138445,   0.158765,  -0.142819,  -1.003448,  -0.157988,  -0.047884,   0.269602,   0.945171,   0.961399,   0.211379,  -1.015920,  -0.218334,  -0.067118, 
Z Velocity[A/fs],   0.045806,  -0.131522,   0.115977,  -0.027140,  -0.304642,   0.946837,  -0.282981,  -1.040219,   0.117632,  -0.084199,   1.052742,   0.310245,  -0.957725,   0.264571,  
Speed[A/fs],   0.237284,   0.217224,   0.222419,   0.240403,   1.060120,   1.072677,   1.039536,   1.087347,   1.092940,   1.091548,   1.081646,   1.070840,   1.069384,   1.063877,  
 
r_seed=8,   C[0],   C[1],   C[2],   C[3],   H[4],   H[5],   H[6],   H[7],   H[8],   H[9],   H[10],   H[11],   H[12],   H[13],  
Charges,    1.8938743073,    1.7594900340,    1.7606041218,    1.9721456847,    0.9989918211,    0.9978494772,    0.9702689945,    0.9992270806,    0.9979124209,    0.9987249802,    0.9979209150,    0.9974543072,    0.9988159531,    0.9983612662,  
Time[fs],  45.183000,  56.163000,  56.894000,  45.435000,   8.053000,   8.802000,   7.919000,   7.973000,   8.313000,   8.327000,   7.844000,   7.827000,   8.542000,   7.778000,  
Charge Sum,   17.3416413638, 
X Velocity[A/fs],  -0.186090,  -0.109273,   0.107568,   0.184801,  -0.175386,  -0.500538,  -1.000121,  -0.164014,  -0.514498,   0.519166,   0.169440,   0.171494,   0.428547,   1.021627,  
Y Velocity[A/fs],  -0.141785,   0.148206,   0.145354,  -0.150477,  -1.009921,  -0.152724,  -0.073237,   0.283293,   0.957130,   0.953997,   0.211591,  -1.028411,  -0.144790,  -0.073635, 
Z Velocity[A/fs],   0.038175,  -0.117996,   0.121861,  -0.047747,  -0.250813,   0.937377,  -0.286275,  -1.037329,   0.079718,  -0.091729,   1.049729,   0.261537,  -0.973199,   0.275039,  
Speed[A/fs],   0.237044,   0.218698,   0.218057,   0.243053,   1.055276,   1.073563,   1.042861,   1.087753,   1.089569,   1.089980,   1.084164,   1.074914,   1.073188,   1.060561,  
 
r_seed=9,   C[0],   C[1],   C[2],   C[3],   H[4],   H[5],   H[6],   H[7],   H[8],   H[9],   H[10],   H[11],   H[12],   H[13],  
Charges,    1.8938743073,    1.7594900340,    1.7606041218,    1.9721456847,    0.9989918211,    0.9978494772,    0.9702689945,    0.9992270806,    0.9979124209,    0.9987249802,    0.9979209150,    0.9974543072,    0.9988159531,    0.9983612662,  
Time[fs],  44.947000,  54.512000,  56.002000,  46.119000,   8.181000,   8.650000,   8.060000,   7.815000,   8.492000,   8.480000,   7.815000,   7.912000,   8.739000,   7.835000,  
Charge Sum,   17.3416413638, 
X Velocity[A/fs],  -0.186385,  -0.106579,   0.105389,   0.183103,  -0.154028,  -0.453053,  -0.994225,  -0.166312,  -0.554467,   0.555963,   0.148441,   0.183076,   0.460933,   1.017303,  
Y Velocity[A/fs],  -0.130495,   0.151254,   0.148443,  -0.143436,  -0.996500,  -0.191884,  -0.076902,   0.188287,   0.933895,   0.934053,   0.202206,  -1.022819,  -0.227024,  -0.068878, 
Z Velocity[A/fs],   0.058965,  -0.127516,   0.123643,  -0.051918,  -0.304498,   0.956879,  -0.280593,  -1.055639,   0.131215,  -0.149390,   1.053292,   0.264856,  -0.951684,   0.289042,  
Speed[A/fs],   0.235043,   0.224715,   0.220068,   0.238319,   1.053308,   1.075962,   1.035920,   1.085120,   1.093988,   1.097209,   1.082749,   1.072299,   1.081527,   1.059809,  
 
r_seed=10,   C[0],   C[1],   C[2],   C[3],   H[4],   H[5],   H[6],   H[7],   H[8],   H[9],   H[10],   H[11],   H[12],   H[13],  
Charges,    1.8938743073,    1.7594900340,    1.7606041218,    1.9721456847,    0.9989918211,    0.9978494772,    0.9702689945,    0.9992270806,    0.9979124209,    0.9987249802,    0.9979209150,    0.9974543072,    0.9988159531,    0.9983612662,  
Time[fs],  44.868000,  55.676000,  57.765000,  44.889000,   8.114000,   8.864000,   7.972000,   7.810000,   8.490000,   8.309000,   7.934000,   7.894000,   8.681000,   7.770000,  
Charge Sum,   17.3416413638, 
X Velocity[A/fs],  -0.187162,  -0.113487,   0.094825,   0.187930,  -0.158059,  -0.491390,  -0.995610,  -0.111279,  -0.558530,   0.539046,   0.098393,   0.152976,   0.474552,   1.019468,  
Y Velocity[A/fs],  -0.136083,   0.148659,   0.144267,  -0.149846,  -1.002950,  -0.197641,  -0.091529,   0.271391,   0.935825,   0.947649,   0.232124,  -1.029782,  -0.173598,  -0.076331, 
Z Velocity[A/fs],   0.046761,  -0.135440,   0.116484,  -0.029310,  -0.285878,   0.936070,  -0.299353,  -1.050629,   0.100506,  -0.068621,   1.046583,   0.236761,  -0.950481,   0.292274,  
Speed[A/fs],   0.236082,   0.230917,   0.208262,   0.242137,   1.054807,   1.075525,   1.043661,   1.090806,   1.094452,   1.092391,   1.076521,   1.067665,   1.076453,   1.063281,  
 
r_seed=11,   C[0],   C[1],   C[2],   C[3],   H[4],   H[5],   H[6],   H[7],   H[8],   H[9],   H[10],   H[11],   H[12],   H[13],  
Charges,    1.8938743073,    1.7594900340,    1.7606041218,    1.9721456847,    0.9989918211,    0.9978494772,    0.9702689945,    0.9992270806,    0.9979124209,    0.9987249802,    0.9979209150,    0.9974543072,    0.9988159531,    0.9983612662,  
Time[fs],  43.395000,  56.725000,  56.680000,  43.666000,   8.152000,   8.664000,   8.027000,   7.792000,   8.353000,   8.408000,   7.911000,   7.886000,   8.753000,   7.793000,  
Charge Sum,   17.3416413638, 
X Velocity[A/fs],  -0.193588,  -0.099503,   0.099330,   0.192557,  -0.162191,  -0.437530,  -0.993553,  -0.139588,  -0.549980,   0.544316,   0.090958,   0.133322,   0.495083,   1.023173,  
Y Velocity[A/fs],  -0.129198,   0.145987,   0.145761,  -0.137346,  -0.998033,  -0.201995,  -0.133376,   0.219228,   0.942351,   0.945453,   0.225317,  -1.028933,  -0.188551,  -0.062336, 
Z Velocity[A/fs],   0.040710,  -0.130134,   0.133413,  -0.043887,  -0.297599,   0.955159,  -0.289039,  -1.054195,   0.104168,  -0.065251,   1.051829,   0.224457,  -0.945441,   0.282473,  
Speed[A/fs],   0.236274,   0.219426,   0.221160,   0.240558,   1.054012,   1.069843,   1.043303,   1.085759,   1.096063,   1.092894,   1.079530,   1.061536,   1.083752,   1.063278,  
 
r_seed=12,   C[0],   C[1],   C[2],   C[3],   H[4],   H[5],   H[6],   H[7],   H[8],   H[9],   H[10],   H[11],   H[12],   H[13],  
Charges,    1.8938743073,    1.7594900340,    1.7606041218,    1.9721456847,    0.9989918211,    0.9978494772,    0.9702689945,    0.9992270806,    0.9979124209,    0.9987249802,    0.9979209150,    0.9974543072,    0.9988159531,    0.9983612662,  
Time[fs],  45.068000,  54.859000,  55.711000,  44.954000,   8.082000,   8.770000,   8.185000,   7.823000,   8.352000,   8.338000,   7.829000,   8.033000,   8.689000,   7.851000,  
Charge Sum,   17.3416413638, 
X Velocity[A/fs],  -0.186199,  -0.106101,   0.098735,   0.188443,  -0.164949,  -0.478751,  -0.983007,  -0.127939,  -0.536838,   0.531371,   0.081790,   0.155294,   0.482426,   1.008184,  
Y Velocity[A/fs],  -0.127698,   0.149994,   0.148824,  -0.134429,  -1.005911,  -0.209753,  -0.055146,   0.214838,   0.949610,   0.955055,   0.245012,  -1.016804,  -0.164562,  -0.079279, 
Z Velocity[A/fs],   0.058120,  -0.135707,   0.126494,  -0.054331,  -0.277886,   0.943964,  -0.319858,  -1.057651,   0.104770,  -0.041379,   1.053444,   0.232448,  -0.954803,   0.326600,  
Speed[A/fs],   0.233141,   0.228412,   0.218856,   0.237768,   1.056544,   1.079012,   1.035206,   1.086807,   1.095870,   1.093708,   1.084650,   1.054532,   1.082342,   1.062727,  
 
r_seed=13,   C[0],   C[1],   C[2],   C[3],   H[4],   H[5],   H[6],   H[7],   H[8],   H[9],   H[10],   H[11],   H[12],   H[13],  
Charges,    1.8938743073,    1.7594900340,    1.7606041218,    1.9721456847,    0.9989918211,    0.9978494772,    0.9702689945,    0.9992270806,    0.9979124209,    0.9987249802,    0.9979209150,    0.9974543072,    0.9988159531,    0.9983612662,  
Time[fs],  45.460000,  54.838000,  54.911000,  45.694000,   8.097000,   8.807000,   7.921000,   7.897000,   8.242000,   8.294000,   7.790000,   7.997000,   8.806000,   7.830000,  
Charge Sum,   17.3416413638, 
X Velocity[A/fs],  -0.184952,  -0.103247,   0.105775,   0.184307,  -0.156545,  -0.509489,  -1.005412,  -0.167409,  -0.512155,   0.527497,   0.120029,   0.194455,   0.506383,   1.011119,  
Y Velocity[A/fs],  -0.132777,   0.150933,   0.150984,  -0.143193,  -1.001277,  -0.208139,  -0.069137,   0.247794,   0.960819,   0.952583,   0.213929,  -1.017563,  -0.179576,  -0.095404, 
Z Velocity[A/fs],   0.045830,  -0.126174,   0.128265,  -0.043886,  -0.290641,   0.931269,  -0.241348,  -1.044797,   0.070433,  -0.109050,   1.055589,   0.253328,  -0.939536,   0.327097,  
Speed[A/fs],   0.232244,   0.222172,   0.224580,   0.237486,   1.054293,   1.081741,   1.036283,   1.086751,   1.091071,   1.094330,   1.083716,   1.066500,   1.082312,   1.066984,  
 
r_seed=14,   C[0],   C[1],   C[2],   C[3],   H[4],   H[5],   H[6],   H[7],   H[8],   H[9],   H[10],   H[11],   H[12],   H[13],  
Charges,    1.8938743073,    1.7594900340,    1.7606041218,    1.9721456847,    0.9989918211,    0.9978494772,    0.9702689945,    0.9992270806,    0.9979124209,    0.9987249802,    0.9979209150,    0.9974543072,    0.9988159531,    0.9983612662,  
Time[fs],  43.265000,  58.438000,  54.315000,  43.486000,   8.002000,   8.813000,   8.017000,   7.904000,   8.376000,   8.403000,   7.789000,   8.006000,   8.745000,   7.935000,  
Charge Sum,   17.3416413638, 
X Velocity[A/fs],  -0.194621,  -0.100989,   0.098449,   0.194263,  -0.167961,  -0.456875,  -0.994900,  -0.128107,  -0.528813,   0.542400,   0.118804,   0.129379,   0.468509,   1.006542,  
Y Velocity[A/fs],  -0.127324,   0.141289,   0.152939,  -0.133892,  -1.010894,  -0.223605,  -0.092233,   0.240520,   0.945531,   0.945871,   0.306142,  -1.013678,  -0.234409,  -0.062611, 
Z Velocity[A/fs],   0.041238,  -0.137326,   0.122860,  -0.043751,  -0.266759,   0.940187,  -0.294549,  -1.050149,   0.132489,  -0.104086,   1.045339,   0.264351,  -0.947991,   0.329026,  
Speed[A/fs],   0.236197,   0.221404,   0.219493,   0.239957,   1.058904,   1.068964,   1.041677,   1.084930,   1.091432,   1.095310,   1.095706,   1.055540,   1.083114,   1.060804,  
 
r_seed=15,   C[0],   C[1],   C[2],   C[3],   H[4],   H[5],   H[6],   H[7],   H[8],   H[9],   H[10],   H[11],   H[12],   H[13],  
Charges,    1.8938743073,    1.7594900340,    1.7606041218,    1.9721456847,    0.9989918211,    0.9978494772,    0.9702689945,    0.9992270806,    0.9979124209,    0.9987249802,    0.9979209150,    0.9974543072,    0.9988159531,    0.9983612662,  
Time[fs],  44.389000,  56.948000,  54.620000,  46.401000,   8.019000,   8.646000,   8.193000,   7.904000,   8.399000,   8.221000,   7.905000,   7.996000,   8.717000,   7.980000,  
Charge Sum,   17.3416413638, 
X Velocity[A/fs],  -0.189591,  -0.107534,   0.107401,   0.181387,  -0.169043,  -0.473684,  -0.974244,  -0.159803,  -0.545474,   0.511554,   0.123344,   0.149162,   0.481967,   0.997606,  
Y Velocity[A/fs],  -0.126627,   0.145245,   0.151581,  -0.142452,  -1.009408,  -0.220225,  -0.106491,   0.204908,   0.943894,   0.963201,   0.295643,  -1.018736,  -0.184050,  -0.065864, 
Z Velocity[A/fs],   0.063382,  -0.127130,   0.122568,  -0.058414,  -0.263899,   0.948973,  -0.348511,  -1.050280,   0.093832,  -0.089770,   1.040190,   0.243102,  -0.952501,   0.348454,  
Speed[A/fs],   0.236636,   0.220957,   0.222563,   0.237920,   1.056940,   1.083248,   1.040169,   1.081949,   1.094204,   1.094304,   1.088400,   1.057909,   1.083247,   1.058761,  
 
r_seed=16,   C[0],   C[1],   C[2],   C[3],   H[4],   H[5],   H[6],   H[7],   H[8],   H[9],   H[10],   H[11],   H[12],   H[13],  
Charges,    1.8938743073,    1.7594900340,    1.7606041218,    1.9721456847,    0.9989918211,    0.9978494772,    0.9702689945,    0.9992270806,    0.9979124209,    0.9987249802,    0.9979209150,    0.9974543072,    0.9988159531,    0.9983612662,  
Time[fs],  44.579000,  56.889000,  54.314000,  45.598000,   7.976000,   8.738000,   7.946000,   7.940000,   8.518000,   8.302000,   7.930000,   7.925000,   8.790000,   7.789000,  
Charge Sum,   17.3416413638, 
X Velocity[A/fs],  -0.187342,  -0.108675,   0.094592,   0.185567,  -0.165867,  -0.441227,  -1.000702,  -0.130831,  -0.560016,   0.515726,   0.128369,   0.165568,   0.513103,   1.016179,  
Y Velocity[A/fs],  -0.142781,   0.144616,   0.152604,  -0.136316,  -1.014818,  -0.239535,  -0.055903,   0.258927,   0.930045,   0.957641,   0.295847,  -1.023240,  -0.199389,  -0.063753, 
Z Velocity[A/fs],   0.039030,  -0.130024,   0.129440,  -0.041918,  -0.264001,   0.947264,  -0.278814,  -1.043847,   0.144043,  -0.098570,   1.039923,   0.218813,  -0.936923,   0.299927,  
Speed[A/fs],   0.238760,   0.222779,   0.221337,   0.234040,   1.061633,   1.072086,   1.040321,   1.083409,   1.095148,   1.092138,   1.088781,   1.059392,   1.086672,   1.061433,  
 
r_seed=17,   C[0],   C[1],   C[2],   C[3],   H[4],   H[5],   H[6],   H[7],   H[8],   H[9],   H[10],   H[11],   H[12],   H[13],  
Charges,    1.8938743073,    1.7594900340,    1.7606041218,    1.9721456847,    0.9989918211,    0.9978494772,    0.9702689945,    0.9992270806,    0.9979124209,    0.9987249802,    0.9979209150,    0.9974543072,    0.9988159531,    0.9983612662,  
Time[fs],  44.582000,  57.535000,  52.280000,  45.333000,   8.146000,   8.757000,   7.957000,   7.800000,   8.570000,   8.413000,   7.902000,   8.045000,   8.581000,   7.885000,  
Charge Sum,   17.3416413638, 
X Velocity[A/fs],  -0.188547,  -0.098109,   0.114696,   0.185257,  -0.160383,  -0.489421,  -0.996755,  -0.128206,  -0.558426,   0.551974,   0.154679,   0.139277,   0.503167,   1.009044,  
Y Velocity[A/fs],  -0.133598,   0.143485,   0.158482,  -0.144514,  -0.995483,  -0.172570,  -0.092478,   0.195616,   0.929349,   0.942408,   0.247556,  -1.012917,  -0.171353,  -0.092905, 
Z Velocity[A/fs],   0.040030,  -0.123483,   0.119180,  -0.048664,  -0.329982,   0.939768,  -0.286127,  -1.057087,   0.082089,  -0.139970,   1.042943,   0.277363,  -0.954859,   0.319930,  
Speed[A/fs],   0.234523,   0.213217,   0.229075,   0.239943,   1.060941,   1.073535,   1.041125,   1.082652,   1.087321,   1.101090,   1.083024,   1.059400,   1.092838,   1.062617,  
 
r_seed=18,   C[0],   C[1],   C[2],   C[3],   H[4],   H[5],   H[6],   H[7],   H[8],   H[9],   H[10],   H[11],   H[12],   H[13],  
Charges,    1.8938743073,    1.7594900340,    1.7606041218,    1.9721456847,    0.9989918211,    0.9978494772,    0.9702689945,    0.9992270806,    0.9979124209,    0.9987249802,    0.9979209150,    0.9974543072,    0.9988159531,    0.9983612662,  
Time[fs],  45.315000,  58.929000,  53.459000,  42.661000,   8.146000,   8.754000,   7.854000,   7.799000,   8.563000,   8.295000,   7.917000,   8.003000,   8.787000,   7.731000,  
Charge Sum,   17.3416413638, 
X Velocity[A/fs],  -0.185256,  -0.103749,   0.095387,   0.197719,  -0.167060,  -0.486087,  -1.004917,  -0.153278,  -0.573727,   0.532491,   0.138512,   0.141949,   0.502535,   1.024000,  
Y Velocity[A/fs],  -0.134805,   0.139444,   0.155882,  -0.134000,  -1.002646,  -0.206175,  -0.067929,   0.161363,   0.927014,   0.952313,   0.242435,  -1.016779,  -0.164268,  -0.114672, 
Z Velocity[A/fs],   0.053025,  -0.136227,   0.124477,  -0.025970,  -0.270941,   0.942551,  -0.269660,  -1.058575,   0.065954,  -0.099842,   1.046340,   0.265951,  -0.939776,   0.291547,  
Speed[A/fs],   0.235168,   0.220831,   0.221116,   0.240256,   1.051959,   1.080366,   1.042684,   1.081718,   1.092185,   1.095634,   1.082953,   1.060527,   1.078288,   1.070852,  
 
r_seed=19,   C[0],   C[1],   C[2],   C[3],   H[4],   H[5],   H[6],   H[7],   H[8],   H[9],   H[10],   H[11],   H[12],   H[13],  
Charges,    1.8938743073,    1.7594900340,    1.7606041218,    1.9721456847,    0.9989918211,    0.9978494772,    0.9702689945,    0.9992270806,    0.9979124209,    0.9987249802,    0.9979209150,    0.9974543072,    0.9988159531,    0.9983612662,  
Time[fs],  43.723000,  54.465000,  56.828000,  45.658000,   8.034000,   8.748000,   7.951000,   7.780000,   8.246000,   8.510000,   7.846000,   8.157000,   8.778000,   7.889000,  
Charge Sum,   17.3416413638, 
X Velocity[A/fs],  -0.192315,  -0.107892,   0.109050,   0.184768,  -0.143037,  -0.455670,  -1.002021,  -0.176143,  -0.512075,   0.552191,   0.160746,   0.148671,   0.499949,   1.013725,  
Y Velocity[A/fs],  -0.133933,   0.152882,   0.145866,  -0.144165,  -1.015502,  -0.200940,  -0.092121,   0.249086,   0.959277,   0.937478,   0.229445,  -1.000932,  -0.222736,  -0.038098, 
Z Velocity[A/fs],   0.037188,  -0.114393,   0.121589,  -0.056086,  -0.239874,   0.947939,  -0.260529,  -1.048819,   0.088000,  -0.103414,   1.049917,   0.322649,  -0.941626,   0.308387,  
Speed[A/fs],   0.237289,   0.219316,   0.218981,   0.240974,   1.053206,   1.070794,   1.039427,   1.092287,   1.090952,   1.092920,   1.086650,   1.062107,   1.089137,   1.060280,  
 
r_seed=20,   C[0],   C[1],   C[2],   C[3],   H[4],   H[5],   H[6],   H[7],   H[8],   H[9],   H[10],   H[11],   H[12],   H[13],  
Charges,    1.8938743073,    1.7594900340,    1.7606041218,    1.9721456847,    0.9989918211,    0.9978494772,    0.9702689945,    0.9992270806,    0.9979124209,    0.9987249802,    0.9979209150,    0.9974543072,    0.9988159531,    0.9983612662,  
Time[fs],  44.692000,  53.937000,  58.461000,  45.433000,   8.057000,   8.665000,   8.003000,   7.816000,   8.167000,   8.392000,   7.833000,   7.901000,   8.685000,   7.907000,  
Charge Sum,   17.3416413638, 
X Velocity[A/fs],  -0.188253,  -0.108490,   0.094631,   0.185879,  -0.169579,  -0.472794,  -0.997138,  -0.140746,  -0.504264,   0.542097,   0.150002,   0.176234,   0.493804,   1.015289,  
Y Velocity[A/fs],  -0.133779,   0.154058,   0.141243,  -0.138488,  -1.010323,  -0.164467,  -0.119037,   0.221233,   0.965668,   0.940056,   0.235774,  -1.024996,  -0.173546,  -0.046824, 
Z Velocity[A/fs],   0.040190,  -0.129481,   0.132766,  -0.054681,  -0.240891,   0.949564,  -0.267223,  -1.054266,   0.087350,  -0.151076,   1.048409,   0.232749,  -0.952366,   0.282851,  
Speed[A/fs],   0.234417,   0.228625,   0.215711,   0.238160,   1.052396,   1.073432,   1.039164,   1.086384,   1.092898,   1.095627,   1.085012,   1.065762,   1.086721,   1.054993,  
 
r_seed=21,   C[0],   C[1],   C[2],   C[3],   H[4],   H[5],   H[6],   H[7],   H[8],   H[9],   H[10],   H[11],   H[12],   H[13],  
Charges,    1.8938743073,    1.7594900340,    1.7606041218,    1.9721456847,    0.9989918211,    0.9978494772,    0.9702689945,    0.9992270806,    0.9979124209,    0.9987249802,    0.9979209150,    0.9974543072,    0.9988159531,    0.9983612662,  
Time[fs],  43.377000,  59.302000,  51.253000,  44.611000,   8.089000,   8.766000,   7.930000,   7.916000,   8.491000,   8.375000,   7.901000,   8.082000,   8.666000,   7.708000,  
Charge Sum,   17.3416413638, 
X Velocity[A/fs],  -0.193432,  -0.103487,   0.105216,   0.188777,  -0.153433,  -0.457561,  -0.998891,  -0.103098,  -0.550442,   0.539883,   0.143258,   0.110855,   0.482082,   1.029187,  
Y Velocity[A/fs],  -0.127206,   0.138267,   0.162802,  -0.141564,  -1.001183,  -0.208193,  -0.085619,   0.272684,   0.934689,   0.947216,   0.275854,  -1.011178,  -0.214295,  -0.076652, 
Z Velocity[A/fs],   0.051631,  -0.133620,   0.112892,  -0.028137,  -0.302231,   0.946881,  -0.285613,  -1.044702,   0.126783,  -0.140833,   1.041863,   0.268506,  -0.947819,   0.257240,  
Speed[A/fs],   0.237198,   0.218361,   0.224320,   0.237631,   1.057002,   1.072049,   1.042443,   1.084614,   1.092110,   1.099330,   1.087243,   1.052076,   1.084752,   1.063614,  
 
r_seed=22,   C[0],   C[1],   C[2],   C[3],   H[4],   H[5],   H[6],   H[7],   H[8],   H[9],   H[10],   H[11],   H[12],   H[13],  
Charges,    1.8938743073,    1.7594900340,    1.7606041218,    1.9721456847,    0.9989918211,    0.9978494772,    0.9702689945,    0.9992270806,    0.9979124209,    0.9987249802,    0.9979209150,    0.9974543072,    0.9988159531,    0.9983612662,  
Time[fs],  42.582000,  57.538000,  54.285000,  46.052000,   8.013000,   8.613000,   7.925000,   7.895000,   8.348000,   8.227000,   7.957000,   8.026000,   8.829000,   8.013000,  
Charge Sum,   17.3416413638, 
X Velocity[A/fs],  -0.198102,  -0.112980,   0.104833,   0.183392,  -0.175629,  -0.465553,  -1.003782,  -0.140166,  -0.539367,   0.514742,   0.100676,   0.175518,   0.523064,   0.995723,  
Y Velocity[A/fs],  -0.134689,   0.145026,   0.153281,  -0.141888,  -1.014652,  -0.173420,  -0.067381,   0.221254,   0.950215,   0.960030,   0.241712,  -1.013780,  -0.193506,  -0.078973, 
Z Velocity[A/fs],   0.042329,  -0.115033,   0.117127,  -0.049796,  -0.223951,   0.956268,  -0.275038,  -1.048022,   0.068145,  -0.098848,   1.045048,   0.273699,  -0.934305,   0.357777,  
Speed[A/fs],   0.243263,   0.216863,   0.219554,   0.237159,   1.053811,   1.077619,   1.042960,   1.080255,   1.094746,   1.093795,   1.077351,   1.064644,   1.088102,   1.060992,  
 
r_seed=23,   C[0],   C[1],   C[2],   C[3],   H[4],   H[5],   H[6],   H[7],   H[8],   H[9],   H[10],   H[11],   H[12],   H[13],  
Charges,    1.8938743073,    1.7594900340,    1.7606041218,    1.9721456847,    0.9989918211,    0.9978494772,    0.9702689945,    0.9992270806,    0.9979124209,    0.9987249802,    0.9979209150,    0.9974543072,    0.9988159531,    0.9983612662,  
Time[fs],  45.584000,  50.835000,  56.120000,  44.915000,   8.005000,   8.835000,   8.060000,   7.916000,   8.410000,   8.366000,   7.833000,   8.056000,   8.881000,   7.832000,  
Charge Sum,   17.3416413638, 
X Velocity[A/fs],  -0.184481,  -0.107681,   0.110369,   0.187941,  -0.178815,  -0.508968,  -0.990591,  -0.193694,  -0.565085,   0.540499,   0.107368,   0.162240,   0.497401,   1.013162,  
Y Velocity[A/fs],  -0.134677,   0.164253,   0.146727,  -0.131841,  -1.013964,  -0.179292,  -0.092224,   0.224237,   0.941810,   0.946961,   0.231764,  -1.007924,  -0.258133,  -0.062975, 
Z Velocity[A/fs],   0.034301,  -0.103193,   0.130849,  -0.063671,  -0.237388,   0.932895,  -0.300424,  -1.042874,   0.067590,  -0.110524,   1.052780,   0.275803,  -0.934161,   0.311646,  
Speed[A/fs],   0.230971,   0.221862,   0.225458,   0.238238,   1.056622,   1.077723,   1.039245,   1.084152,   1.100407,   1.095943,   1.083323,   1.057497,   1.089357,   1.061879,  
 
r_seed=24,   C[0],   C[1],   C[2],   C[3],   H[4],   H[5],   H[6],   H[7],   H[8],   H[9],   H[10],   H[11],   H[12],   H[13],  
Charges,    1.8938743073,    1.7594900340,    1.7606041218,    1.9721456847,    0.9989918211,    0.9978494772,    0.9702689945,    0.9992270806,    0.9979124209,    0.9987249802,    0.9979209150,    0.9974543072,    0.9988159531,    0.9983612662,  
Time[fs],  43.140000,  55.448000,  55.398000,  43.786000,   7.953000,   8.784000,   7.911000,   7.882000,   8.482000,   8.403000,   7.903000,   8.034000,   8.779000,   7.740000,  
Charge Sum,   17.3416413638, 
X Velocity[A/fs],  -0.195349,  -0.105104,   0.107758,   0.192339,  -0.181138,  -0.470977,  -0.995452,  -0.137925,  -0.560982,   0.539974,   0.120672,   0.116524,   0.481240,   1.018296,  
Y Velocity[A/fs],  -0.124818,   0.149404,   0.149866,  -0.144334,  -1.017438,  -0.189836,  -0.092023,   0.187295,   0.934181,   0.945804,   0.236933,  -1.009568,  -0.180288,  -0.078637, 
Z Velocity[A/fs],   0.045411,  -0.123339,   0.115013,  -0.037451,  -0.223727,   0.945238,  -0.311201,  -1.052418,   0.118153,  -0.102534,   1.047133,   0.301475,  -0.946279,   0.312760,  
Speed[A/fs],   0.236227,   0.220411,   0.217485,   0.243370,   1.057376,   1.073001,   1.047014,   1.077815,   1.096064,   1.093906,   1.080364,   1.060043,   1.076819,   1.068143,  
 
r_seed=25,   C[0],   C[1],   C[2],   C[3],   H[4],   H[5],   H[6],   H[7],   H[8],   H[9],   H[10],   H[11],   H[12],   H[13],  
Charges,    1.8938743073,    1.7594900340,    1.7606041218,    1.9721456847,    0.9989918211,    0.9978494772,    0.9702689945,    0.9992270806,    0.9979124209,    0.9987249802,    0.9979209150,    0.9974543072,    0.9988159531,    0.9983612662,  
Time[fs],  45.114000,  56.751000,  53.186000,  47.391000,   7.902000,   8.735000,   7.980000,   7.943000,   8.352000,   8.281000,   7.926000,   8.002000,   8.841000,   7.895000,  
Charge Sum,   17.3416413638, 
X Velocity[A/fs],  -0.185917,  -0.115961,   0.106883,   0.178841,  -0.188280,  -0.486873,  -0.998530,  -0.183429,  -0.517963,   0.525780,   0.121590,   0.148356,   0.533035,   1.011252,  
Y Velocity[A/fs],  -0.149779,   0.146591,   0.156366,  -0.140284,  -1.024312,  -0.187085,  -0.032022,   0.245868,   0.954804,   0.957226,   0.232565,  -1.017543,  -0.157693,  -0.077297, 
Z Velocity[A/fs],   0.037114,  -0.107012,   0.123535,  -0.053769,  -0.232126,   0.944102,  -0.288054,  -1.040185,   0.090262,  -0.090330,   1.048733,   0.242289,  -0.935112,   0.294731,  
Speed[A/fs],   0.241612,   0.215377,   0.226132,   0.233569,   1.067027,   1.078599,   1.039742,   1.084473,   1.089992,   1.095849,   1.081070,   1.056460,   1.087854,   1.056159,  
 
r_seed=26,   C[0],   C[1],   C[2],   C[3],   H[4],   H[5],   H[6],   H[7],   H[8],   H[9],   H[10],   H[11],   H[12],   H[13],  
Charges,    1.8938743073,    1.7594900340,    1.7606041218,    1.9721456847,    0.9989918211,    0.9978494772,    0.9702689945,    0.9992270806,    0.9979124209,    0.9987249802,    0.9979209150,    0.9974543072,    0.9988159531,    0.9983612662,  
Time[fs],  42.861000,  60.928000,  53.428000,  45.272000,   7.907000,   8.796000,   8.099000,   7.903000,   8.440000,   8.339000,   7.861000,   7.931000,   8.505000,   7.824000,  
Charge Sum,   17.3416413638, 
X Velocity[A/fs],  -0.196044,  -0.110465,   0.107089,   0.186273,  -0.175897,  -0.460965,  -0.983172,  -0.142152,  -0.518208,   0.527860,   0.131294,   0.162155,   0.448373,   1.015958,  
Y Velocity[A/fs],  -0.135456,   0.135568,   0.156260,  -0.147325,  -1.025019,  -0.203187,  -0.062678,   0.228783,   0.945226,   0.952883,   0.227497,  -1.018274,  -0.143589,  -0.079023, 
Z Velocity[A/fs],   0.049103,  -0.123636,   0.109653,  -0.039223,  -0.202133,   0.947075,  -0.345872,  -1.047076,   0.143723,  -0.092719,   1.049806,   0.278561,  -0.969399,   0.291634,  
Speed[A/fs],   0.243295,   0.214166,   0.218881,   0.240709,   1.059463,   1.072719,   1.044118,   1.081165,   1.087497,   1.093261,   1.082168,   1.068069,   1.077679,   1.059936,  
 
r_seed=27,   C[0],   C[1],   C[2],   C[3],   H[4],   H[5],   H[6],   H[7],   H[8],   H[9],   H[10],   H[11],   H[12],   H[13],  
Charges,    1.8938743073,    1.7594900340,    1.7606041218,    1.9721456847,    0.9989918211,    0.9978494772,    0.9702689945,    0.9992270806,    0.9979124209,    0.9987249802,    0.9979209150,    0.9974543072,    0.9988159531,    0.9983612662,  
Time[fs],  44.465000,  53.773000,  53.432000,  44.734000,   8.199000,   8.661000,   7.881000,   7.997000,   8.479000,   8.370000,   7.779000,   7.980000,   8.767000,   7.795000,  
Charge Sum,   17.3416413638, 
X Velocity[A/fs],  -0.188398,  -0.111951,   0.110011,   0.188367,  -0.187279,  -0.461208,  -1.006350,  -0.186726,  -0.549751,   0.525745,   0.129754,   0.151649,   0.482928,   1.019903,  
Y Velocity[A/fs],  -0.134438,   0.154112,   0.155339,  -0.137408,  -1.002950,  -0.212021,  -0.075788,   0.209731,   0.941192,   0.952159,   0.217481,  -1.022366,  -0.228031,  -0.092659, 
Z Velocity[A/fs],   0.046182,  -0.107221,   0.118591,  -0.044391,  -0.245240,   0.952707,  -0.269570,  -1.041077,   0.104634,  -0.111748,   1.056501,   0.230728,  -0.944066,   0.287515,  
Speed[A/fs],   0.236009,   0.218586,   0.224269,   0.237347,   1.049345,   1.079499,   1.044582,   1.078283,   1.094996,   1.093390,   1.086429,   1.058992,   1.084656,   1.063698,  
 
r_seed=28,   C[0],   C[1],   C[2],   C[3],   H[4],   H[5],   H[6],   H[7],   H[8],   H[9],   H[10],   H[11],   H[12],   H[13],  
Charges,    1.8938743073,    1.7594900340,    1.7606041218,    1.9721456847,    0.9989918211,    0.9978494772,    0.9702689945,    0.9992270806,    0.9979124209,    0.9987249802,    0.9979209150,    0.9974543072,    0.9988159531,    0.9983612662,  
Time[fs],  45.007000,  55.494000,  54.041000,  43.814000,   7.888000,   8.833000,   7.944000,   7.879000,   8.473000,   8.263000,   7.869000,   7.965000,   8.655000,   7.908000,  
Charge Sum,   17.3416413638, 
X Velocity[A/fs],  -0.186692,  -0.109125,   0.109717,   0.191482,  -0.155505,  -0.483475,  -0.998147,  -0.122000,  -0.538629,   0.530990,   0.127107,   0.120237,   0.458837,   1.010300,  
Y Velocity[A/fs],  -0.142034,   0.149985,   0.152670,  -0.138201,  -1.019461,  -0.210782,  -0.091637,   0.197732,   0.943382,   0.956067,   0.205304,  -1.021499,  -0.225680,  -0.057536, 
Z Velocity[A/fs],   0.034012,  -0.105202,   0.124654,  -0.047472,  -0.274970,   0.936105,  -0.280451,  -1.050174,   0.073881,  -0.095087,   1.053934,   0.236090,  -0.955550,   0.321322,  
Speed[A/fs],   0.237032,   0.213240,   0.225576,   0.240871,   1.067282,   1.074462,   1.040840,   1.075568,   1.088829,   1.097750,   1.081242,   1.055299,   1.083762,   1.061727,  
 
r_seed=29,   C[0],   C[1],   C[2],   C[3],   H[4],   H[5],   H[6],   H[7],   H[8],   H[9],   H[10],   H[11],   H[12],   H[13],  
Charges,    1.8938743073,    1.7594900340,    1.7606041218,    1.9721456847,    0.9989918211,    0.9978494772,    0.9702689945,    0.9992270806,    0.9979124209,    0.9987249802,    0.9979209150,    0.9974543072,    0.9988159531,    0.9983612662,  
Time[fs],  43.923000,  58.410000,  50.468000,  45.847000,   8.128000,   8.640000,   8.052000,   7.851000,   8.413000,   8.130000,   7.903000,   7.876000,   8.730000,   7.830000,  
Charge Sum,   17.3416413638, 
X Velocity[A/fs],  -0.191540,  -0.103607,   0.113062,   0.183867,  -0.188939,  -0.438363,  -0.992691,  -0.180154,  -0.559592,   0.500941,   0.126306,   0.151519,   0.466773,   1.021331,  
Y Velocity[A/fs],  -0.130375,   0.141223,   0.165136,  -0.142855,  -0.998198,  -0.211516,  -0.104795,   0.213663,   0.937272,   0.972636,   0.253024,  -1.028769,  -0.236355,  -0.023890, 
Z Velocity[A/fs],   0.051683,  -0.119287,   0.115045,  -0.037161,  -0.297067,   0.957261,  -0.288193,  -1.047525,   0.097353,  -0.089119,   1.045869,   0.218514,  -0.946268,   0.267831,  
Speed[A/fs],   0.237395,   0.211915,   0.230843,   0.235787,   1.058464,   1.073894,   1.038977,   1.084166,   1.095947,   1.097681,   1.083428,   1.062578,   1.081279,   1.056135,  
 
r_seed=30,   C[0],   C[1],   C[2],   C[3],   H[4],   H[5],   H[6],   H[7],   H[8],   H[9],   H[10],   H[11],   H[12],   H[13],  
Charges,    1.8938743073,    1.7594900340,    1.7606041218,    1.9721456847,    0.9989918211,    0.9978494772,    0.9702689945,    0.9992270806,    0.9979124209,    0.9987249802,    0.9979209150,    0.9974543072,    0.9988159531,    0.9983612662,  
Time[fs],  44.690000,  53.318000,  54.960000,  44.718000,   8.088000,   8.810000,   7.901000,   7.915000,   8.373000,   8.404000,   7.829000,   8.039000,   8.433000,   7.830000,  
Charge Sum,   17.3416413638, 
X Velocity[A/fs],  -0.187900,  -0.111969,   0.106928,   0.188017,  -0.171484,  -0.483380,  -0.998913,  -0.141589,  -0.553260,   0.554476,   0.122041,   0.158492,   0.409268,   1.008703,  
Y Velocity[A/fs],  -0.135170,   0.155688,   0.150062,  -0.141108,  -1.003702,  -0.215944,  -0.038397,   0.268885,   0.945240,   0.941646,   0.218112,  -1.005192,  -0.173173,  -0.082328, 
Z Velocity[A/fs],   0.042492,  -0.110112,   0.121556,  -0.047796,  -0.273703,   0.937110,  -0.296308,  -1.039616,   0.082345,  -0.076379,   1.053295,   0.321426,  -0.976905,   0.328246,  
Speed[A/fs],   0.235336,   0.221135,   0.220744,   0.239888,   1.054390,   1.076319,   1.042641,   1.083120,   1.098342,   1.095434,   1.082542,   1.067167,   1.073235,   1.063957,  
 
r_seed=31,   C[0],   C[1],   C[2],   C[3],   H[4],   H[5],   H[6],   H[7],   H[8],   H[9],   H[10],   H[11],   H[12],   H[13],  
Charges,    1.8938743073,    1.7594900340,    1.7606041218,    1.9721456847,    0.9989918211,    0.9978494772,    0.9702689945,    0.9992270806,    0.9979124209,    0.9987249802,    0.9979209150,    0.9974543072,    0.9988159531,    0.9983612662,  
Time[fs],  43.427000,  54.036000,  57.020000,  43.988000,   8.084000,   8.567000,   7.950000,   7.879000,   8.508000,   8.439000,   7.869000,   7.994000,   8.507000,   7.901000,  
Charge Sum,   17.3416413638, 
X Velocity[A/fs],  -0.193674,  -0.104834,   0.114317,   0.191152,  -0.189096,  -0.413834,  -1.002802,  -0.176578,  -0.567991,   0.544817,   0.163746,   0.152667,   0.439822,   1.009495,  
Y Velocity[A/fs],  -0.127651,   0.154047,   0.145060,  -0.141488,  -1.002146,  -0.219287,  -0.071696,   0.241736,   0.928909,   0.942301,   0.219458,  -1.016637,  -0.229736,  -0.062075, 
Z Velocity[A/fs],   0.040084,  -0.113667,   0.115315,  -0.060751,  -0.282213,   0.961752,  -0.263335,  -1.043926,   0.134363,  -0.112170,   1.045796,   0.254302,  -0.968460,   0.319752,  
Speed[A/fs],   0.235396,   0.218268,   0.217735,   0.245456,   1.058158,   1.069725,   1.039278,   1.086001,   1.097059,   1.094230,   1.081048,   1.059022,   1.088181,   1.060743,  
 
r_seed=32,   C[0],   C[1],   C[2],   C[3],   H[4],   H[5],   H[6],   H[7],   H[8],   H[9],   H[10],   H[11],   H[12],   H[13],  
Charges,    1.8938743073,    1.7594900340,    1.7606041218,    1.9721456847,    0.9989918211,    0.9978494772,    0.9702689945,    0.9992270806,    0.9979124209,    0.9987249802,    0.9979209150,    0.9974543072,    0.9988159531,    0.9983612662,  
Time[fs],  43.881000,  55.989000,  54.243000,  44.954000,   8.031000,   8.734000,   8.043000,   7.884000,   8.415000,   8.205000,   7.879000,   8.093000,   8.543000,   7.897000,  
Charge Sum,   17.3416413638, 
X Velocity[A/fs],  -0.191673,  -0.115740,   0.097808,   0.189307,  -0.176967,  -0.464068,  -0.992181,  -0.145423,  -0.537735,   0.535276,   0.177971,   0.139749,   0.454298,   1.013841,  
Y Velocity[A/fs],  -0.135932,   0.148491,   0.153899,  -0.130328,  -1.009590,  -0.227807,  -0.084742,   0.226658,   0.945184,   0.956243,   0.253809,  -1.007800,  -0.170819,  -0.117460, 
Z Velocity[A/fs],   0.050734,  -0.115635,   0.125428,  -0.048949,  -0.273085,   0.946773,  -0.301310,  -1.046998,   0.099295,  -0.105163,   1.044488,   0.270910,  -0.964254,   0.272356,  
Speed[A/fs],   0.240396,   0.220946,   0.221322,   0.234986,   1.060738,   1.078718,   1.040381,   1.081077,   1.091966,   1.100900,   1.089517,   1.052893,   1.079515,   1.056337,  
 
r_seed=33,   C[0],   C[1],   C[2],   C[3],   H[4],   H[5],   H[6],   H[7],   H[8],   H[9],   H[10],   H[11],   H[12],   H[13],  
Charges,    1.8938743073,    1.7594900340,    1.7606041218,    1.9721456847,    0.9989918211,    0.9978494772,    0.9702689945,    0.9992270806,    0.9979124209,    0.9987249802,    0.9979209150,    0.9974543072,    0.9988159531,    0.9983612662,  
Time[fs],  44.310000,  55.930000,  57.302000,  44.753000,   8.052000,   8.942000,   7.876000,   7.881000,   8.587000,   8.330000,   7.889000,   7.948000,   8.698000,   7.889000,  
Charge Sum,   17.3416413638, 
X Velocity[A/fs],  -0.190552,  -0.100035,   0.107390,   0.188404,  -0.206436,  -0.512244,  -1.005294,  -0.129547,  -0.560209,   0.522376,   0.129765,   0.112871,   0.461869,   1.013614,  
Y Velocity[A/fs],  -0.130871,   0.148972,   0.144446,  -0.142966,  -1.004117,  -0.243172,   0.004911,   0.211720,   0.929241,   0.953370,   0.223647,  -1.024358,  -0.225127,  -0.056639, 
Z Velocity[A/fs],   0.045242,  -0.120674,   0.132886,  -0.050446,  -0.284495,   0.923625,  -0.280604,  -1.050990,   0.123571,  -0.106140,   1.051951,   0.238158,  -0.952743,   0.301923,  
Speed[A/fs],   0.235550,   0.216245,   0.223732,   0.241826,   1.063863,   1.083794,   1.043733,   1.079902,   1.092059,   1.092271,   1.083263,   1.057718,   1.082463,   1.059140,  
 
r_seed=34,   C[0],   C[1],   C[2],   C[3],   H[4],   H[5],   H[6],   H[7],   H[8],   H[9],   H[10],   H[11],   H[12],   H[13],  
Charges,    1.8938743073,    1.7594900340,    1.7606041218,    1.9721456847,    0.9989918211,    0.9978494772,    0.9702689945,    0.9992270806,    0.9979124209,    0.9987249802,    0.9979209150,    0.9974543072,    0.9988159531,    0.9983612662,  
Time[fs],  44.863000,  53.807000,  55.414000,  44.012000,   7.969000,   8.713000,   8.067000,   7.916000,   8.480000,   8.328000,   7.802000,   7.920000,   8.716000,   7.890000,  
Charge Sum,   17.3416413638, 
X Velocity[A/fs],  -0.186427,  -0.118110,   0.097108,   0.192680,  -0.189028,  -0.436563,  -0.992160,  -0.133742,  -0.579827,   0.503414,   0.151574,   0.177534,   0.474085,   1.011004,  
Y Velocity[A/fs],  -0.145218,   0.154304,   0.149901,  -0.131617,  -1.017958,  -0.188123,  -0.073501,   0.238336,   0.931323,   0.955494,   0.279549,  -1.020591,  -0.212701,  -0.102966, 
Z Velocity[A/fs],   0.032977,  -0.110183,   0.123456,  -0.040982,  -0.235707,   0.953725,  -0.302813,  -1.045157,   0.104191,  -0.141622,   1.046369,   0.238785,  -0.947496,   0.304694,  
Speed[A/fs],   0.238602,   0.223382,   0.217122,   0.236914,   1.061851,   1.065631,   1.039942,   1.080298,   1.102006,   1.089244,   1.093623,   1.063082,   1.080623,   1.060928,  
 
r_seed=35,   C[0],   C[1],   C[2],   C[3],   H[4],   H[5],   H[6],   H[7],   H[8],   H[9],   H[10],   H[11],   H[12],   H[13],  
Charges,    1.8938743073,    1.7594900340,    1.7606041218,    1.9721456847,    0.9989918211,    0.9978494772,    0.9702689945,    0.9992270806,    0.9979124209,    0.9987249802,    0.9979209150,    0.9974543072,    0.9988159531,    0.9983612662,  
Time[fs],  44.980000,  56.035000,  53.979000,  46.710000,   7.922000,   8.784000,   8.128000,   7.927000,   8.706000,   8.401000,   7.931000,   8.068000,   8.815000,   7.909000,  
Charge Sum,   17.3416413638, 
X Velocity[A/fs],  -0.186828,  -0.107500,   0.107475,   0.180783,  -0.200049,  -0.498932,  -0.982696,  -0.112358,  -0.576472,   0.555829,   0.151416,   0.132561,   0.501155,   1.007819,  
Y Velocity[A/fs],  -0.137717,   0.147820,   0.153984,  -0.145832,  -1.017598,  -0.151561,  -0.071056,   0.218382,   0.921889,   0.940589,   0.245506,  -1.013732,  -0.227215,  -0.090725, 
Z Velocity[A/fs],   0.048495,  -0.119269,   0.123924,  -0.044627,  -0.265577,   0.943420,  -0.335928,  -1.049351,   0.105707,  -0.131061,   1.045551,   0.272998,  -0.936994,   0.319762,  
Speed[A/fs],   0.237112,   0.218248,   0.224987,   0.236518,   1.070540,   1.077936,   1.040955,   1.077708,   1.092417,   1.100377,   1.084609,   1.058184,   1.086619,   1.061215,  
 
r_seed=36,   C[0],   C[1],   C[2],   C[3],   H[4],   H[5],   H[6],   H[7],   H[8],   H[9],   H[10],   H[11],   H[12],   H[13],  
Charges,    1.8938743073,    1.7594900340,    1.7606041218,    1.9721456847,    0.9989918211,    0.9978494772,    0.9702689945,    0.9992270806,    0.9979124209,    0.9987249802,    0.9979209150,    0.9974543072,    0.9988159531,    0.9983612662,  
Time[fs],  42.492000,  59.013000,  54.363000,  44.676000,   8.087000,   8.714000,   7.961000,   7.892000,   8.371000,   8.412000,   7.839000,   7.971000,   8.518000,   7.863000,  
Charge Sum,   17.3416413638, 
X Velocity[A/fs],  -0.197940,  -0.107408,   0.104143,   0.189058,  -0.163048,  -0.429005,  -1.002835,  -0.128729,  -0.522097,   0.549229,   0.125712,   0.179567,   0.446174,   1.015047,  
Y Velocity[A/fs],  -0.133144,   0.140510,   0.152669,  -0.136152,  -1.012690,  -0.250428,  -0.075017,   0.222014,   0.951573,   0.945539,   0.224986,  -1.018878,  -0.134762,  -0.054623, 
Z Velocity[A/fs],   0.042278,  -0.118563,   0.124565,  -0.053143,  -0.230924,   0.952153,  -0.273605,  -1.050057,   0.080655,  -0.086727,   1.053146,   0.249160,  -0.973953,   0.299226,  
Speed[A/fs],   0.242271,   0.212925,   0.222868,   0.238966,   1.051405,   1.073944,   1.042193,   1.080963,   1.088385,   1.096913,   1.084222,   1.064160,   1.079730,   1.059642,  
 
r_seed=37,   C[0],   C[1],   C[2],   C[3],   H[4],   H[5],   H[6],   H[7],   H[8],   H[9],   H[10],   H[11],   H[12],   H[13],  
Charges,    1.8938743073,    1.7594900340,    1.7606041218,    1.9721456847,    0.9989918211,    0.9978494772,    0.9702689945,    0.9992270806,    0.9979124209,    0.9987249802,    0.9979209150,    0.9974543072,    0.9988159531,    0.9983612662,  
Time[fs],  44.035000,  53.390000,  54.068000,  44.654000,   8.201000,   8.822000,   8.058000,   7.986000,   8.442000,   8.159000,   7.806000,   7.915000,   8.497000,   7.895000,  
Charge Sum,   17.3416413638, 
X Velocity[A/fs],  -0.190527,  -0.111517,   0.112817,   0.188009,  -0.124090,  -0.471245,  -0.985323,  -0.121097,  -0.575175,   0.508746,   0.132063,   0.168697,   0.463132,   1.011042,  
Y Velocity[A/fs],  -0.137511,   0.155893,   0.153141,  -0.143203,  -0.999104,  -0.195824,  -0.100751,   0.243204,   0.934415,   0.967000,   0.238799,  -1.023055,  -0.173581,  -0.110960, 
Z Velocity[A/fs],   0.032392,  -0.100921,   0.116340,  -0.040374,  -0.279015,   0.939379,  -0.333376,  -1.039501,   0.090056,  -0.079849,   1.051679,   0.265281,  -0.964937,   0.305531,  
Speed[A/fs],   0.237190,   0.216619,   0.222969,   0.239760,   1.044728,   1.069042,   1.045061,   1.074419,   1.100940,   1.095576,   1.086506,   1.070268,   1.084309,   1.062011,  
 
r_seed=38,   C[0],   C[1],   C[2],   C[3],   H[4],   H[5],   H[6],   H[7],   H[8],   H[9],   H[10],   H[11],   H[12],   H[13],  
Charges,    1.8938743073,    1.7594900340,    1.7606041218,    1.9721456847,    0.9989918211,    0.9978494772,    0.9702689945,    0.9992270806,    0.9979124209,    0.9987249802,    0.9979209150,    0.9974543072,    0.9988159531,    0.9983612662,  
Time[fs],  44.466000,  55.578000,  54.765000,  46.083000,   8.121000,   8.656000,   8.126000,   7.927000,   8.359000,   8.404000,   7.810000,   8.017000,   8.553000,   7.786000,  
Charge Sum,   17.3416413638, 
X Velocity[A/fs],  -0.189386,  -0.103901,   0.095946,   0.183863,  -0.159172,  -0.491739,  -0.980666,  -0.166174,  -0.510841,   0.563401,   0.139416,   0.134772,   0.438380,   1.023135,  
Y Velocity[A/fs],  -0.133283,   0.148893,   0.150736,  -0.133646,  -1.004607,  -0.183394,  -0.083161,   0.261053,   0.955866,   0.938787,   0.257352,  -1.018023,  -0.213701,  -0.083964, 
Z Velocity[A/fs],   0.049515,  -0.123573,   0.143375,  -0.047513,  -0.268532,   0.947934,  -0.334848,  -1.040774,   0.107479,  -0.094059,   1.053157,   0.246248,  -0.963863,   0.244843,  
Speed[A/fs],   0.236819,   0.219624,   0.229092,   0.232216,   1.051989,   1.083522,   1.039589,   1.085805,   1.089123,   1.098904,   1.093072,   1.056018,   1.080220,   1.055369,  
 
r_seed=39,   C[0],   C[1],   C[2],   C[3],   H[4],   H[5],   H[6],   H[7],   H[8],   H[9],   H[10],   H[11],   H[12],   H[13],  
Charges,    1.8938743073,    1.7594900340,    1.7606041218,    1.9721456847,    0.9989918211,    0.9978494772,    0.9702689945,    0.9992270806,    0.9979124209,    0.9987249802,    0.9979209150,    0.9974543072,    0.9988159531,    0.9983612662,  
Time[fs],  42.946000,  56.013000,  53.528000,  46.549000,   8.092000,   8.699000,   7.943000,   7.803000,   8.334000,   8.463000,   7.992000,   7.943000,   8.562000,   7.891000,  
Charge Sum,   17.3416413638, 
X Velocity[A/fs],  -0.195595,  -0.115889,   0.109855,   0.180649,  -0.145459,  -0.439039,  -0.998175,  -0.125786,  -0.522259,   0.548663,   0.143782,   0.136516,   0.473806,   1.007917,  
Y Velocity[A/fs],  -0.135809,   0.148372,   0.155043,  -0.147497,  -1.006236,  -0.198289,  -0.052808,   0.265267,   0.954173,   0.944577,   0.243433,  -1.023836,  -0.164782,  -0.101927, 
Z Velocity[A/fs],   0.041026,  -0.111428,   0.108420,  -0.047628,  -0.264036,   0.954558,  -0.300050,  -1.048753,   0.105049,  -0.061412,   1.042087,   0.251609,  -0.960952,   0.314404,  
Speed[A/fs],   0.241629,   0.218771,   0.218773,   0.238030,   1.050421,   1.069231,   1.043634,   1.089069,   1.092810,   1.094088,   1.079759,   1.063101,   1.084009,   1.060724,  
 
r_seed=40,   C[0],   C[1],   C[2],   C[3],   H[4],   H[5],   H[6],   H[7],   H[8],   H[9],   H[10],   H[11],   H[12],   H[13],  
Charges,    1.8938743073,    1.7594900340,    1.7606041218,    1.9721456847,    0.9989918211,    0.9978494772,    0.9702689945,    0.9992270806,    0.9979124209,    0.9987249802,    0.9979209150,    0.9974543072,    0.9988159531,    0.9983612662,  
Time[fs],  43.674000,  58.500000,  52.208000,  44.399000,   8.063000,   8.872000,   7.978000,   7.834000,   8.377000,   8.680000,   7.869000,   8.047000,   8.665000,   7.827000,  
Charge Sum,   17.3416413638, 
X Velocity[A/fs],  -0.193230,  -0.103427,   0.099657,   0.190050,  -0.114114,  -0.488978,  -0.998123,  -0.145964,  -0.527838,   0.609321,   0.130806,   0.174748,   0.441428,   1.015158,  
Y Velocity[A/fs],  -0.135417,   0.141783,   0.158947,  -0.135456,  -1.011007,  -0.198259,  -0.078562,   0.235845,   0.950035,   0.914578,   0.255495,  -1.010278,  -0.241140,  -0.013506, 
Z Velocity[A/fs],   0.035887,  -0.124539,   0.126698,  -0.038751,  -0.254686,   0.933834,  -0.282432,  -1.050346,   0.073080,  -0.100498,   1.049334,   0.290300,  -0.954870,   0.322103,  
Speed[A/fs],   0.238671,   0.215196,   0.226380,   0.236578,   1.048819,   1.072591,   1.040283,   1.086349,   1.089275,   1.103551,   1.087883,   1.065586,   1.079251,   1.065119,  
 
r_seed=41,   C[0],   C[1],   C[2],   C[3],   H[4],   H[5],   H[6],   H[7],   H[8],   H[9],   H[10],   H[11],   H[12],   H[13],  
Charges,    1.8938743073,    1.7594900340,    1.7606041218,    1.9721456847,    0.9989918211,    0.9978494772,    0.9702689945,    0.9992270806,    0.9979124209,    0.9987249802,    0.9979209150,    0.9974543072,    0.9988159531,    0.9983612662,  
Time[fs],  43.358000,  51.739000,  52.161000,  45.965000,   8.044000,   8.661000,   8.098000,   7.888000,   8.319000,   8.311000,   7.845000,   8.041000,   8.694000,   7.807000,  
Charge Sum,   17.3416413638, 
X Velocity[A/fs],  -0.193761,  -0.106240,   0.115394,   0.182024,  -0.149036,  -0.417674,  -0.986048,  -0.143834,  -0.547844,   0.528161,   0.139386,   0.140277,   0.467139,   1.023134,  
Y Velocity[A/fs],  -0.120188,   0.159764,   0.158065,  -0.145188,  -1.009304,  -0.209481,  -0.102959,   0.221912,   0.947325,   0.957957,   0.228699,  -1.010742,  -0.212392,  -0.049343, 
Z Velocity[A/fs],   0.044032,  -0.113672,   0.111518,  -0.044081,  -0.243923,   0.958768,  -0.312730,  -1.047970,   0.137719,  -0.092813,   1.051159,   0.293155,  -0.952712,   0.270709,  
Speed[A/fs],   0.232222,   0.223008,   0.225248,   0.236971,   1.049001,   1.066569,   1.039563,   1.080821,   1.102962,   1.097839,   1.084743,   1.061704,   1.082123,   1.059491,  
 
r_seed=42,   C[0],   C[1],   C[2],   C[3],   H[4],   H[5],   H[6],   H[7],   H[8],   H[9],   H[10],   H[11],   H[12],   H[13],  
Charges,    1.8938743073,    1.7594900340,    1.7606041218,    1.9721456847,    0.9989918211,    0.9978494772,    0.9702689945,    0.9992270806,    0.9979124209,    0.9987249802,    0.9979209150,    0.9974543072,    0.9988159531,    0.9983612662,  
Time[fs],  43.291000,  54.166000,  55.863000,  46.168000,   8.016000,   8.894000,   7.838000,   7.883000,   8.522000,   8.302000,   7.940000,   8.015000,   8.825000,   7.852000,  
Charge Sum,   17.3416413638, 
X Velocity[A/fs],  -0.194771,  -0.106866,   0.103841,   0.182868,  -0.122134,  -0.478489,  -1.008878,  -0.158663,  -0.562336,   0.544483,   0.160343,   0.161581,   0.498330,   1.015657,  
Y Velocity[A/fs],  -0.129805,   0.153846,   0.148235,  -0.141705,  -1.013445,  -0.210230,  -0.114227,   0.239362,   0.934042,   0.948466,   0.197687,  -1.010287,  -0.224669,  -0.049662, 
Z Velocity[A/fs],   0.036548,  -0.120089,   0.125310,  -0.053561,  -0.247273,   0.935764,  -0.249368,  -1.046722,   0.093761,  -0.108953,   1.048289,   0.309988,  -0.939127,   0.295372,  
Speed[A/fs],   0.236899,   0.222509,   0.220135,   0.237465,   1.050301,   1.071822,   1.045498,   1.085401,   1.094279,   1.099054,   1.078749,   1.069056,   1.086632,   1.058900,  
 
r_seed=43,   C[0],   C[1],   C[2],   C[3],   H[4],   H[5],   H[6],   H[7],   H[8],   H[9],   H[10],   H[11],   H[12],   H[13],  
Charges,    1.8938743073,    1.7594900340,    1.7606041218,    1.9721456847,    0.9989918211,    0.9978494772,    0.9702689945,    0.9992270806,    0.9979124209,    0.9987249802,    0.9979209150,    0.9974543072,    0.9988159531,    0.9983612662,  
Time[fs],  45.468000,  56.331000,  55.902000,  43.998000,   8.114000,   8.791000,   7.975000,   7.799000,   8.393000,   8.344000,   7.880000,   7.862000,   8.817000,   7.748000,  
Charge Sum,   17.3416413638, 
X Velocity[A/fs],  -0.184875,  -0.105014,   0.103880,   0.192477,  -0.174359,  -0.491040,  -1.004112,  -0.145123,  -0.530182,   0.524445,   0.120078,   0.153072,   0.454007,   1.025211,  
Y Velocity[A/fs],  -0.145045,   0.147664,   0.148945,  -0.140412,  -0.999019,  -0.170160,  -0.073515,   0.239562,   0.946981,   0.953609,   0.200486,  -1.031462,  -0.208161,  -0.074031, 
Z Velocity[A/fs],   0.032106,  -0.116806,   0.129523,  -0.036381,  -0.329491,   0.939998,  -0.249036,  -1.052073,   0.090782,  -0.086803,   1.054950,   0.223066,  -0.948553,   0.279854,  
Speed[A/fs],   0.237166,   0.215584,   0.223052,   0.241012,   1.066304,   1.074091,   1.037143,   1.088718,   1.089085,   1.091763,   1.080524,   1.066350,   1.072010,   1.065297,  
 
r_seed=44,   C[0],   C[1],   C[2],   C[3],   H[4],   H[5],   H[6],   H[7],   H[8],   H[9],   H[10],   H[11],   H[12],   H[13],  
Charges,    1.8938743073,    1.7594900340,    1.7606041218,    1.9721456847,    0.9989918211,    0.9978494772,    0.9702689945,    0.9992270806,    0.9979124209,    0.9987249802,    0.9979209150,    0.9974543072,    0.9988159531,    0.9983612662,  
Time[fs],  44.073000,  59.387000,  56.830000,  43.512000,   7.909000,   8.798000,   8.155000,   7.853000,   8.367000,   8.348000,   7.871000,   7.910000,   8.683000,   7.930000,  
Charge Sum,   17.3416413638, 
X Velocity[A/fs],  -0.190148,  -0.114144,   0.100225,   0.193941,  -0.139352,  -0.466160,  -0.975591,  -0.162135,  -0.519356,   0.511516,   0.131346,   0.161624,   0.471993,   1.003177,  
Y Velocity[A/fs],  -0.143753,   0.139548,   0.146306,  -0.136610,  -1.022607,  -0.216707,  -0.063250,   0.244061,   0.949309,   0.952128,   0.223285,  -1.018675,  -0.236107,  -0.103775, 
Z Velocity[A/fs],   0.045987,  -0.122158,   0.118848,  -0.051759,  -0.233984,   0.942017,  -0.362142,  -1.046666,   0.113913,  -0.116537,   1.048573,   0.280074,  -0.949768,   0.338370,  
Speed[A/fs],   0.242768,   0.217773,   0.213484,   0.242805,   1.058250,   1.073156,   1.042557,   1.086905,   1.088069,   1.087096,   1.080099,   1.068767,   1.086547,   1.063780,  
 
r_seed=45,   C[0],   C[1],   C[2],   C[3],   H[4],   H[5],   H[6],   H[7],   H[8],   H[9],   H[10],   H[11],   H[12],   H[13],  
Charges,    1.8938743073,    1.7594900340,    1.7606041218,    1.9721456847,    0.9989918211,    0.9978494772,    0.9702689945,    0.9992270806,    0.9979124209,    0.9987249802,    0.9979209150,    0.9974543072,    0.9988159531,    0.9983612662,  
Time[fs],  44.141000,  52.636000,  56.735000,  44.656000,   8.140000,   8.720000,   7.933000,   7.935000,   8.212000,   8.323000,   7.929000,   8.022000,   8.602000,   7.845000,  
Charge Sum,   17.3416413638, 
X Velocity[A/fs],  -0.190419,  -0.108089,   0.098835,   0.190060,  -0.147318,  -0.469120,  -0.999823,  -0.112597,  -0.509955,   0.538610,   0.124255,   0.181456,   0.451921,   1.017416,  
Y Velocity[A/fs],  -0.134437,   0.157934,   0.146147,  -0.133343,  -1.005821,  -0.231568,  -0.079685,   0.258003,   0.965404,   0.951400,   0.228464,  -1.019704,  -0.198116,  -0.108395, 
Z Velocity[A/fs],   0.035642,  -0.114308,   0.135257,  -0.044519,  -0.255887,   0.943519,  -0.278619,  -1.044184,   0.063576,  -0.090001,   1.050691,   0.228808,  -0.960882,   0.287649,  
Speed[A/fs],   0.235803,   0.222918,   0.222310,   0.236400,   1.048263,   1.078854,   1.040973,   1.081464,   1.093664,   1.096979,   1.082398,   1.060696,   1.080175,   1.062838,  
 
r_seed=46,   C[0],   C[1],   C[2],   C[3],   H[4],   H[5],   H[6],   H[7],   H[8],   H[9],   H[10],   H[11],   H[12],   H[13],  
Charges,    1.8938743073,    1.7594900340,    1.7606041218,    1.9721456847,    0.9989918211,    0.9978494772,    0.9702689945,    0.9992270806,    0.9979124209,    0.9987249802,    0.9979209150,    0.9974543072,    0.9988159531,    0.9983612662,  
Time[fs],  42.360000,  54.794000,  54.960000,  45.147000,   8.058000,   8.759000,   8.008000,   7.929000,   8.252000,   8.465000,   7.970000,   7.965000,   8.709000,   7.850000,  
Charge Sum,   17.3416413638, 
X Velocity[A/fs],  -0.198023,  -0.119197,   0.103469,   0.186815,  -0.144005,  -0.437278,  -0.993843,  -0.158625,  -0.505996,   0.549407,   0.124038,   0.162540,   0.473405,   1.014234,  
Y Velocity[A/fs],  -0.136818,   0.152050,   0.151309,  -0.142086,  -1.014530,  -0.252711,  -0.087395,   0.235531,   0.962854,   0.939847,   0.249971,  -1.025478,  -0.218731,  -0.104474, 
Z Velocity[A/fs],   0.031916,  -0.108985,   0.109541,  -0.040456,  -0.229088,   0.946146,  -0.318469,  -1.044773,   0.111537,  -0.102687,   1.042183,   0.223543,  -0.950519,   0.300942,  
Speed[A/fs],   0.242799,   0.221822,   0.213540,   0.238170,   1.049996,   1.072506,   1.047275,   1.082676,   1.093417,   1.093483,   1.078896,   1.062071,   1.084178,   1.063086,  
 
r_seed=47,   C[0],   C[1],   C[2],   C[3],   H[4],   H[5],   H[6],   H[7],   H[8],   H[9],   H[10],   H[11],   H[12],   H[13],  
Charges,    1.8938743073,    1.7594900340,    1.7606041218,    1.9721456847,    0.9989918211,    0.9978494772,    0.9702689945,    0.9992270806,    0.9979124209,    0.9987249802,    0.9979209150,    0.9974543072,    0.9988159531,    0.9983612662,  
Time[fs],  43.679000,  57.719000,  54.589000,  44.215000,   8.120000,   8.598000,   8.124000,   7.888000,   8.489000,   8.384000,   7.940000,   7.877000,   8.575000,   7.832000,  
Charge Sum,   17.3416413638, 
X Velocity[A/fs],  -0.192291,  -0.107639,   0.105267,   0.190514,  -0.151643,  -0.469791,  -0.978742,  -0.088894,  -0.556699,   0.546078,   0.123266,   0.154132,   0.443717,   1.019622,  
Y Velocity[A/fs],  -0.134815,   0.143401,   0.152002,  -0.138037,  -1.005830,  -0.163182,  -0.051800,   0.247652,   0.933821,   0.945811,   0.239069,  -1.020581,  -0.168060,  -0.070564, 
Z Velocity[A/fs],   0.048367,  -0.119809,   0.123323,  -0.048134,  -0.244208,   0.956235,  -0.353534,  -1.048246,   0.127656,  -0.118996,   1.045870,   0.290016,  -0.966963,   0.282196,  
Speed[A/fs],   0.239772,   0.215648,   0.222248,   0.240139,   1.046101,   1.077830,   1.041924,   1.080765,   1.094638,   1.098599,   1.079904,   1.072125,   1.077101,   1.060303,  
 
r_seed=48,   C[0],   C[1],   C[2],   C[3],   H[4],   H[5],   H[6],   H[7],   H[8],   H[9],   H[10],   H[11],   H[12],   H[13],  
Charges,    1.8938743073,    1.7594900340,    1.7606041218,    1.9721456847,    0.9989918211,    0.9978494772,    0.9702689945,    0.9992270806,    0.9979124209,    0.9987249802,    0.9979209150,    0.9974543072,    0.9988159531,    0.9983612662,  
Time[fs],  44.511000,  52.456000,  55.773000,  45.667000,   8.046000,   8.809000,   7.955000,   7.805000,   8.505000,   8.407000,   7.767000,   7.937000,   8.606000,   7.889000,  
Charge Sum,   17.3416413638, 
X Velocity[A/fs],  -0.189114,  -0.104832,   0.098817,   0.184765,  -0.148861,  -0.503309,  -0.991881,  -0.157735,  -0.551424,   0.539489,   0.145825,   0.173488,   0.439707,   1.007497,  
Y Velocity[A/fs],  -0.133221,   0.158247,   0.147810,  -0.141114,  -1.014055,  -0.171845,  -0.062766,   0.258644,   0.934096,   0.944991,   0.201674,  -1.023841,  -0.205271,  -0.093792, 
Z Velocity[A/fs],   0.032384,  -0.121410,   0.133429,  -0.039881,  -0.205869,   0.935325,  -0.319512,  -1.047276,   0.158848,  -0.078523,   1.059368,   0.242455,  -0.959398,   0.322336,  
Speed[A/fs],   0.233583,   0.225327,   0.222297,   0.235885,   1.045395,   1.075957,   1.043962,   1.090213,   1.096283,   1.090973,   1.088209,   1.066364,   1.075139,   1.061955,  
 
r_seed=49,   C[0],   C[1],   C[2],   C[3],   H[4],   H[5],   H[6],   H[7],   H[8],   H[9],   H[10],   H[11],   H[12],   H[13],  
Charges,    1.8938743073,    1.7594900340,    1.7606041218,    1.9721456847,    0.9989918211,    0.9978494772,    0.9702689945,    0.9992270806,    0.9979124209,    0.9987249802,    0.9979209150,    0.9974543072,    0.9988159531,    0.9983612662,  
Time[fs],  43.925000,  55.157000,  54.115000,  45.119000,   8.098000,   8.806000,   7.963000,   7.804000,   8.550000,   8.091000,   7.816000,   8.185000,   8.563000,   7.882000,  
Charge Sum,   17.3416413638, 
X Velocity[A/fs],  -0.190918,  -0.108584,   0.106711,   0.186882,  -0.154568,  -0.478422,  -1.001329,  -0.121670,  -0.564885,   0.485042,   0.154854,   0.105677,   0.453409,   1.013122,  
Y Velocity[A/fs],  -0.128933,   0.149762,   0.153228,  -0.139068,  -1.002748,  -0.179433,  -0.074174,   0.224932,   0.932613,   0.979188,   0.202761,  -1.000153,  -0.177152,  -0.082306, 
Z Velocity[A/fs],   0.052191,  -0.121661,   0.119596,  -0.050456,  -0.302485,   0.945977,  -0.274281,  -1.054611,   0.102922,  -0.054446,   1.055516,   0.315492,  -0.963794,   0.295612,  
Speed[A/fs],   0.236215,   0.221406,   0.221742,   0.238350,   1.058722,   1.075154,   1.040861,   1.085174,   1.095196,   1.094093,   1.085912,   1.054044,   1.079751,   1.058573,  
 
r_seed=50,   C[0],   C[1],   C[2],   C[3],   H[4],   H[5],   H[6],   H[7],   H[8],   H[9],   H[10],   H[11],   H[12],   H[13],  
Charges,    1.8938743073,    1.7594900340,    1.7606041218,    1.9721456847,    0.9989918211,    0.9978494772,    0.9702689945,    0.9992270806,    0.9979124209,    0.9987249802,    0.9979209150,    0.9974543072,    0.9988159531,    0.9983612662,  
Time[fs],  43.867000,  56.009000,  55.129000,  45.097000,   8.072000,   8.714000,   8.080000,   7.831000,   8.475000,   8.287000,   7.956000,   8.011000,   8.556000,   7.874000,  
Charge Sum,   17.3416413638, 
X Velocity[A/fs],  -0.192220,  -0.102436,   0.106343,   0.186434,  -0.148061,  -0.478465,  -0.987713,  -0.161468,  -0.570934,   0.493354,   0.165160,   0.138726,   0.440150,   1.012273,  
Y Velocity[A/fs],  -0.127567,   0.148052,   0.149672,  -0.141437,  -1.001213,  -0.172077,  -0.103352,   0.200888,   0.935602,   0.959227,   0.268953,  -1.011974,  -0.236917,  -0.073438, 
Z Velocity[A/fs],   0.049723,  -0.122418,   0.128111,  -0.051210,  -0.307787,   0.947552,  -0.307441,  -1.053088,   0.054214,  -0.162120,   1.039174,   0.298248,  -0.962326,   0.299951,  
Speed[A/fs],   0.235996,   0.217712,   0.223881,   0.239551,   1.057867,   1.075358,   1.039605,   1.084169,   1.097386,   1.090778,   1.086046,   1.064090,   1.084404,   1.058329,  
 
