C4H10_14r45,   C[0],   C[1],   C[2],   C[3],   H[4],   H[5],   H[6],   H[7],   H[8],   H[9],   H[10],   H[11],   H[12],   H[13],  
Charges,    1.8271033764,    1.9202253819,    1.5992848873,    1.8689763546,    0.9989988598,    0.9960558740,    0.9603443556,    0.9991044044,    0.9949495397,    0.9990239762,    0.9959961371,    0.9952793955,    0.9992911256,    0.9999619362,  
Time[fs],  69.431000,  64.976000,  77.458000,  69.306000,  28.287000,  30.253000,  27.039000,  28.399000,  29.291000,  29.074000,  28.254000,  28.541000,  29.313000,  27.301000,  
Charge Sum,   17.1545956041, 
X Velocity[A/fs],  -0.166890,  -0.105176,   0.104250,   0.167754,  -0.264560,  -0.533118,  -0.836003,  -0.136719,  -0.537279,   0.487194,   0.092121,   0.207399,   0.455394,   0.805595,  
Y Velocity[A/fs],  -0.152269,   0.182600,   0.133585,  -0.128519,  -0.782201,  -0.126197,  -0.085928,   0.202975,   0.692117,   0.702944,   0.085252,  -0.782526,  -0.089635,  -0.116633, 
Z Velocity[A/fs],   0.023518,  -0.110488,   0.144801,  -0.088365,  -0.168326,   0.670806,  -0.222417,  -0.817587,   0.123059,  -0.036281,   0.826935,   0.120904,  -0.711309,   0.217594,  
Speed[A/fs],   0.227137,   0.237933,   0.222891,   0.229056,   0.842712,   0.866095,   0.869341,   0.853428,   0.884781,   0.856040,   0.836406,   0.818522,   0.849340,   0.842576,  
 
C4H10_14r50,   C[0],   C[1],   C[2],   C[3],   H[4],   H[5],   H[6],   H[7],   H[8],   H[9],   H[10],   H[11],   H[12],   H[13],  
Charges,    1.7544584274,    1.7009017467,    1.6598536968,    2.1096961498,    0.9997086496,    0.9994726413,    0.9996185747,    0.9998036272,    0.9991032179,    0.9992925554,    0.9993913943,    0.9988517904,    0.9999324230,    0.9999621173,  
Time[fs],  69.490000,  71.792000,  66.322000,  65.292000,  28.588000,  30.081000,  27.584000,  28.035000,  29.922000,  28.944000,  28.381000,  28.650000,  30.232000,  27.384000,  
Charge Sum,   17.2200470118, 
X Velocity[A/fs],  -0.168168,  -0.119562,   0.088175,   0.187477,  -0.185493,  -0.579340,  -0.810222,  -0.071893,  -0.579802,   0.484850,   0.061907,   0.217447,   0.480250,   0.795999,  
Y Velocity[A/fs],  -0.114690,   0.130740,   0.176452,  -0.167461,  -0.772187,  -0.083964,  -0.142073,   0.151837,   0.664646,   0.709330,   0.188261,  -0.761886,  -0.155424,  -0.087045, 
Z Velocity[A/fs],   0.090312,  -0.161100,   0.134043,  -0.031422,  -0.232462,   0.663607,  -0.272126,  -0.837278,   0.097519,  -0.111827,   0.832881,   0.327752,  -0.684980,   0.267126,  
Speed[A/fs],   0.222690,   0.239461,   0.238490,   0.253334,   0.827477,   0.884906,   0.866428,   0.853965,   0.887375,   0.866449,   0.856134,   0.857424,   0.850879,   0.844126,  
 
C4H10_14r37,   C[0],   C[1],   C[2],   C[3],   H[4],   H[5],   H[6],   H[7],   H[8],   H[9],   H[10],   H[11],   H[12],   H[13],  
Charges,    1.6081187725,    1.7640211582,    1.8875098228,    1.8605563641,    0.9994549367,    0.9996293648,    0.9991617362,    0.9995545063,    0.9973304048,    0.9997596502,    0.9979786701,    0.9974977274,    0.9997876785,    0.9998640698,  
Time[fs],  65.980000,  71.086000,  68.235000,  70.127000,  28.577000,  30.719000,  27.572000,  28.282000,  29.509000,  29.676000,  28.117000,  29.067000,  29.880000,  26.790000,  
Charge Sum,   17.1102248623, 
X Velocity[A/fs],  -0.181285,  -0.113098,   0.120425,   0.165995,  -0.188875,  -0.539405,  -0.805767,  -0.092489,  -0.559810,   0.506798,   0.068283,   0.211137,   0.404342,   0.828215,  
Y Velocity[A/fs],  -0.138795,   0.157229,   0.167069,  -0.153307,  -0.761032,  -0.196699,  -0.125256,   0.200486,   0.675951,   0.678352,   0.179221,  -0.735701,  -0.227431,  -0.059887, 
Z Velocity[A/fs],   0.038905,  -0.132930,   0.154324,  -0.020521,  -0.291899,   0.664478,  -0.295700,  -0.823010,   0.142276,  -0.200285,   0.831489,   0.375988,  -0.706830,   0.126426,  
Speed[A/fs],   0.231607,   0.234909,   0.257352,   0.226889,   0.836689,   0.878168,   0.867403,   0.852112,   0.889123,   0.870127,   0.853321,   0.852761,   0.845473,   0.839947,  
 
C4H10_14r49,   C[0],   C[1],   C[2],   C[3],   H[4],   H[5],   H[6],   H[7],   H[8],   H[9],   H[10],   H[11],   H[12],   H[13],  
Charges,    1.8497028351,    1.5453152657,    1.7837784290,    2.2008752823,    0.9994377146,    0.9981455134,    0.9625943266,    0.9996494494,    0.9983505765,    0.9980397099,    0.9990938313,    0.9984933400,    0.9996199524,    0.9998467130,  
Time[fs],  65.557000,  69.727000,  70.489000,  65.878000,  28.551000,  29.920000,  26.555000,  28.304000,  29.192000,  28.998000,  28.119000,  28.742000,  29.403000,  26.995000,  
Charge Sum,   17.3329429390, 
X Velocity[A/fs],  -0.183296,  -0.121497,   0.107466,   0.185795,  -0.251531,  -0.432857,  -0.870505,  -0.099919,  -0.564239,   0.487295,   0.070610,   0.178702,   0.452273,   0.812663,  
Y Velocity[A/fs],  -0.130659,   0.161876,   0.159050,  -0.164663,  -0.753947,  -0.221432,  -0.008772,   0.195258,   0.691648,   0.709454,   0.186750,  -0.765921,  -0.154391,  -0.076594, 
Z Velocity[A/fs],   0.018740,  -0.128852,   0.165653,  -0.079807,  -0.344572,   0.703616,  -0.091593,  -0.830789,   0.034329,  -0.121964,   0.830869,   0.282601,  -0.716318,   0.151061,  
Speed[A/fs],   0.225876,   0.239933,   0.253548,   0.260773,   0.866276,   0.855261,   0.875354,   0.859256,   0.893265,   0.869285,   0.854521,   0.835723,   0.861103,   0.830125,  
 
C4H10_14r3,   C[0],   C[1],   C[2],   C[3],   H[4],   H[5],   H[6],   H[7],   H[8],   H[9],   H[10],   H[11],   H[12],   H[13],  
Charges,    1.4689042568,    1.7642037868,    1.7659919262,    2.0646393299,    0.9995684412,    0.9987258983,    0.9613563418,    0.9996816693,    0.9978965672,    0.9984763305,    0.9993033111,    0.9983497418,    0.9998519639,    0.9953369228,  
Time[fs],  68.299000,  71.199000,  66.892000,  64.452000,  28.766000,  30.224000,  26.766000,  28.168000,  29.755000,  28.940000,  28.288000,  28.629000,  30.391000,  27.615000,  
Charge Sum,   17.0122864878, 
X Velocity[A/fs],  -0.172594,  -0.107061,   0.098990,   0.191021,  -0.201319,  -0.452259,  -0.855076,  -0.039641,  -0.557709,   0.498098,  -0.035248,   0.157387,   0.502134,   0.783668,  
Y Velocity[A/fs],  -0.143660,   0.157591,   0.173413,  -0.166705,  -0.737115,  -0.249102,  -0.013998,   0.225995,   0.674170,   0.704510,   0.244927,  -0.755101,  -0.209682,  -0.060003, 
Z Velocity[A/fs],   0.024367,  -0.149010,   0.131697,  -0.034123,  -0.375949,   0.689177,  -0.134090,  -0.831158,   0.107825,  -0.062103,   0.814919,   0.331489,  -0.666718,   0.284153,  
Speed[A/fs],   0.225878,   0.241870,   0.239197,   0.255820,   0.851590,   0.861136,   0.865639,   0.862247,   0.881573,   0.865039,   0.851660,   0.839543,   0.860592,   0.835750,  
 
C4H10_14r2,   C[0],   C[1],   C[2],   C[3],   H[4],   H[5],   H[6],   H[7],   H[8],   H[9],   H[10],   H[11],   H[12],   H[13],  
Charges,    1.9105086327,    2.0089557171,    1.8917520046,    1.9286270142,    0.9990710848,    0.9966334591,    0.9219546765,    0.9989603380,    0.9959353297,    0.9993367168,    0.9969160305,    0.9977139761,    0.9996838821,    0.9997022515,  
Time[fs],  67.771000,  68.401000,  72.339000,  67.754000,  28.645000,  30.241000,  26.841000,  28.247000,  29.129000,  29.218000,  28.341000,  28.911000,  30.377000,  26.922000,  
Charge Sum,   17.6457511137, 
X Velocity[A/fs],  -0.175202,  -0.115466,   0.104859,   0.173965,  -0.247103,  -0.488033,  -0.849525,  -0.041932,  -0.512558,   0.492448,   0.071096,   0.162829,   0.421929,   0.813579,  
Y Velocity[A/fs],  -0.165246,   0.168212,   0.153418,  -0.155272,  -0.750279,  -0.199212,  -0.027851,   0.212395,   0.703701,   0.697266,   0.228793,  -0.747345,  -0.297967,  -0.059879, 
Z Velocity[A/fs],   0.020329,  -0.156699,   0.153185,  -0.029832,  -0.331523,   0.683841,  -0.164600,  -0.822933,   0.184522,  -0.145968,   0.816491,   0.371131,  -0.679619,   0.159060,  
Speed[A/fs],   0.241693,   0.257259,   0.240827,   0.235081,   0.856672,   0.863424,   0.865772,   0.850934,   0.889921,   0.866021,   0.850917,   0.850162,   0.853633,   0.831142,  
 
C4H10_14r38,   C[0],   C[1],   C[2],   C[3],   H[4],   H[5],   H[6],   H[7],   H[8],   H[9],   H[10],   H[11],   H[12],   H[13],  
Charges,    1.8802790642,    2.0150299072,    1.8422675133,    1.7453563213,    0.9994995202,    0.9973678242,    0.9459681734,    0.9995110228,    0.9978211198,    0.9971981316,    0.9978105384,    0.9969001312,    0.9997885228,    0.9949102979,  
Time[fs],  69.575000,  66.406000,  72.455000,  67.547000,  28.754000,  30.018000,  26.950000,  28.023000,  29.599000,  28.828000,  28.217000,  28.346000,  30.365000,  27.879000,  
Charge Sum,   17.4097080885, 
X Velocity[A/fs],  -0.167683,  -0.105829,   0.110963,   0.171920,  -0.275541,  -0.467716,  -0.842893,  -0.066260,  -0.552444,   0.455087,   0.111043,   0.141478,   0.509889,   0.774443,  
Y Velocity[A/fs],  -0.160656,   0.176012,   0.152772,  -0.137643,  -0.740182,  -0.192816,  -0.075933,   0.157307,   0.680436,   0.726197,   0.117093,  -0.802365,  -0.107842,  -0.108583, 
Z Velocity[A/fs],   0.028456,  -0.142214,   0.146481,  -0.018742,  -0.324326,   0.706216,  -0.187317,  -0.838965,   0.114145,  -0.073826,   0.831210,   0.150686,  -0.670711,   0.349155,  
Speed[A/fs],   0.233960,   0.249810,   0.238975,   0.221029,   0.853803,   0.868722,   0.866788,   0.856153,   0.883864,   0.860184,   0.846730,   0.828560,   0.849394,   0.856424,  
 
C4H10_14r4,   C[0],   C[1],   C[2],   C[3],   H[4],   H[5],   H[6],   H[7],   H[8],   H[9],   H[10],   H[11],   H[12],   H[13],  
Charges,    1.8776807785,    1.7966670990,    1.4627828598,    1.9408261776,    0.9991215483,    0.9972310148,    0.9786860570,    0.9993598493,    0.9998210329,    0.9926960240,    0.9967204460,    0.9993486486,    0.9996751609,    0.9996936051,  
Time[fs],  68.619000,  71.050000,  68.960000,  67.851000,  28.203000,  30.340000,  27.122000,  28.056000,  28.948000,  28.505000,  28.355000,  29.563000,  29.945000,  26.806000,  
Charge Sum,   17.0403103018, 
X Velocity[A/fs],  -0.170295,  -0.097154,   0.093257,   0.175373,  -0.150607,  -0.537935,  -0.827464,  -0.087932,  -0.499041,   0.455004,   0.056438,   0.281900,   0.367822,   0.837044,  
Y Velocity[A/fs],  -0.147743,   0.159692,   0.164443,  -0.165024,  -0.811959,  -0.155096,  -0.085408,   0.140474,   0.713554,   0.732914,   0.173419,  -0.682353,  -0.276430,   0.040809, 
Z Velocity[A/fs],   0.018554,  -0.127031,   0.120743,  -0.023313,  -0.161710,   0.665932,  -0.249833,  -0.841262,   0.093810,  -0.048804,   0.827443,   0.456734,  -0.714907,   0.037966,  
Speed[A/fs],   0.226214,   0.226003,   0.224315,   0.241934,   0.841492,   0.869997,   0.868567,   0.857430,   0.875787,   0.864045,   0.847302,   0.868147,   0.850176,   0.838898,  
 
C4H10_14r44,   C[0],   C[1],   C[2],   C[3],   H[4],   H[5],   H[6],   H[7],   H[8],   H[9],   H[10],   H[11],   H[12],   H[13],  
Charges,    1.7899980545,    1.6370568275,    2.1645054817,    2.2123899460,    0.9994933471,    0.9972325095,    0.9460557364,    0.9992760293,    0.9969043923,    0.9970943513,    0.9977709067,    0.9989280199,    0.9963869166,    0.9998076598,  
Time[fs],  64.860000,  68.432000,  68.469000,  64.034000,  28.451000,  30.157000,  26.934000,  28.065000,  29.550000,  28.589000,  28.194000,  29.102000,  28.812000,  26.783000,  
Charge Sum,   17.7329001787, 
X Velocity[A/fs],  -0.187573,  -0.141802,   0.134795,   0.192209,  -0.207212,  -0.533166,  -0.842864,  -0.069518,  -0.569900,   0.460594,   0.081671,   0.242960,   0.292926,   0.822976,  
Y Velocity[A/fs],  -0.141680,   0.164608,   0.164640,  -0.162985,  -0.770697,  -0.150321,  -0.097464,   0.224884,   0.675217,   0.725408,   0.092287,  -0.718507,  -0.290542,  -0.030516, 
Z Velocity[A/fs],   0.022722,  -0.143188,   0.176712,  -0.084279,  -0.290453,   0.681312,  -0.177608,  -0.833735,   0.115149,  -0.061150,   0.835366,   0.381144,  -0.753764,   0.062345,  
Speed[A/fs],   0.236163,   0.260204,   0.276592,   0.265728,   0.849279,   0.878093,   0.866869,   0.866325,   0.891046,   0.861454,   0.844407,   0.848854,   0.859290,   0.825898,  
 
C4H10_14r46,   C[0],   C[1],   C[2],   C[3],   H[4],   H[5],   H[6],   H[7],   H[8],   H[9],   H[10],   H[11],   H[12],   H[13],  
Charges,    1.7598938942,    1.8612248898,    2.0652760267,    1.7017853260,    0.9996972078,    0.9998969159,    0.9855680475,    0.9986128814,    0.9998435225,    0.9995749971,    0.9976216676,    0.9985889232,    0.9998226596,    0.9998651804,  
Time[fs],  69.265000,  70.089000,  71.230000,  70.252000,  28.281000,  31.261000,  27.260000,  27.953000,  28.903000,  29.129000,  27.988000,  28.619000,  30.249000,  26.946000,  
Charge Sum,   17.3672721397, 
X Velocity[A/fs],  -0.168491,  -0.111142,   0.121173,   0.162130,  -0.205551,  -0.633602,  -0.825065,  -0.103393,  -0.489941,   0.489739,   0.074360,   0.163913,   0.456432,   0.818163,  
Y Velocity[A/fs],  -0.153596,   0.149667,   0.152075,  -0.141862,  -0.794852,  -0.025376,  -0.096803,   0.102188,   0.729935,   0.702509,   0.201274,  -0.765350,  -0.242721,  -0.033032, 
Z Velocity[A/fs],   0.055036,  -0.169213,   0.162849,  -0.024237,  -0.224800,   0.606838,  -0.250737,  -0.849304,   0.062464,  -0.115842,   0.834434,   0.362935,  -0.683767,   0.197763,  
Speed[A/fs],   0.234542,   0.251765,   0.253633,   0.216791,   0.851220,   0.877694,   0.867739,   0.861655,   0.881333,   0.864166,   0.861581,   0.862757,   0.857193,   0.842373,  
 
C4H10_14r30,   C[0],   C[1],   C[2],   C[3],   H[4],   H[5],   H[6],   H[7],   H[8],   H[9],   H[10],   H[11],   H[12],   H[13],  
Charges,    1.5808281898,    1.9638609886,    1.8335134983,    2.1461923122,    0.9982015772,    0.9984356714,    0.9535992928,    0.9993679986,    0.9998772516,    0.9980795338,    0.9977321771,    0.9990568875,    0.9997119039,    0.9999125741,  
Time[fs],  65.945000,  70.449000,  67.755000,  62.722000,  29.912000,  30.151000,  26.835000,  28.403000,  28.637000,  30.696000,  28.168000,  29.165000,  30.148000,  26.733000,  
Charge Sum,   17.4683698572, 
X Velocity[A/fs],  -0.181989,  -0.133045,   0.083821,   0.197283,  -0.253877,  -0.403009,  -0.857068,  -0.036838,  -0.489753,   0.595379,   0.036136,   0.139670,   0.381170,   0.820847,  
Y Velocity[A/fs],  -0.160403,   0.160843,   0.170414,  -0.157603,  -0.674822,  -0.324371,  -0.009253,   0.298297,   0.723251,   0.619986,   0.236146,  -0.726449,  -0.311430,  -0.095008, 
Z Velocity[A/fs],   0.036563,  -0.149461,   0.143736,  -0.029887,  -0.484478,   0.701228,  -0.121966,  -0.814250,   0.178435,  -0.132839,   0.828987,   0.418158,  -0.698908,   0.117427,  
Speed[A/fs],   0.245328,   0.256729,   0.238174,   0.254269,   0.868652,   0.871409,   0.865752,   0.867953,   0.891510,   0.869773,   0.862723,   0.849760,   0.854840,   0.834629,  
 
C4H10_14r6,   C[0],   C[1],   C[2],   C[3],   H[4],   H[5],   H[6],   H[7],   H[8],   H[9],   H[10],   H[11],   H[12],   H[13],  
Charges,    1.9728629589,    2.0675982237,    1.9363138676,    1.7604708672,    0.9991811775,    0.9950451064,    0.9708184414,    0.9989089196,    0.9944095183,    0.9995534065,    0.9959128229,    0.9948506560,    0.9930435675,    0.9998142760,  
Time[fs],  65.461000,  64.601000,  72.652000,  70.317000,  28.470000,  30.287000,  27.015000,  28.171000,  29.339000,  29.981000,  28.188000,  28.786000,  28.737000,  27.139000,  
Charge Sum,   17.6787838094, 
X Velocity[A/fs],  -0.181130,  -0.116760,   0.121859,   0.161750,  -0.231867,  -0.531611,  -0.838678,  -0.070990,  -0.493295,   0.577136,   0.095398,   0.188309,   0.374227,   0.812764,  
Y Velocity[A/fs],  -0.167884,   0.183778,   0.137729,  -0.119152,  -0.775006,  -0.166405,  -0.042477,   0.268960,   0.699193,   0.660304,   0.108084,  -0.764968,  -0.155083,  -0.122014, 
Z Velocity[A/fs],   0.029851,  -0.132742,   0.160522,  -0.087970,  -0.264651,   0.680548,  -0.261572,  -0.821241,   0.234616,  -0.074337,   0.834373,   0.267330,  -0.753569,   0.147568,  
Speed[A/fs],   0.248765,   0.255005,   0.244103,   0.219315,   0.851139,   0.879458,   0.879548,   0.867073,   0.887274,   0.880121,   0.846736,   0.831926,   0.855548,   0.835014,  
 
C4H10_14r14,   C[0],   C[1],   C[2],   C[3],   H[4],   H[5],   H[6],   H[7],   H[8],   H[9],   H[10],   H[11],   H[12],   H[13],  
Charges,    1.8526623249,    1.8330490589,    1.6135458946,    2.0481109619,    0.9982526716,    0.9976792999,    0.9894439746,    0.9996295271,    0.9981524394,    0.9983633107,    0.9990112716,    0.9988747005,    0.9998009050,    0.9999351163,  
Time[fs],  69.065000,  70.556000,  72.165000,  64.836000,  29.356000,  29.873000,  27.021000,  28.218000,  29.660000,  28.964000,  28.026000,  28.283000,  30.590000,  27.323000,  
Charge Sum,   17.3265114571, 
X Velocity[A/fs],  -0.170123,  -0.111584,   0.087508,   0.187742,  -0.285164,  -0.421868,  -0.841344,  -0.038870,  -0.561329,   0.481200,   0.014250,   0.080570,   0.524505,   0.788810,  
Y Velocity[A/fs],  -0.147072,   0.160640,   0.154927,  -0.168438,  -0.689922,  -0.254606,   0.013597,   0.298324,   0.672076,   0.710871,   0.238038,  -0.809418,  -0.173584,  -0.079039, 
Z Velocity[A/fs],   0.032719,  -0.139858,   0.136154,  -0.025865,  -0.439194,   0.720136,  -0.221079,  -0.812154,   0.200682,  -0.098494,   0.829185,   0.239686,  -0.656022,   0.252650,  
Speed[A/fs],   0.227251,   0.240451,   0.224049,   0.253550,   0.866142,   0.872578,   0.870011,   0.866084,   0.898359,   0.864055,   0.862793,   0.847996,   0.857672,   0.832046,  
 
C4H10_14r40,   C[0],   C[1],   C[2],   C[3],   H[4],   H[5],   H[6],   H[7],   H[8],   H[9],   H[10],   H[11],   H[12],   H[13],  
Charges,    1.8700089455,    1.6710104942,    1.8428542614,    1.9336905479,    0.9993388131,    0.9976207884,    0.9738504812,    0.9994297508,    0.9998627493,    0.9997863627,    0.9988478150,    0.9953883598,    0.9963045826,    0.9998423309,  
Time[fs],  64.872000,  75.557000,  66.573000,  69.359000,  28.873000,  30.120000,  26.680000,  28.267000,  28.693000,  29.551000,  28.100000,  28.173000,  30.863000,  26.928000,  
Charge Sum,   17.2778362829, 
X Velocity[A/fs],  -0.184339,  -0.106170,   0.106088,   0.168475,  -0.244641,  -0.395290,  -0.860694,  -0.051193,  -0.499407,   0.493350,  -0.017576,   0.156773,   0.517163,   0.818459,  
Y Velocity[A/fs],  -0.137939,   0.143767,   0.172897,  -0.161461,  -0.729627,  -0.317234,   0.005649,   0.159016,   0.729686,   0.691684,   0.251878,  -0.778670,  -0.197902,  -0.033721, 
Z Velocity[A/fs],   0.025007,  -0.148065,   0.149403,  -0.022876,  -0.387135,   0.699140,  -0.096461,  -0.837759,   0.052511,  -0.195877,   0.823053,   0.274437,  -0.651077,   0.192874,  
Speed[A/fs],   0.231589,   0.232087,   0.251931,   0.234471,   0.861439,   0.863533,   0.866101,   0.854252,   0.885780,   0.871888,   0.860911,   0.840369,   0.854706,   0.841554,  
 
C4H10_14r39,   C[0],   C[1],   C[2],   C[3],   H[4],   H[5],   H[6],   H[7],   H[8],   H[9],   H[10],   H[11],   H[12],   H[13],  
Charges,    1.7337331772,    2.0079135895,    1.5978171825,    2.1253885031,    0.9992588850,    0.9971655908,    0.9634239338,    0.9994587104,    0.9978228537,    0.9998044938,    0.9993367149,    0.9985786418,    0.9998823864,    0.9953814615,  
Time[fs],  65.765000,  70.638000,  69.252000,  62.543000,  28.817000,  30.518000,  26.929000,  28.055000,  29.433000,  29.866000,  28.251000,  28.815000,  30.470000,  27.559000,  
Charge Sum,   17.4149661244, 
X Velocity[A/fs],  -0.181160,  -0.092017,   0.074753,   0.198398,  -0.145857,  -0.505843,  -0.831774,  -0.053032,  -0.527381,   0.560250,  -0.042770,   0.156338,   0.535881,   0.778775,  
Y Velocity[A/fs],  -0.153074,   0.161036,   0.163247,  -0.156688,  -0.751063,  -0.269348,  -0.060366,   0.213260,   0.692252,   0.662881,   0.234579,  -0.747697,  -0.123329,  -0.084400, 
Z Velocity[A/fs],   0.030732,  -0.143729,   0.155535,  -0.045355,  -0.377961,   0.666047,  -0.197888,  -0.832909,   0.146066,  -0.127552,   0.827928,   0.340101,  -0.670465,   0.329589,  
Speed[A/fs],   0.239155,   0.234644,   0.237547,   0.256846,   0.853361,   0.878660,   0.857118,   0.861411,   0.882428,   0.877246,   0.861581,   0.836159,   0.867122,   0.849849,  
 
C4H10_14r28,   C[0],   C[1],   C[2],   C[3],   H[4],   H[5],   H[6],   H[7],   H[8],   H[9],   H[10],   H[11],   H[12],   H[13],  
Charges,    2.1106756926,    1.7152831554,    1.6011390686,    2.1104094982,    0.9990669776,    0.9997547788,    0.9845762737,    0.9992469220,    0.9998462525,    0.9997687823,    0.9984802854,    0.9995293260,    0.9997398444,    0.9999567035,  
Time[fs],  67.574000,  69.694000,  71.086000,  65.476000,  28.445000,  30.677000,  27.211000,  28.334000,  28.671000,  29.608000,  28.331000,  30.112000,  30.575000,  27.095000,  
Charge Sum,   17.5174735609, 
X Velocity[A/fs],  -0.175077,  -0.118266,   0.085173,   0.186379,  -0.173462,  -0.558673,  -0.833293,  -0.012114,  -0.505608,   0.538486,  -0.014124,   0.164308,   0.479674,   0.803467,  
Y Velocity[A/fs],  -0.148319,   0.161917,   0.157482,  -0.168496,  -0.766763,  -0.209173,  -0.077324,   0.194333,   0.723507,   0.667917,   0.234458,  -0.675810,  -0.237567,  -0.086339, 
Z Velocity[A/fs],   0.030089,  -0.126484,   0.151536,  -0.046245,  -0.323124,   0.652986,  -0.229837,  -0.828881,   0.053878,  -0.133441,   0.826954,   0.498526,  -0.673215,   0.230174,  
Speed[A/fs],   0.231421,   0.237070,   0.234559,   0.255473,   0.849955,   0.884455,   0.867860,   0.851444,   0.884310,   0.868267,   0.859665,   0.855713,   0.860084,   0.840234,  
 
C4H10_14r26,   C[0],   C[1],   C[2],   C[3],   H[4],   H[5],   H[6],   H[7],   H[8],   H[9],   H[10],   H[11],   H[12],   H[13],  
Charges,    1.8469321728,    1.7372219563,    1.6185677052,    1.8738393784,    0.9991809761,    0.9972602017,    0.9512799941,    0.9991141254,    0.9997651213,    0.9989308404,    0.9976683075,    0.9946201509,    0.9995531526,    0.9996995237,  
Time[fs],  67.877000,  73.453000,  69.195000,  67.576000,  28.852000,  30.265000,  26.863000,  28.211000,  28.976000,  29.299000,  28.492000,  28.887000,  30.257000,  26.895000,  
Charge Sum,   17.0136336063, 
X Velocity[A/fs],  -0.171617,  -0.094121,   0.093623,   0.174565,  -0.195972,  -0.451408,  -0.834873,  -0.067094,  -0.495022,   0.501669,   0.001934,   0.201888,   0.417706,   0.818707,  
Y Velocity[A/fs],  -0.140970,   0.149929,   0.162256,  -0.156220,  -0.737162,  -0.261761,  -0.026671,   0.177175,   0.710924,   0.689386,   0.236023,  -0.726627,  -0.293631,   0.014783, 
Z Velocity[A/fs],   0.031742,  -0.128169,   0.134537,  -0.030943,  -0.376123,   0.690577,  -0.184703,  -0.828843,   0.119356,  -0.107437,   0.808805,   0.385882,  -0.683714,   0.131026,  
Speed[A/fs],   0.224349,   0.218551,   0.230635,   0.236294,   0.850460,   0.865555,   0.855476,   0.850219,   0.874475,   0.859341,   0.842541,   0.847143,   0.853324,   0.829257,  
 
C4H10_14r1,   C[0],   C[1],   C[2],   C[3],   H[4],   H[5],   H[6],   H[7],   H[8],   H[9],   H[10],   H[11],   H[12],   H[13],  
Charges,    2.0106098652,    1.8003778458,    1.3881127834,    2.0583567619,    0.9995267497,    0.9980340532,    0.9907679493,    0.9997025600,    0.9999497990,    0.9996184191,    0.9989481773,    0.9985010229,    0.9987578945,    0.9999073549,  
Time[fs],  69.716000,  69.060000,  71.553000,  66.120000,  28.465000,  30.384000,  27.095000,  28.330000,  28.910000,  29.393000,  28.144000,  28.693000,  28.915000,  26.836000,  
Charge Sum,   17.2411712363, 
X Velocity[A/fs],  -0.166231,  -0.101421,   0.085629,   0.183539,  -0.211478,  -0.529741,  -0.834197,  -0.108959,  -0.510602,   0.511662,   0.066856,   0.222797,   0.374999,   0.830026,  
Y Velocity[A/fs],  -0.146797,   0.165409,   0.154460,  -0.155579,  -0.783309,  -0.130896,  -0.070127,   0.159729,   0.711250,   0.699316,   0.163785,  -0.751696,  -0.196928,   0.001903, 
Z Velocity[A/fs],   0.027214,  -0.117024,   0.143339,  -0.073649,  -0.258227,   0.675069,  -0.225777,  -0.827788,   0.089597,  -0.069377,   0.830169,   0.316919,  -0.743759,   0.106678,  
Speed[A/fs],   0.223434,   0.226586,   0.227457,   0.251626,   0.851456,   0.868031,   0.867051,   0.850070,   0.880124,   0.869284,   0.848809,   0.845649,   0.855910,   0.836855,  
 
C4H10_14r36,   C[0],   C[1],   C[2],   C[3],   H[4],   H[5],   H[6],   H[7],   H[8],   H[9],   H[10],   H[11],   H[12],   H[13],  
Charges,    2.0493292809,    1.5807943344,    1.7308042049,    2.0504785776,    0.9993161251,    0.9985931002,    0.9603896663,    0.9995532211,    0.9989531239,    0.9983389092,    0.9985076129,    0.9984948017,    0.9998522149,    0.9999721871,  
Time[fs],  71.229000,  71.773000,  66.730000,  64.036000,  29.005000,  30.168000,  26.778000,  28.218000,  30.082000,  28.952000,  28.484000,  28.811000,  30.528000,  27.256000,  
Charge Sum,   17.3633773602, 
X Velocity[A/fs],  -0.161368,  -0.119408,   0.096898,   0.191353,  -0.187348,  -0.453648,  -0.852093,  -0.108655,  -0.575883,   0.476712,  -0.001613,   0.147668,   0.497669,   0.801378,  
Y Velocity[A/fs],  -0.140343,   0.152530,   0.173544,  -0.160850,  -0.728457,  -0.265110,  -0.054755,   0.219449,   0.658212,   0.711919,   0.232261,  -0.749733,  -0.141287,  -0.065426, 
Z Velocity[A/fs],   0.026570,  -0.139430,   0.132312,  -0.029450,  -0.420827,   0.692250,  -0.155269,  -0.828594,   0.194383,  -0.137587,   0.811426,   0.346189,  -0.668509,   0.256112,  
Speed[A/fs],   0.215504,   0.238672,   0.238774,   0.251706,   0.861884,   0.869074,   0.867853,   0.864021,   0.895918,   0.867763,   0.844015,   0.838899,   0.845305,   0.843848,  
 
C4H10_14r7,   C[0],   C[1],   C[2],   C[3],   H[4],   H[5],   H[6],   H[7],   H[8],   H[9],   H[10],   H[11],   H[12],   H[13],  
Charges,    2.1634814739,    1.7752821445,    1.2964682579,    2.1295408010,    0.9991739860,    0.9966671299,    0.9489511587,    0.9984181413,    0.9960399251,    0.9992307940,    0.9979278627,    0.9983361880,    0.9996902548,    0.9997307571,  
Time[fs],  73.018000,  76.406000,  67.582000,  64.418000,  28.577000,  29.126000,  26.963000,  27.885000,  29.243000,  29.167000,  28.481000,  29.134000,  29.908000,  27.002000,  
Charge Sum,   17.2989388751, 
X Velocity[A/fs],  -0.155452,  -0.114832,   0.073926,   0.192063,  -0.228378,  -0.482066,  -0.836577,  -0.099133,  -0.533028,   0.509650,   0.078449,   0.210705,   0.380213,   0.809467,  
Y Velocity[A/fs],  -0.124096,   0.135588,   0.169593,  -0.178373,  -0.784718,  -0.102371,  -0.106687,   0.084520,   0.694850,   0.688475,   0.266652,  -0.719525,  -0.307206,  -0.046012, 
Z Velocity[A/fs],   0.089203,  -0.146089,   0.105437,  -0.038806,  -0.198315,   0.710183,  -0.144666,  -0.842823,   0.082455,  -0.165308,   0.801985,   0.418876,  -0.703288,   0.151127,  
Speed[A/fs],   0.217996,   0.230027,   0.212941,   0.264974,   0.840992,   0.864423,   0.855671,   0.852831,   0.879621,   0.872392,   0.848786,   0.858819,   0.856476,   0.824739,  
 
C4H10_14r16,   C[0],   C[1],   C[2],   C[3],   H[4],   H[5],   H[6],   H[7],   H[8],   H[9],   H[10],   H[11],   H[12],   H[13],  
Charges,    1.9257948399,    1.8962395191,    1.5841484070,    1.9230759144,    0.9983068005,    0.9939377601,    0.9437053911,    0.9991850776,    0.9998304754,    0.9995872279,    0.9958140859,    0.9973224469,    0.9996372742,    0.9999033185,  
Time[fs],  66.158000,  68.034000,  68.239000,  68.029000,  28.447000,  29.678000,  26.841000,  28.357000,  28.716000,  30.294000,  28.162000,  28.696000,  29.708000,  27.049000,  
Charge Sum,   17.2564885385, 
X Velocity[A/fs],  -0.179632,  -0.106919,   0.098298,   0.171740,  -0.224500,  -0.455730,  -0.854886,  -0.102269,  -0.495808,   0.581413,   0.190397,   0.123085,   0.418891,   0.808204,  
Y Velocity[A/fs],  -0.154743,   0.169208,   0.166055,  -0.163242,  -0.766337,  -0.201917,  -0.025851,   0.207609,   0.726257,   0.637037,   0.150215,  -0.761397,  -0.202805,  -0.165323, 
Z Velocity[A/fs],   0.020944,  -0.118820,   0.129991,  -0.020260,  -0.326764,   0.714356,  -0.174878,  -0.819047,   0.114233,  -0.138372,   0.819995,   0.339137,  -0.707512,   0.141457,  
Speed[A/fs],   0.238016,   0.232769,   0.232668,   0.237809,   0.862813,   0.871071,   0.872972,   0.851116,   0.886749,   0.873501,   0.855107,   0.842549,   0.846861,   0.836980,  
 
C4H10_14r42,   C[0],   C[1],   C[2],   C[3],   H[4],   H[5],   H[6],   H[7],   H[8],   H[9],   H[10],   H[11],   H[12],   H[13],  
Charges,    1.7585299015,    1.7807805538,    1.9439735413,    1.7917051315,    0.9972627803,    0.9996572100,    0.9801385254,    0.9994908531,    0.9957778440,    0.9993728283,    0.9974119700,    0.9959706054,    0.9964922138,    0.9998891062,  
Time[fs],  66.240000,  73.609000,  68.931000,  71.242000,  29.456000,  30.593000,  27.270000,  28.420000,  29.991000,  29.374000,  28.245000,  28.161000,  30.683000,  27.460000,  
Charge Sum,   17.2364530647, 
X Velocity[A/fs],  -0.179448,  -0.107889,   0.111187,   0.160990,  -0.195295,  -0.494850,  -0.827589,  -0.046828,  -0.588915,   0.512090,   0.037685,   0.148021,   0.530564,   0.780026,  
Y Velocity[A/fs],  -0.147824,   0.148907,   0.164405,  -0.147446,  -0.693180,  -0.280221,  -0.034075,   0.305974,   0.654930,   0.687978,   0.174264,  -0.797867,  -0.126360,  -0.117038, 
Z Velocity[A/fs],   0.038288,  -0.151189,   0.157746,  -0.019181,  -0.455004,   0.666205,  -0.244908,  -0.802908,   0.158352,  -0.126079,   0.828536,   0.205281,  -0.655988,   0.305813,  
Speed[A/fs],   0.235625,   0.238058,   0.253526,   0.219148,   0.851862,   0.875917,   0.863739,   0.860508,   0.894891,   0.866859,   0.847503,   0.837044,   0.853104,   0.845967,  
 
C4H10_14r17,   C[0],   C[1],   C[2],   C[3],   H[4],   H[5],   H[6],   H[7],   H[8],   H[9],   H[10],   H[11],   H[12],   H[13],  
Charges,    2.0668406487,    1.7192568779,    1.8047037125,    1.5315840244,    0.9985453923,    0.9977990899,    0.9983034781,    0.9994487397,    0.9956834489,    0.9996940362,    0.9961083289,    0.9975869174,    0.9996066870,    0.9999601898,  
Time[fs],  67.188000,  73.841000,  72.569000,  70.896000,  28.662000,  30.310000,  27.473000,  28.328000,  29.298000,  30.513000,  28.138000,  29.098000,  30.170000,  27.063000,  
Charge Sum,   17.1051215716, 
X Velocity[A/fs],  -0.173157,  -0.115277,   0.103594,   0.156789,  -0.143447,  -0.501033,  -0.824725,  -0.094621,  -0.518747,   0.571999,   0.098294,   0.183767,   0.408850,   0.807207,  
Y Velocity[A/fs],  -0.146687,   0.147513,   0.149594,  -0.124266,  -0.773819,  -0.247206,  -0.083811,   0.277673,   0.697621,   0.628177,   0.200100,  -0.718559,  -0.225913,  -0.110344, 
Z Velocity[A/fs],   0.022522,  -0.131711,   0.144894,  -0.028583,  -0.311416,   0.679524,  -0.283473,  -0.805527,   0.193255,  -0.190719,   0.826223,   0.428149,  -0.706759,   0.171174,  
Speed[A/fs],   0.228052,   0.228903,   0.232603,   0.202093,   0.846377,   0.879715,   0.876101,   0.857280,   0.890573,   0.870726,   0.855772,   0.856393,   0.847173,   0.832502,  
 
C4H10_14r48,   C[0],   C[1],   C[2],   C[3],   H[4],   H[5],   H[6],   H[7],   H[8],   H[9],   H[10],   H[11],   H[12],   H[13],  
Charges,    1.6195406914,    2.0077869892,    1.8783531189,    2.1566183567,    0.9992618572,    0.9996539162,    0.9495112821,    0.9993431867,    0.9976981988,    0.9976835609,    0.9981820781,    0.9982046176,    0.9997746173,    0.9999469445,  
Time[fs],  66.042000,  67.113000,  68.786000,  63.238000,  28.890000,  30.717000,  26.774000,  28.243000,  29.259000,  28.759000,  28.302000,  28.723000,  30.128000,  27.142000,  
Charge Sum,   17.6015594158, 
X Velocity[A/fs],  -0.183250,  -0.107561,   0.101554,   0.195224,  -0.202869,  -0.502032,  -0.857845,  -0.036973,  -0.554125,   0.455491,  -0.044735,   0.147151,   0.473798,   0.799527,  
Y Velocity[A/fs],  -0.158423,   0.173365,   0.166138,  -0.168859,  -0.726088,  -0.275583,  -0.025532,   0.241672,   0.689747,   0.722632,   0.231040,  -0.754529,  -0.199485,  -0.037652, 
Z Velocity[A/fs],   0.027245,  -0.150724,   0.167759,  -0.034505,  -0.402712,   0.655697,  -0.111149,  -0.825139,   0.078288,  -0.140590,   0.823237,   0.350837,  -0.696078,   0.246718,  
Speed[A/fs],   0.243764,   0.253658,   0.257018,   0.260416,   0.854714,   0.870586,   0.865392,   0.860596,   0.888220,   0.865699,   0.856212,   0.845017,   0.865334,   0.837575,  
 
C4H10_14r27,   C[0],   C[1],   C[2],   C[3],   H[4],   H[5],   H[6],   H[7],   H[8],   H[9],   H[10],   H[11],   H[12],   H[13],  
Charges,    2.0733579397,    1.6891345978,    1.9260294437,    2.0920531750,    0.9993066848,    0.9996153727,    0.9789272994,    0.9991986800,    0.9961663398,    0.9993156549,    0.9979370164,    0.9962351245,    0.9971148139,    0.9999355033,  
Time[fs],  66.629000,  73.615000,  68.495000,  63.157000,  28.644000,  30.695000,  27.273000,  28.304000,  29.480000,  29.380000,  28.285000,  28.615000,  30.780000,  27.476000,  
Charge Sum,   17.7443276460, 
X Velocity[A/fs],  -0.178177,  -0.120282,   0.100116,   0.194458,  -0.193188,  -0.556788,  -0.817448,   0.030212,  -0.565958,   0.524363,  -0.039051,   0.147067,   0.559596,   0.779738,  
Y Velocity[A/fs],  -0.146281,   0.148863,   0.167323,  -0.158388,  -0.770316,  -0.212301,  -0.077181,   0.258132,   0.682419,   0.691106,   0.208739,  -0.782033,  -0.193652,  -0.083431, 
Z Velocity[A/fs],   0.022646,  -0.148383,   0.168959,  -0.046199,  -0.311453,   0.653747,  -0.285477,  -0.814959,   0.076591,  -0.094071,   0.831974,   0.282096,  -0.644232,   0.336273,  
Speed[A/fs],   0.231642,   0.242169,   0.258006,   0.255020,   0.853060,   0.884573,   0.869296,   0.855396,   0.889871,   0.872602,   0.858648,   0.844265,   0.875034,   0.853248,  
 
C4H10_14r31,   C[0],   C[1],   C[2],   C[3],   H[4],   H[5],   H[6],   H[7],   H[8],   H[9],   H[10],   H[11],   H[12],   H[13],  
Charges,    1.8912780285,    1.8216795921,    1.6693263054,    1.9970440865,    0.9979498379,    0.9995652603,    0.9855699968,    0.9982242967,    0.9998469527,    0.9971519837,    0.9974943863,    0.9971870722,    0.9996430652,    0.9999792259,  
Time[fs],  66.716000,  67.712000,  72.745000,  68.187000,  27.959000,  30.967000,  27.274000,  27.942000,  28.774000,  28.954000,  28.216000,  28.622000,  29.384000,  27.063000,  
Charge Sum,   17.3519400901, 
X Velocity[A/fs],  -0.176932,  -0.112720,   0.101603,   0.173598,  -0.180356,  -0.597172,  -0.823613,  -0.104018,  -0.499651,   0.498137,   0.097325,   0.225297,   0.466224,   0.804166,  
Y Velocity[A/fs],  -0.154127,   0.170172,   0.145159,  -0.152063,  -0.806596,  -0.097512,  -0.136984,   0.115579,   0.721051,   0.705814,   0.071783,  -0.755512,  -0.086804,  -0.097745, 
Z Velocity[A/fs],   0.022778,  -0.121525,   0.157034,  -0.080985,  -0.169071,   0.642237,  -0.257225,  -0.844154,   0.100522,   0.019593,   0.832432,   0.294930,  -0.714525,   0.165505,  
Speed[A/fs],   0.235751,   0.237555,   0.236758,   0.244577,   0.843630,   0.882378,   0.873652,   0.858356,   0.882989,   0.864117,   0.841171,   0.841749,   0.857581,   0.826818,  
 
C4H10_14r47,   C[0],   C[1],   C[2],   C[3],   H[4],   H[5],   H[6],   H[7],   H[8],   H[9],   H[10],   H[11],   H[12],   H[13],  
Charges,    1.8139278889,    2.0329017639,    1.5186221600,    1.7488250732,    0.9968114605,    0.9997111480,    0.9766884223,    0.9991654824,    0.9998395840,    0.9992659554,    0.9984685739,    0.9953280990,    0.9977467426,    0.9763978161,  
Time[fs],  69.771000,  70.347000,  73.120000,  66.648000,  29.088000,  30.710000,  27.118000,  28.303000,  28.693000,  29.269000,  28.140000,  28.517000,  31.362000,  28.186000,  
Charge Sum,   17.0537001700, 
X Velocity[A/fs],  -0.157278,  -0.100701,   0.074647,   0.176039,  -0.237915,  -0.541966,  -0.826625,  -0.011925,  -0.475955,   0.523568,  -0.035046,   0.117098,   0.608004,   0.740121,  
Y Velocity[A/fs],  -0.160451,   0.161418,   0.149066,  -0.139330,  -0.713893,  -0.230037,  -0.046257,   0.205258,   0.724003,   0.679713,   0.205178,  -0.784130,  -0.119451,  -0.140669, 
Z Velocity[A/fs],   0.042473,  -0.135848,   0.128612,  -0.038950,  -0.420215,   0.653909,  -0.219486,  -0.825649,   0.084181,  -0.113538,   0.823374,   0.231960,  -0.614950,   0.357985,  
Speed[A/fs],   0.228659,   0.233776,   0.210557,   0.227859,   0.861874,   0.879909,   0.856518,   0.850864,   0.870517,   0.865462,   0.849277,   0.826062,   0.872984,   0.834098,  
 
C4H10_14r10,   C[0],   C[1],   C[2],   C[3],   H[4],   H[5],   H[6],   H[7],   H[8],   H[9],   H[10],   H[11],   H[12],   H[13],  
Charges,    1.9363832474,    1.8357794285,    1.2884664536,    1.8912887573,    0.9997379742,    0.9986555417,    0.9879287723,    0.9987333751,    0.9988005423,    0.9977464557,    0.9987099284,    0.9968656639,    0.9999191542,    0.9999699122,  
Time[fs],  75.397000,  74.506000,  72.695000,  66.945000,  28.313000,  29.326000,  27.190000,  27.911000,  29.105000,  28.368000,  28.133000,  28.466000,  30.213000,  27.155000,  
Charge Sum,   16.9289852068, 
X Velocity[A/fs],  -0.148142,  -0.103387,   0.064612,   0.177904,  -0.254505,  -0.487777,  -0.823699,  -0.165782,  -0.504867,   0.442660,   0.111301,   0.176855,   0.471903,   0.790537,  
Y Velocity[A/fs],  -0.116240,   0.137586,   0.152503,  -0.160052,  -0.755730,  -0.052863,  -0.124002,   0.136138,   0.699874,   0.733057,   0.137575,  -0.769300,  -0.110087,  -0.071611, 
Z Velocity[A/fs],   0.089504,  -0.151443,   0.108154,  -0.026499,  -0.221347,   0.712228,  -0.189484,  -0.828688,   0.163234,  -0.070569,   0.827663,   0.274555,  -0.679270,   0.197772,  
Speed[A/fs],   0.208492,   0.229246,   0.197811,   0.240767,   0.827583,   0.864864,   0.854261,   0.856003,   0.878270,   0.859244,   0.846370,   0.835752,   0.834398,   0.818041,  
 
C4H10_14r32,   C[0],   C[1],   C[2],   C[3],   H[4],   H[5],   H[6],   H[7],   H[8],   H[9],   H[10],   H[11],   H[12],   H[13],  
Charges,    2.0676584244,    1.8147840500,    1.9163930416,    2.0340863466,    0.9986476914,    0.9983660487,    0.9834171552,    0.9996181302,    0.9975555800,    0.9998804820,    0.9981981145,    0.9982788740,    0.9981819841,    0.9999049854,  
Time[fs],  66.160000,  69.404000,  67.273000,  64.249000,  28.909000,  30.288000,  27.090000,  28.194000,  29.555000,  29.825000,  27.931000,  28.365000,  30.953000,  27.294000,  
Charge Sum,   17.8049709080, 
X Velocity[A/fs],  -0.180419,  -0.130974,   0.097234,   0.188774,  -0.191195,  -0.500615,  -0.846958,  -0.019067,  -0.545965,   0.535788,   0.016656,   0.112762,   0.525942,   0.794293,  
Y Velocity[A/fs],  -0.154642,   0.162178,   0.171348,  -0.154821,  -0.716283,  -0.209479,  -0.059681,   0.262330,   0.682725,   0.671670,   0.217844,  -0.781691,  -0.205799,  -0.070533, 
Z Velocity[A/fs],   0.020291,  -0.143815,   0.152507,  -0.034008,  -0.435625,   0.683937,  -0.212653,  -0.824617,   0.189174,  -0.137917,   0.836271,   0.274482,  -0.643573,   0.262508,  
Speed[A/fs],   0.238489,   0.253256,   0.249145,   0.246499,   0.859876,   0.873079,   0.875283,   0.865549,   0.894415,   0.870189,   0.864340,   0.836120,   0.856244,   0.839515,  
 
C4H10_14r21,   C[0],   C[1],   C[2],   C[3],   H[4],   H[5],   H[6],   H[7],   H[8],   H[9],   H[10],   H[11],   H[12],   H[13],  
Charges,    1.4893167019,    1.7719419003,    2.0813543797,    1.8926725388,    0.9976715248,    0.9966911839,    0.9609101787,    0.9990225713,    0.9998470264,    0.9993434821,    0.9990417726,    0.9982732767,    0.9998004207,    0.9999365697,  
Time[fs],  66.532000,  72.204000,  68.222000,  68.094000,  29.387000,  29.815000,  26.756000,  28.011000,  28.961000,  29.301000,  28.218000,  28.124000,  30.566000,  27.333000,  
Charge Sum,   17.1858235274, 
X Velocity[A/fs],  -0.179974,  -0.138828,   0.122370,   0.171683,  -0.269340,  -0.355440,  -0.864051,  -0.093240,  -0.521808,   0.500413,  -0.007742,   0.127073,   0.542743,   0.785863,  
Y Velocity[A/fs],  -0.158652,   0.153894,   0.168506,  -0.153946,  -0.713549,  -0.311619,   0.011391,   0.096884,   0.710904,   0.694312,   0.240632,  -0.804948,  -0.154351,  -0.064129, 
Z Velocity[A/fs],   0.016134,  -0.143683,   0.148049,  -0.031083,  -0.434745,   0.722753,  -0.057237,  -0.847789,   0.044848,  -0.072401,   0.825138,   0.212985,  -0.654129,   0.263299,  
Speed[A/fs],   0.240460,   0.252193,   0.255514,   0.232682,   0.877895,   0.863606,   0.866020,   0.858386,   0.882994,   0.858909,   0.859545,   0.842290,   0.863875,   0.831276,  
 
C4H10_14r43,   C[0],   C[1],   C[2],   C[3],   H[4],   H[5],   H[6],   H[7],   H[8],   H[9],   H[10],   H[11],   H[12],   H[13],  
Charges,    1.8526737690,    1.5292837620,    1.9605295658,    2.0730365515,    0.9993938536,    0.9998259152,    0.9644721858,    0.9987248718,    0.9998806422,    0.9997542663,    0.9978284007,    0.9969999157,    0.9998346553,    0.9999764588,  
Time[fs],  65.758000,  70.986000,  67.576000,  62.545000,  28.819000,  28.833000,  26.854000,  27.857000,  28.788000,  30.023000,  28.092000,  28.505000,  30.210000,  27.156000,  
Charge Sum,   17.3722148137, 
X Velocity[A/fs],  -0.183128,  -0.134504,   0.092867,   0.196662,  -0.259744,  -0.402491,  -0.853409,  -0.103603,  -0.529081,   0.539872,   0.100063,   0.115835,   0.501459,   0.795898,  
Y Velocity[A/fs],  -0.119636,   0.122375,   0.173034,  -0.152751,  -0.739579,  -0.228690,  -0.033040,   0.131718,   0.714010,   0.656964,   0.242149,  -0.779345,  -0.186772,  -0.146625, 
Z Velocity[A/fs],   0.072116,  -0.164345,   0.151341,  -0.028419,  -0.363333,   0.746321,  -0.097943,  -0.846161,   0.021325,  -0.158215,   0.817739,   0.280354,  -0.676396,   0.224487,  
Speed[A/fs],   0.230324,   0.245105,   0.247930,   0.250632,   0.863977,   0.878233,   0.859646,   0.862596,   0.888927,   0.864925,   0.858688,   0.836298,   0.862471,   0.839849,  
 
C4H10_14r5,   C[0],   C[1],   C[2],   C[3],   H[4],   H[5],   H[6],   H[7],   H[8],   H[9],   H[10],   H[11],   H[12],   H[13],  
Charges,    2.3707296848,    1.2287657261,    1.8700788021,    2.0884089470,    0.9994543621,    0.9975526286,    0.9507261515,    0.9971908436,    0.9998842945,    0.9982469091,    0.9980366181,    0.9982569336,    0.9972136086,    0.9996866706,  
Time[fs],  71.731000,  79.969000,  70.770000,  68.333000,  28.363000,  29.542000,  26.952000,  27.985000,  28.830000,  28.806000,  28.079000,  29.552000,  28.638000,  26.807000,  
Charge Sum,   17.4942321804, 
X Velocity[A/fs],  -0.160000,  -0.139182,   0.118072,   0.175389,  -0.194572,  -0.489493,  -0.835475,  -0.161856,  -0.495904,   0.465890,   0.140681,   0.318915,   0.321840,   0.811561,  
Y Velocity[A/fs],  -0.120867,   0.129485,   0.159534,  -0.151398,  -0.791944,  -0.169597,  -0.076092,   0.164112,   0.709127,   0.714443,   0.151046,  -0.693529,  -0.194768,  -0.034655, 
Z Velocity[A/fs],   0.071908,  -0.134604,   0.161649,  -0.101608,  -0.218519,   0.699281,  -0.187467,  -0.834021,   0.140824,  -0.174302,   0.828410,   0.348946,  -0.764482,   0.073589,  
Speed[A/fs],   0.213025,   0.232930,   0.255974,   0.252996,   0.844265,   0.870265,   0.859624,   0.865286,   0.876706,   0.870554,   0.853738,   0.839317,   0.852026,   0.815627,  
 
C4H10_14r9,   C[0],   C[1],   C[2],   C[3],   H[4],   H[5],   H[6],   H[7],   H[8],   H[9],   H[10],   H[11],   H[12],   H[13],  
Charges,    1.8189163208,    1.5947110653,    1.9356935024,    1.8942282200,    0.9987809393,    0.9996714653,    0.9998777217,    0.9989113470,    0.9934771378,    0.9992088628,    0.9956745561,    0.9937336463,    0.9922632971,    0.9998255725,  
Time[fs],  63.507000,  75.006000,  69.925000,  69.552000,  28.639000,  31.183000,  28.330000,  28.563000,  29.370000,  29.287000,  28.304000,  29.019000,  28.481000,  26.782000,  
Charge Sum,   17.2149736544, 
X Velocity[A/fs],  -0.190406,  -0.116922,   0.130744,   0.168099,  -0.170170,  -0.615410,  -0.769936,  -0.154980,  -0.537769,   0.493886,   0.103530,   0.320064,   0.336509,   0.833941,  
Y Velocity[A/fs],  -0.124702,   0.146895,   0.134064,  -0.130657,  -0.798942,  -0.078907,  -0.248377,   0.235972,   0.692088,   0.702782,   0.068327,  -0.741994,  -0.116324,  -0.044981, 
Z Velocity[A/fs],   0.024526,  -0.130401,   0.170987,  -0.095320,  -0.017878,   0.624652,  -0.349420,  -0.804230,   0.088559,  -0.072895,   0.834278,   0.284092,  -0.781430,   0.071609,  
Speed[A/fs],   0.228925,   0.228590,   0.253582,   0.233269,   0.817059,   0.880424,   0.881242,   0.852343,   0.880923,   0.862055,   0.843449,   0.856565,   0.858721,   0.838217,  
 
C4H10_14r33,   C[0],   C[1],   C[2],   C[3],   H[4],   H[5],   H[6],   H[7],   H[8],   H[9],   H[10],   H[11],   H[12],   H[13],  
Charges,    1.9192998409,    1.4551362991,    1.9816467762,    2.2020533085,    0.9996990352,    0.9959160727,    0.9436490461,    0.9985547169,    0.9969995101,    0.9981527603,    0.9977914761,    0.9975751962,    0.9997868609,    0.9998791240,  
Time[fs],  64.869000,  74.022000,  64.485000,  64.299000,  28.728000,  30.282000,  26.888000,  27.739000,  29.253000,  28.642000,  27.805000,  28.129000,  30.463000,  27.205000,  
Charge Sum,   17.4861400234, 
X Velocity[A/fs],  -0.186156,  -0.124987,   0.108001,   0.193046,  -0.199894,  -0.502658,  -0.843981,  -0.063481,  -0.528016,   0.470265,   0.052308,   0.187126,   0.516659,   0.801486,  
Y Velocity[A/fs],  -0.134014,   0.141601,   0.185642,  -0.179558,  -0.760398,  -0.246141,  -0.102752,   0.190852,   0.696424,   0.728231,   0.117224,  -0.785189,  -0.155458,  -0.059532, 
Z Velocity[A/fs],   0.017503,  -0.152333,   0.157249,  -0.024900,  -0.344167,   0.675657,  -0.155873,  -0.847113,   0.092733,  -0.058450,   0.847909,   0.257608,  -0.668982,   0.238554,  
Speed[A/fs],   0.230044,   0.242648,   0.266185,   0.264817,   0.858262,   0.877361,   0.864383,   0.870664,   0.878866,   0.868842,   0.857570,   0.847290,   0.859442,   0.838350,  
 
C4H10_14r11,   C[0],   C[1],   C[2],   C[3],   H[4],   H[5],   H[6],   H[7],   H[8],   H[9],   H[10],   H[11],   H[12],   H[13],  
Charges,    1.8315057755,    1.8563125134,    1.8775081635,    1.9774305820,    0.9993648851,    0.9971762283,    0.9810935576,    0.9995100459,    0.9965893477,    0.9991578939,    0.9976642374,    0.9954057485,    0.9963703612,    0.9999571609,  
Time[fs],  64.324000,  71.874000,  69.996000,  68.339000,  28.591000,  30.364000,  27.219000,  28.265000,  29.075000,  29.150000,  28.175000,  28.441000,  30.934000,  27.197000,  
Charge Sum,   17.5050465007, 
X Velocity[A/fs],  -0.187878,  -0.117249,   0.115943,   0.171176,  -0.205943,  -0.505816,  -0.827916,  -0.104075,  -0.507994,   0.482615,   0.070988,   0.179126,   0.528807,   0.803657,  
Y Velocity[A/fs],  -0.152097,   0.156129,   0.162020,  -0.166372,  -0.774254,  -0.187096,  -0.061186,   0.220183,   0.705658,   0.702976,   0.252157,  -0.788570,  -0.150917,  -0.071793, 
Z Velocity[A/fs],   0.029665,  -0.141616,   0.146395,  -0.018979,  -0.280959,   0.685207,  -0.276922,  -0.820048,   0.126261,  -0.118429,   0.811122,   0.250901,  -0.644432,   0.230380,  
Speed[A/fs],   0.243540,   0.241202,   0.247234,   0.239460,   0.849011,   0.871988,   0.875143,   0.855447,   0.878608,   0.860882,   0.852374,   0.846687,   0.847175,   0.839103,  
 
C4H10_14r20,   C[0],   C[1],   C[2],   C[3],   H[4],   H[5],   H[6],   H[7],   H[8],   H[9],   H[10],   H[11],   H[12],   H[13],  
Charges,    1.6882834435,    1.7925183773,    1.5693013668,    1.9189138412,    0.9988389323,    0.9989701443,    0.9860138204,    0.9996911425,    0.9985170339,    0.9997642234,    0.9992641601,    0.9981471561,    0.9999003462,    0.9999832012,  
Time[fs],  70.051000,  69.988000,  72.248000,  72.023000,  29.431000,  30.220000,  26.946000,  28.274000,  29.493000,  29.340000,  27.916000,  28.754000,  29.581000,  27.218000,  
Charge Sum,   16.9481071891, 
X Velocity[A/fs],  -0.165562,  -0.102774,   0.102039,   0.161974,  -0.259172,  -0.464746,  -0.838319,  -0.045987,  -0.540060,   0.506586,   0.057582,   0.181174,   0.457004,   0.795147,  
Y Velocity[A/fs],  -0.146012,   0.163198,   0.135960,  -0.142599,  -0.690422,  -0.275532,  -0.012600,   0.293501,   0.683113,   0.689978,   0.191170,  -0.764835,  -0.169218,  -0.105272, 
Z Velocity[A/fs],   0.045560,  -0.114606,   0.158928,  -0.085618,  -0.434593,   0.683925,  -0.170361,  -0.803786,   0.154285,  -0.135279,   0.830509,   0.252454,  -0.702141,   0.226189,  
Speed[A/fs],   0.225402,   0.224345,   0.232713,   0.232165,   0.855993,   0.871585,   0.855547,   0.856931,   0.884371,   0.866602,   0.854171,   0.825548,   0.854687,   0.833368,  
 
C4H10_14r8,   C[0],   C[1],   C[2],   C[3],   H[4],   H[5],   H[6],   H[7],   H[8],   H[9],   H[10],   H[11],   H[12],   H[13],  
Charges,    2.3075383902,    1.6904115677,    1.6637797356,    1.9302327633,    0.9994162438,    0.9971889376,    0.9835337289,    0.9995491860,    0.9976879037,    0.9994363190,    0.9977220849,    0.9975240256,    0.9997879091,    0.9998834754,  
Time[fs],  66.647000,  70.796000,  69.686000,  64.783000,  28.691000,  30.021000,  27.302000,  28.071000,  29.542000,  29.411000,  28.249000,  29.048000,  29.777000,  26.627000,  
Charge Sum,   17.5636922706, 
X Velocity[A/fs],  -0.177303,  -0.117781,   0.095717,   0.185125,  -0.193971,  -0.463641,  -0.834158,  -0.115808,  -0.556272,   0.524197,   0.116144,   0.199913,   0.330941,   0.836557,  
Y Velocity[A/fs],  -0.137396,   0.156762,   0.162234,  -0.149904,  -0.767233,  -0.212562,  -0.103278,   0.244899,   0.681029,   0.687526,   0.217446,  -0.730666,  -0.278407,  -0.052079, 
Z Velocity[A/fs],   0.029143,  -0.138139,   0.137748,  -0.013085,  -0.300886,   0.706524,  -0.224633,  -0.826377,   0.144178,  -0.091378,   0.821820,   0.402077,  -0.719832,   0.070854,  
Speed[A/fs],   0.226193,   0.239852,   0.233358,   0.238566,   0.846643,   0.871391,   0.870026,   0.869647,   0.891082,   0.869382,   0.857998,   0.857615,   0.839756,   0.841166,  
 
C4H10_14r19,   C[0],   C[1],   C[2],   C[3],   H[4],   H[5],   H[6],   H[7],   H[8],   H[9],   H[10],   H[11],   H[12],   H[13],  
Charges,    1.9940564632,    1.4138946533,    2.1515693665,    1.8038547039,    0.9993132544,    0.9970301543,    0.9832992442,    0.9996813778,    0.9972520946,    0.9966606661,    0.9981215751,    0.9974338352,    0.9991686199,    0.9999618632,  
Time[fs],  64.711000,  75.555000,  71.083000,  71.968000,  28.849000,  30.423000,  27.449000,  28.170000,  30.231000,  28.866000,  28.168000,  28.622000,  29.243000,  27.053000,  
Charge Sum,   17.3312978717, 
X Velocity[A/fs],  -0.184037,  -0.125745,   0.157230,   0.158281,  -0.143353,  -0.518994,  -0.814107,  -0.172276,  -0.581829,   0.487574,   0.057036,   0.242304,   0.399826,   0.818792,  
Y Velocity[A/fs],  -0.129237,   0.141361,   0.156375,  -0.138378,  -0.765212,  -0.199190,  -0.171227,   0.247610,   0.642198,   0.712207,   0.144326,  -0.757090,  -0.155974,  -0.034346, 
Z Velocity[A/fs],   0.018123,  -0.132079,   0.158142,  -0.066702,  -0.287495,   0.669638,  -0.260323,  -0.813853,   0.191502,  -0.047410,   0.831606,   0.298134,  -0.739719,   0.161458,  
Speed[A/fs],   0.225611,   0.230737,   0.272367,   0.220569,   0.829911,   0.870314,   0.871698,   0.867956,   0.887477,   0.864416,   0.845962,   0.848988,   0.855203,   0.835266,  
 
C4H10_14r22,   C[0],   C[1],   C[2],   C[3],   H[4],   H[5],   H[6],   H[7],   H[8],   H[9],   H[10],   H[11],   H[12],   H[13],  
Charges,    2.1552841663,    1.3461744785,    1.7328417301,    2.1322246790,    0.9994627664,    0.9974806407,    0.9657257982,    0.9995986772,    0.9971206365,    0.9991960153,    0.9983564104,    0.9971924548,    0.9997968833,    0.9999550869,  
Time[fs],  73.232000,  79.105000,  63.983000,  66.580000,  28.899000,  29.537000,  26.778000,  28.136000,  29.156000,  29.464000,  28.085000,  28.647000,  30.344000,  27.187000,  
Charge Sum,   17.3204104235, 
X Velocity[A/fs],  -0.156505,  -0.129063,   0.106619,   0.183550,  -0.278157,  -0.442223,  -0.851972,  -0.068534,  -0.554859,   0.504508,   0.050270,   0.187121,   0.464061,   0.797694,  
Y Velocity[A/fs],  -0.119360,   0.132276,   0.185058,  -0.171714,  -0.725781,  -0.187910,  -0.028023,   0.134203,   0.697998,   0.682857,   0.274265,  -0.740379,  -0.263252,  -0.062918, 
Z Velocity[A/fs],   0.070711,  -0.137968,   0.130199,  -0.046841,  -0.345760,   0.714791,  -0.137536,  -0.837033,   0.037960,  -0.201108,   0.818813,   0.338787,  -0.677453,   0.237241,  
Speed[A/fs],   0.209142,   0.230628,   0.250132,   0.255676,   0.850693,   0.861277,   0.863456,   0.850489,   0.892475,   0.872505,   0.864987,   0.835435,   0.862321,   0.834600,  
 
C4H10_14r24,   C[0],   C[1],   C[2],   C[3],   H[4],   H[5],   H[6],   H[7],   H[8],   H[9],   H[10],   H[11],   H[12],   H[13],  
Charges,    1.7251946926,    1.8935606480,    1.9830274582,    2.0256088972,    0.9996707860,    0.9969519272,    0.9578601643,    0.9986894218,    0.9965790799,    0.9976244855,    0.9975827008,    0.9989457957,    0.9997929546,    0.9998749044,  
Time[fs],  64.869000,  69.102000,  69.685000,  66.916000,  28.550000,  29.619000,  26.847000,  27.906000,  29.704000,  28.437000,  28.152000,  29.079000,  29.722000,  26.807000,  
Charge Sum,   17.5709639163, 
X Velocity[A/fs],  -0.186389,  -0.126478,   0.121679,   0.178435,  -0.194763,  -0.404621,  -0.849673,  -0.127683,  -0.570675,   0.445515,   0.076342,   0.254331,   0.402231,   0.827182,  
Y Velocity[A/fs],  -0.153108,   0.164979,   0.163169,  -0.158547,  -0.759678,  -0.283521,  -0.112163,   0.261717,   0.665773,   0.738077,   0.176161,  -0.719790,  -0.191162,   0.013814, 
Z Velocity[A/fs],   0.018787,  -0.149573,   0.160824,  -0.052377,  -0.334230,   0.711533,  -0.094927,  -0.822486,   0.161848,  -0.072835,   0.833795,   0.377814,  -0.708046,   0.085612,  
Speed[A/fs],   0.241941,   0.256099,   0.259411,   0.244376,   0.852498,   0.866246,   0.862285,   0.872515,   0.891694,   0.865186,   0.855614,   0.851778,   0.836458,   0.831715,  
 
C4H10_14r12,   C[0],   C[1],   C[2],   C[3],   H[4],   H[5],   H[6],   H[7],   H[8],   H[9],   H[10],   H[11],   H[12],   H[13],  
Charges,    1.8374788761,    1.7174088955,    1.6569612026,    1.8815002441,    0.9993600173,    0.9934976641,    0.9590263925,    0.9992804876,    0.9998078955,    0.9995965921,    0.9968922730,    0.9967575830,    0.9996355748,    0.9999301874,  
Time[fs],  70.231000,  69.691000,  68.151000,  66.784000,  28.256000,  30.040000,  26.960000,  28.334000,  28.895000,  29.917000,  28.258000,  28.743000,  30.052000,  27.078000,  
Charge Sum,   17.0371338856, 
X Velocity[A/fs],  -0.159462,  -0.123809,   0.095168,   0.178377,  -0.193768,  -0.491925,  -0.843230,  -0.058185,  -0.509833,   0.558145,   0.083841,   0.191402,   0.428361,   0.813826,  
Y Velocity[A/fs],  -0.158392,   0.161417,   0.166702,  -0.146192,  -0.782503,  -0.166987,  -0.013645,   0.162266,   0.717628,   0.662005,   0.187821,  -0.748723,  -0.226154,  -0.087855, 
Z Velocity[A/fs],   0.014311,  -0.112663,   0.124853,  -0.028782,  -0.273309,   0.697031,  -0.215800,  -0.825654,   0.110382,  -0.112233,   0.821788,   0.332089,  -0.705165,   0.191392,  
Speed[A/fs],   0.225213,   0.232545,   0.228987,   0.232420,   0.851208,   0.869325,   0.870513,   0.843457,   0.887188,   0.873139,   0.847137,   0.841132,   0.855509,   0.840632,  
 
C4H10_14r34,   C[0],   C[1],   C[2],   C[3],   H[4],   H[5],   H[6],   H[7],   H[8],   H[9],   H[10],   H[11],   H[12],   H[13],  
Charges,    1.9329955578,    1.9063045979,    1.7209875584,    1.8579251766,    0.9995007062,    0.9977474643,    0.9767205324,    0.9995538251,    0.9976497311,    0.9997072657,    0.9986090927,    0.9979170964,    0.9977319278,    0.9933547936,  
Time[fs],  67.645000,  69.813000,  72.218000,  64.806000,  28.576000,  30.510000,  27.110000,  28.058000,  30.220000,  29.804000,  28.023000,  28.890000,  30.685000,  27.635000,  
Charge Sum,   17.3767053259, 
X Velocity[A/fs],  -0.173346,  -0.092418,   0.101779,   0.183095,  -0.198486,  -0.517240,  -0.825947,  -0.141814,  -0.600605,   0.535618,   0.016808,   0.075724,   0.526970,   0.778237,  
Y Velocity[A/fs],  -0.146432,   0.162407,   0.152844,  -0.146919,  -0.752043,  -0.207153,  -0.121789,   0.240649,   0.646517,   0.661055,   0.222208,  -0.767300,  -0.188911,  -0.097893, 
Z Velocity[A/fs],   0.022538,  -0.143306,   0.143480,  -0.035766,  -0.363656,   0.669635,  -0.220682,  -0.822829,   0.168467,  -0.184487,   0.829180,   0.330327,  -0.654844,   0.307946,  
Speed[A/fs],   0.228034,   0.235486,   0.233038,   0.237462,   0.858610,   0.871126,   0.863551,   0.868948,   0.898383,   0.870583,   0.858602,   0.838808,   0.861514,   0.842654,  
 
C4H10_14r29,   C[0],   C[1],   C[2],   C[3],   H[4],   H[5],   H[6],   H[7],   H[8],   H[9],   H[10],   H[11],   H[12],   H[13],  
Charges,    1.9553732872,    1.6090478897,    1.6186563969,    2.1975642443,    0.9997101785,    0.9997311677,    0.9887079680,    0.9997359951,    0.9982011017,    0.9998657832,    0.9985668551,    0.9991524777,    0.9996690758,    0.9999404228,  
Time[fs],  67.484000,  69.631000,  70.815000,  65.903000,  28.043000,  30.935000,  27.399000,  28.296000,  29.199000,  29.620000,  28.130000,  29.165000,  29.316000,  27.214000,  
Charge Sum,   17.3639228435, 
X Velocity[A/fs],  -0.175916,  -0.118489,   0.089557,   0.187326,  -0.200015,  -0.575025,  -0.815114,  -0.099909,  -0.538121,   0.528326,   0.139673,   0.241391,   0.400773,   0.799841,  
Y Velocity[A/fs],  -0.130444,   0.161613,   0.152435,  -0.155432,  -0.802888,  -0.140866,  -0.092458,   0.206014,   0.690667,   0.674703,   0.095809,  -0.719731,  -0.159883,  -0.126033, 
Z Velocity[A/fs],   0.031294,  -0.131729,   0.164443,  -0.084758,  -0.163618,   0.639441,  -0.300917,  -0.823793,   0.140059,  -0.173191,   0.833305,   0.342823,  -0.730294,   0.143490,  
Speed[A/fs],   0.221228,   0.239815,   0.241451,   0.257748,   0.843449,   0.871425,   0.873790,   0.855020,   0.886686,   0.874270,   0.850344,   0.832953,   0.848240,   0.822325,  
 
C4H10_14r18,   C[0],   C[1],   C[2],   C[3],   H[4],   H[5],   H[6],   H[7],   H[8],   H[9],   H[10],   H[11],   H[12],   H[13],  
Charges,    2.1101627350,    1.5696241856,    1.7378773689,    1.8458073139,    0.9995600916,    0.9974854137,    0.9820935745,    0.9995441755,    0.9998978094,    0.9993142594,    0.9969453779,    0.9972002106,    0.9971678632,    0.9998313001,  
Time[fs],  70.756000,  81.719000,  78.784000,  71.760000,  28.597000,  29.168000,  27.391000,  28.238000,  28.676000,  29.123000,  28.354000,  28.589000,  28.906000,  27.003000,  
Charge Sum,   17.2325116794, 
X Velocity[A/fs],  -0.160861,  -0.135112,   0.115389,   0.159276,  -0.234157,  -0.464507,  -0.818766,  -0.191583,  -0.495866,   0.513647,   0.185908,   0.230729,   0.397777,   0.809752,  
Y Velocity[A/fs],  -0.123874,   0.127405,   0.135418,  -0.133338,  -0.765065,  -0.065067,  -0.151109,   0.194463,   0.714097,   0.689966,   0.043466,  -0.763260,  -0.075587,  -0.085169, 
Z Velocity[A/fs],   0.083606,  -0.132647,   0.141574,  -0.092632,  -0.239761,   0.740072,  -0.208785,  -0.812680,   0.119783,  -0.022417,   0.818701,   0.226816,  -0.739686,   0.100885,  
Speed[A/fs],   0.219570,   0.228216,   0.227367,   0.227439,   0.835248,   0.876189,   0.858372,   0.857303,   0.877591,   0.860458,   0.840668,   0.829004,   0.843253,   0.820445,  
 
C4H10_14r23,   C[0],   C[1],   C[2],   C[3],   H[4],   H[5],   H[6],   H[7],   H[8],   H[9],   H[10],   H[11],   H[12],   H[13],  
Charges,    1.6984257698,    1.7295935154,    1.7523818016,    1.9841654301,    0.9990986377,    0.9971708786,    0.9646321014,    0.9995925972,    0.9979586876,    0.9998344257,    0.9986336138,    0.9967200982,    0.9998774467,    0.9960956511,  
Time[fs],  68.581000,  72.233000,  69.479000,  62.222000,  28.706000,  30.040000,  26.827000,  28.235000,  29.127000,  30.221000,  28.068000,  28.910000,  30.525000,  27.979000,  
Charge Sum,   17.1141806548, 
X Velocity[A/fs],  -0.170966,  -0.123685,   0.078571,   0.198826,  -0.284115,  -0.464371,  -0.849641,  -0.056603,  -0.510429,   0.564396,   0.056287,   0.084049,   0.528715,   0.760021,  
Y Velocity[A/fs],  -0.142887,   0.153050,   0.165097,  -0.153467,  -0.740572,  -0.251001,  -0.007792,   0.235893,   0.701939,   0.644475,   0.169339,  -0.789364,  -0.163457,  -0.151318, 
Z Velocity[A/fs],   0.017051,  -0.144048,   0.132653,  -0.013941,  -0.372364,   0.692840,  -0.164205,  -0.825697,   0.149615,  -0.117485,   0.833624,   0.129613,  -0.660284,   0.323104,  
Speed[A/fs],   0.223466,   0.243869,   0.225892,   0.251551,   0.876255,   0.871017,   0.865398,   0.860595,   0.880704,   0.864693,   0.852510,   0.804338,   0.861530,   0.839598,  
 
C4H10_14r35,   C[0],   C[1],   C[2],   C[3],   H[4],   H[5],   H[6],   H[7],   H[8],   H[9],   H[10],   H[11],   H[12],   H[13],  
Charges,    2.1986999512,    1.4515993595,    2.0062289238,    1.8378522396,    0.9996470168,    0.9978032017,    0.9717618469,    0.9984238102,    0.9980368235,    0.9997630662,    0.9983439996,    0.9972224850,    0.9984174469,    0.9872745462,  
Time[fs],  69.498000,  74.105000,  69.141000,  69.845000,  28.704000,  29.169000,  26.909000,  28.000000,  29.507000,  30.177000,  28.230000,  28.136000,  30.689000,  28.549000,  
Charge Sum,   17.4410747170, 
X Velocity[A/fs],  -0.166350,  -0.146414,   0.117182,   0.164712,  -0.299057,  -0.426289,  -0.844273,  -0.085702,  -0.545069,   0.570775,   0.149025,   0.156974,   0.596758,   0.725272,  
Y Velocity[A/fs],  -0.121514,   0.124399,   0.163828,  -0.131296,  -0.739563,  -0.183543,  -0.075558,   0.180111,   0.684048,   0.647105,   0.165253,  -0.804498,  -0.053259,  -0.240428, 
Z Velocity[A/fs],   0.073811,  -0.153079,   0.151415,  -0.066513,  -0.278404,   0.736007,  -0.174943,  -0.834861,   0.171923,  -0.143258,   0.826656,   0.000725,  -0.632487,   0.343307,  
Speed[A/fs],   0.218829,   0.245653,   0.251987,   0.220890,   0.844924,   0.870125,   0.865512,   0.858358,   0.891392,   0.874673,   0.856082,   0.819670,   0.871204,   0.837666,  
 
C4H10_14r15,   C[0],   C[1],   C[2],   C[3],   H[4],   H[5],   H[6],   H[7],   H[8],   H[9],   H[10],   H[11],   H[12],   H[13],  
Charges,    1.9786007404,    1.9131431580,    1.8669347763,    2.1428974867,    0.9968340907,    0.9995826406,    0.9146819189,    0.9988605981,    0.9965758349,    0.9955544951,    0.9967974441,    0.9963203694,    0.9997743726,    0.9997967012,  
Time[fs],  66.733000,  70.235000,  62.837000,  64.951000,  29.459000,  28.493000,  26.651000,  28.114000,  29.324000,  28.888000,  28.262000,  27.972000,  30.179000,  26.894000,  
Charge Sum,   17.7963546271, 
X Velocity[A/fs],  -0.177914,  -0.134040,   0.109520,   0.183599,  -0.299932,  -0.288911,  -0.869614,  -0.125829,  -0.552041,   0.491925,   0.042456,   0.153819,   0.479877,   0.817487,  
Y Velocity[A/fs],  -0.134254,   0.138174,   0.191419,  -0.181631,  -0.706247,  -0.280912,  -0.011603,   0.116640,   0.690375,   0.713540,   0.223688,  -0.807396,  -0.200111,  -0.077660, 
Z Velocity[A/fs],   0.089907,  -0.167460,   0.122253,  -0.022788,  -0.393929,   0.778807,  -0.057815,  -0.845664,   0.154711,  -0.135211,   0.825324,   0.231495,  -0.680948,   0.166112,  
Speed[A/fs],   0.240335,   0.255150,   0.252154,   0.259264,   0.862510,   0.876882,   0.871611,   0.862894,   0.897387,   0.877160,   0.856153,   0.853897,   0.856747,   0.837800,  
 
C4H10_14r13,   C[0],   C[1],   C[2],   C[3],   H[4],   H[5],   H[6],   H[7],   H[8],   H[9],   H[10],   H[11],   H[12],   H[13],  
Charges,    1.9207403660,    2.0560340881,    1.6310386658,    2.0457013845,    0.9991095936,    0.9948110408,    0.9860206414,    0.9994861090,    0.9956118879,    0.9963696867,    0.9979769464,    0.9971981789,    0.9996579223,    0.9926729435,  
Time[fs],  68.893000,  65.040000,  70.874000,  68.687000,  28.362000,  30.061000,  27.093000,  28.303000,  30.001000,  28.609000,  28.196000,  28.350000,  30.207000,  27.587000,  
Charge Sum,   17.6124294549, 
X Velocity[A/fs],  -0.170054,  -0.107818,   0.101199,   0.172209,  -0.235759,  -0.474639,  -0.829737,  -0.103116,  -0.561402,   0.450440,   0.090767,   0.166198,   0.560312,   0.783165,  
Y Velocity[A/fs],  -0.161160,   0.182549,   0.133349,  -0.152280,  -0.763608,  -0.239077,  -0.099976,   0.274729,   0.655873,   0.743748,   0.070383,  -0.800838,  -0.025233,  -0.117255, 
Z Velocity[A/fs],   0.036202,  -0.124593,   0.164313,  -0.107371,  -0.321517,   0.695591,  -0.247765,  -0.812592,   0.216201,  -0.050741,   0.837694,   0.163105,  -0.655120,   0.251935,  
Speed[A/fs],   0.237068,   0.245911,   0.234568,   0.253720,   0.861425,   0.875378,   0.871692,   0.863953,   0.889991,   0.870995,   0.845532,   0.834006,   0.862421,   0.831004,  
 
C4H10_14r41,   C[0],   C[1],   C[2],   C[3],   H[4],   H[5],   H[6],   H[7],   H[8],   H[9],   H[10],   H[11],   H[12],   H[13],  
Charges,    1.8936512470,    1.6673297882,    1.6419644356,    1.9632663727,    0.9961003023,    0.9967967896,    0.9840100314,    0.9993258872,    0.9956809296,    0.9991855096,    0.9976912360,    0.9963880079,    0.9969730696,    0.9912871504,  
Time[fs],  68.645000,  77.109000,  71.752000,  64.575000,  29.153000,  29.414000,  27.186000,  28.488000,  29.695000,  29.069000,  28.385000,  28.386000,  31.027000,  28.619000,  
Charge Sum,   17.1196507572, 
X Velocity[A/fs],  -0.169441,  -0.116921,   0.086526,   0.187991,  -0.303533,  -0.474960,  -0.829341,  -0.071353,  -0.545994,   0.488529,   0.052107,   0.145664,   0.596910,   0.723090,  
Y Velocity[A/fs],  -0.125577,   0.135477,   0.157491,  -0.152854,  -0.728230,  -0.112079,  -0.085380,   0.133777,   0.674656,   0.699566,   0.178472,  -0.803778,  -0.043215,  -0.248772, 
Z Velocity[A/fs],   0.072586,  -0.145230,   0.133936,  -0.032886,  -0.321364,   0.725777,  -0.248067,  -0.821700,   0.062130,  -0.045471,   0.821479,   0.047699,  -0.624075,   0.361030,  
Speed[A/fs],   0.223044,   0.230470,   0.224119,   0.244512,   0.851896,   0.874586,   0.869847,   0.835571,   0.870132,   0.854471,   0.842256,   0.818262,   0.864661,   0.845630,  
 
C4H10_14r25,   C[0],   C[1],   C[2],   C[3],   H[4],   H[5],   H[6],   H[7],   H[8],   H[9],   H[10],   H[11],   H[12],   H[13],  
Charges,    1.9437036514,    2.0173685551,    1.4776885509,    1.8754525185,    0.9992241099,    0.9997842175,    0.9760336075,    0.9996748671,    0.9985319328,    0.9988465625,    0.9992044558,    0.9991890198,    0.9998834938,    0.9999694837,  
Time[fs],  69.765000,  69.402000,  71.924000,  66.881000,  30.182000,  30.786000,  26.698000,  28.295000,  29.609000,  28.901000,  27.982000,  28.070000,  30.165000,  27.132000,  
Charge Sum,   17.2845550263, 
X Velocity[A/fs],  -0.164973,  -0.093623,   0.070974,   0.176857,  -0.262328,  -0.445272,  -0.862353,   0.007523,  -0.568908,   0.501186,   0.034291,   0.105084,   0.487720,   0.803979,  
Y Velocity[A/fs],  -0.154936,   0.164139,   0.153574,  -0.156079,  -0.647080,  -0.366995,   0.011401,   0.287135,   0.674039,   0.712191,   0.144299,  -0.803260,  -0.172765,  -0.059232, 
Z Velocity[A/fs],   0.043651,  -0.139553,   0.136839,  -0.016678,  -0.521611,   0.659916,  -0.092328,  -0.811692,   0.101794,  -0.026814,   0.845463,   0.257248,  -0.680950,   0.219513,  
Speed[A/fs],   0.230493,   0.234909,   0.217594,   0.236468,   0.871554,   0.876608,   0.867357,   0.861015,   0.887889,   0.871276,   0.858374,   0.849968,   0.855226,   0.835510,  
 
