C4H10_14r45, C[0], C[1], C[2], C[3], H[4], H[5], H[6], H[7], H[8], H[9], H[10], H[11], H[12], H[13], 
Densities, 2.172896546479743, 2.079774726418163, 2.400715123557933, 2.131023669261163, 0.001001140169033429, 0.003944125753511574, 0.03965564629517215, 0.0008955956623753535, 0.005050460368434788, 0.0009760238700202767, 0.004003862874339092, 0.004720604507526165, 0.0007088743798959545, 3.806383565237405e-05, 
Time[fs], 34.500000, 34.500000, 34.500000, 34.500000, 28.000000, 30.000000, 27.000000, 28.000000, 29.000000, 29.000000, 28.000000, 28.500000, 29.000000, 27.000000, 
Density Sum, 8.845404463432967
X Velocity[A/fs], -0.135468, -0.0870406, 0.0988663, 0.133506, -0.284129, -0.558547, -0.914349, -0.137455, -0.564921, 0.548024, 0.125421, 0.258982, 0.5171, 0.909315,  
Y Velocity[A/fs],-0.123781, 0.150133, 0.107793, -0.0964358, -0.875068, -0.137491, -0.0965045, 0.229088, 0.753658, 0.767259, 0.0976162, -0.874537, -0.0997936, -0.129538,  
Z Velocity[A/fs],0.00386614, -0.093707, 0.114518, -0.0673635, -0.190323, 0.72491, -0.248096, -0.910694, 0.133976, -0.0387871, 0.922686, 0.139091, -0.77353, 0.241128,  
Speed[A/fs],0.183544, 0.197223, 0.185764, 0.177937, 0.939519, 0.925405, 0.952312, 0.949073, 0.951359, 0.943674, 0.936274, 0.922623, 0.935788, 0.949619, 

C4H10_14r50, C[0], C[1], C[2], C[3], H[4], H[5], H[6], H[7], H[8], H[9], H[10], H[11], H[12], H[13], 
Densities, 2.245541577197055, 2.299098193922237, 2.340146412159532, 1.890303909313941, 0.00029135044776009, 0.0005273586799032895, 0.0003814253398243506, 0.00019637278863954, 0.0008967821701680841, 0.0007074446339928159, 0.00060860573068466, 0.001148209610005313, 6.757702269670227e-05, 3.788271823285577e-05, 
Time[fs], 34.000000, 34.000000, 34.000000, 34.000000, 28.500000, 30.000000, 27.500000, 28.000000, 29.500000, 28.500000, 28.000000, 28.500000, 30.000000, 27.000000, 
Density Sum, 8.779953101734673
X Velocity[A/fs], -0.130828, -0.0907273, 0.0821393, 0.139392, -0.194989, -0.607824, -0.874739, -0.0686773, -0.60596, 0.54143, 0.0891023, 0.259155, 0.535837, 0.897354,  
Y Velocity[A/fs],-0.0943888, 0.104217, 0.134179, -0.119524, -0.8602, -0.0911919, -0.157002, 0.172862, 0.716473, 0.772174, 0.212968, -0.843852, -0.16814, -0.0959291,  
Z Velocity[A/fs],0.0738441, -0.129592, 0.107558, -0.010885, -0.261602, 0.712131, -0.299957, -0.92929, 0.103821, -0.121396, 0.926475, 0.363708, -0.739744, 0.294221,  
Speed[A/fs],0.177421, 0.189438, 0.190577, 0.183942, 0.92, 0.940689, 0.937973, 0.947723, 0.944087, 0.950861, 0.954804, 0.954741, 0.92877, 0.949217, 

C4H10_14r37, C[0], C[1], C[2], C[3], H[4], H[5], H[6], H[7], H[8], H[9], H[10], H[11], H[12], H[13], 
Densities, 2.391881311131291, 2.2359789297147, 2.112490230245153, 2.139443624682986, 0.0005450633254722192, 0.000370635202521041, 0.0008382638349250239, 0.0004454937038061325, 0.002669595161666123, 0.0002403497915956998, 0.002021329925736852, 0.002502272676679842, 0.0002123214559603488, 0.0001359302440029457, 
Time[fs], 34.000000, 34.000000, 34.000000, 34.000000, 28.500000, 30.500000, 27.500000, 28.000000, 29.000000, 29.500000, 28.000000, 29.000000, 29.500000, 26.500000, 
Density Sum, 8.889775351096498
X Velocity[A/fs], -0.142069, -0.0868012, 0.0958571, 0.133292, -0.195119, -0.56193, -0.868381, -0.0890468, -0.586088, 0.561898, 0.0959384, 0.250438, 0.455527, 0.93691,  
Y Velocity[A/fs],-0.107981, 0.126515, 0.134454, -0.120724, -0.840972, -0.211659, -0.138228, 0.225084, 0.729052, 0.731957, 0.201957, -0.806551, -0.247409, -0.0682653,  
Z Velocity[A/fs],0.0286346, -0.0995841, 0.122848, 0.00839068, -0.32317, 0.710459, -0.324063, -0.91184, 0.15233, -0.216382, 0.923349, 0.411221, -0.764123, 0.140827,  
Speed[A/fs],0.18073, 0.182914, 0.20581, 0.180032, 0.921816, 0.930224, 0.937128, 0.943422, 0.947745, 0.947792, 0.950034, 0.939333, 0.923364, 0.949891, 

C4H10_14r49, C[0], C[1], C[2], C[3], H[4], H[5], H[6], H[7], H[8], H[9], H[10], H[11], H[12], H[13], 
Densities, 2.150297069950322, 2.454684817106386, 2.216221587907476, 1.799124663242058, 0.0005622853652876861, 0.001854486700765009, 0.03740567189341241, 0.0003505506220957941, 0.001649423559006821, 0.001960290110787696, 0.0009061687030003051, 0.001506659997056642, 0.0003800476287888272, 0.0001532870404370888, 
Time[fs], 34.000000, 34.000000, 34.000000, 34.000000, 28.500000, 29.500000, 26.500000, 28.000000, 29.000000, 28.500000, 28.000000, 28.500000, 29.000000, 26.500000, 
Density Sum, 8.66705700982688
X Velocity[A/fs], -0.146998, -0.0856964, 0.0926197, 0.136414, -0.265814, -0.455062, -0.953872, -0.0994374, -0.590744, 0.544248, 0.0988943, 0.218193, 0.51182, 0.922873,  
Y Velocity[A/fs],-0.11626, 0.133736, 0.122013, -0.117382, -0.832035, -0.24092, -0.0126342, 0.221277, 0.748019, 0.773325, 0.212255, -0.853383, -0.168655, -0.0858363,  
Z Velocity[A/fs],0.00798734, -0.105295, 0.12544, -0.0611682, -0.380449, 0.762731, -0.102823, -0.923592, 0.0368793, -0.131429, 0.922523, 0.316897, -0.781271, 0.17015,  
Speed[A/fs],0.187586, 0.190569, 0.197992, 0.190076, 0.952723, 0.920262, 0.959481, 0.954921, 0.953872, 0.954731, 0.951778, 0.936106, 0.949099, 0.942344, 

C4H10_14r3, C[0], C[1], C[2], C[3], H[4], H[5], H[6], H[7], H[8], H[9], H[10], H[11], H[12], H[13], 
Densities, 2.531095743757885, 2.235796301865502, 2.234008119158352, 1.935360618605013, 0.0004315588518707161, 0.001274101675064352, 0.03864365831305001, 0.0003183307329522093, 0.002103432810694007, 0.001523669484861305, 0.0006966888843019236, 0.001650258151610852, 0.0001480360487437798, 0.004663077251894913, 
Time[fs], 34.500000, 34.500000, 34.500000, 34.500000, 28.500000, 30.000000, 26.500000, 28.000000, 29.500000, 28.500000, 28.000000, 28.500000, 30.000000, 27.500000, 
Density Sum, 8.987713595591794
X Velocity[A/fs], -0.128711, -0.081454, 0.087307, 0.146039, -0.209557, -0.473589, -0.935498, -0.032082, -0.584061, 0.557881, -0.0181783, 0.193792, 0.558596, 0.884999,  
Y Velocity[A/fs],-0.112552, 0.123011, 0.134348, -0.125255, -0.81198, -0.270144, -0.0189545, 0.25385, 0.727945, 0.769296, 0.275696, -0.837964, -0.226426, -0.0672703,  
Z Velocity[A/fs],0.00991199, -0.116965, 0.0989839, -0.0170467, -0.414283, 0.743763, -0.151231, -0.922847, 0.11596, -0.0667186, 0.90443, 0.368615, -0.718351, 0.314802,  
Speed[A/fs],0.171268, 0.188275, 0.188334, 0.19315, 0.935337, 0.922197, 0.947833, 0.957661, 0.940467, 0.952627, 0.945691, 0.935743, 0.937724, 0.941727, 

C4H10_14r2, C[0], C[1], C[2], C[3], H[4], H[5], H[6], H[7], H[8], H[9], H[10], H[11], H[12], H[13], 
Densities, 2.089491305969065, 1.991044261141871, 2.108248062996668, 2.071373018216623, 0.0009289151368277485, 0.003366540788988712, 0.07804532708014139, 0.001039662062623218, 0.004064670288434501, 0.0006632831735702761, 0.003083969368845352, 0.002286023825615054, 0.0003161179595583868, 0.0002977484797102355, 
Time[fs], 34.500000, 34.500000, 34.500000, 34.500000, 28.500000, 30.000000, 26.500000, 28.000000, 29.000000, 29.000000, 28.000000, 28.500000, 30.000000, 26.500000, 
Density Sum, 8.354248906488543
X Velocity[A/fs], -0.139049, -0.0957795, 0.0924767, 0.143036, -0.260447, -0.516283, -0.938291, -0.032528, -0.543079, 0.556639, 0.101039, 0.203059, 0.479017, 0.930858,  
Y Velocity[A/fs],-0.131568, 0.135163, 0.123306, -0.125676, -0.837292, -0.218352, -0.0324246, 0.242365, 0.772165, 0.764832, 0.259777, -0.833397, -0.324854, -0.0684622,  
Z Velocity[A/fs],0.00371551, -0.129195, 0.124498, -0.013551, -0.369305, 0.747569, -0.185976, -0.92528, 0.201677, -0.159333, 0.917243, 0.413413, -0.739932, 0.178394,  
Speed[A/fs],0.191464, 0.210081, 0.198131, 0.190886, 0.951461, 0.93439, 0.957094, 0.957049, 0.965323, 0.959272, 0.95866, 0.952205, 0.939407, 0.950267, 

C4H10_14r38, C[0], C[1], C[2], C[3], H[4], H[5], H[6], H[7], H[8], H[9], H[10], H[11], H[12], H[13], 
Densities, 2.119720964321378, 1.984970138323367, 2.157732457324535, 2.25464366461512, 0.0005004798082295935, 0.002632175739336699, 0.05403182501204865, 0.0004889772054062831, 0.002178880200233731, 0.002801868391132321, 0.002189461666271827, 0.003099868735234007, 0.0002114772078814461, 0.005089702176832776, 
Time[fs], 34.500000, 34.500000, 34.500000, 34.500000, 28.500000, 29.500000, 26.500000, 28.000000, 29.500000, 28.500000, 28.000000, 28.000000, 30.000000, 27.500000, 
Density Sum, 8.590291940727006
X Velocity[A/fs], -0.135703, -0.0886808, 0.0932585, 0.150174, -0.291106, -0.49434, -0.927122, -0.0611226, -0.583707, 0.517986, 0.145251, 0.184339, 0.572274, 0.872698,  
Y Velocity[A/fs],-0.12523, 0.143265, 0.12569, -0.113275, -0.822078, -0.21191, -0.085584, 0.179629, 0.742878, 0.800045, 0.135024, -0.904251, -0.118265, -0.120824,  
Z Velocity[A/fs],0.0124823, -0.114526, 0.118014, -0.000303537, -0.362031, 0.770464, -0.210043, -0.940972, 0.124229, -0.0808697, 0.933033, 0.171988, -0.726984, 0.382757,  
Speed[A/fs],0.185078, 0.203728, 0.196016, 0.188105, 0.944257, 0.939623, 0.954462, 0.959912, 0.952898, 0.956516, 0.953876, 0.938739, 0.932733, 0.960574, 

C4H10_14r4, C[0], C[1], C[2], C[3], H[4], H[5], H[6], H[7], H[8], H[9], H[10], H[11], H[12], H[13], 
Densities, 2.122319340292909, 2.20333288558543, 2.537217026385657, 2.059173835908493, 0.0008784516814016978, 0.002768985255200071, 0.02131394316221122, 0.0006401507659019454, 0.0001789671016290165, 0.007303975890786792, 0.003279553930500496, 0.000651351386065125, 0.00032483911035056, 0.0003063948905302364, 
Time[fs], 34.500000, 34.500000, 34.500000, 34.500000, 28.000000, 30.000000, 27.000000, 28.000000, 28.500000, 28.000000, 28.000000, 29.500000, 29.500000, 26.500000, 
Density Sum, 8.959689701347065
X Velocity[A/fs], -0.140098, -0.0813704, 0.0948059, 0.13695, -0.155698, -0.562887, -0.90019, -0.0844941, -0.525255, 0.513291, 0.0842429, 0.325833, 0.419882, 0.950839,  
Y Velocity[A/fs],-0.123436, 0.127503, 0.131204, -0.12401, -0.909805, -0.167196, -0.0952463, 0.162443, 0.778559, 0.80209, 0.196417, -0.739967, -0.300695, 0.0430303,  
Z Velocity[A/fs],0.00943199, -0.106184, 0.100864, -0.00975779, -0.182212, 0.7168, -0.276902, -0.936007, 0.101655, -0.052854, 0.92013, 0.496342, -0.775485, 0.043037,  
Speed[A/fs],0.186957, 0.184806, 0.190726, 0.185011, 0.940845, 0.926606, 0.94662, 0.953749, 0.944659, 0.953734, 0.944625, 0.948722, 0.931717, 0.952784, 

C4H10_14r44, C[0], C[1], C[2], C[3], H[4], H[5], H[6], H[7], H[8], H[9], H[10], H[11], H[12], H[13], 
Densities, 2.210001826557967, 2.362943191672238, 1.835494570093203, 1.787610062998118, 0.0005066528548271418, 0.002767490497926361, 0.05394426362920059, 0.0007239706881455112, 0.003095607744537475, 0.002905648701526614, 0.002229093327222241, 0.001071980114640459, 0.003613083457109399, 0.0001923402079117305, 
Time[fs], 34.000000, 34.000000, 34.000000, 34.000000, 28.000000, 30.000000, 26.500000, 28.000000, 29.000000, 28.500000, 28.000000, 29.000000, 28.500000, 26.500000, 
Density Sum, 8.267099782544573
X Velocity[A/fs], -0.143274, -0.0962431, 0.102961, 0.147104, -0.219203, -0.561544, -0.925626, -0.0659227, -0.600314, 0.521235, 0.111444, 0.28615, 0.34385, 0.942026,  
Y Velocity[A/fs],-0.118149, 0.137262, 0.127421, -0.123114, -0.86174, -0.163032, -0.109387, 0.257651, 0.732859, 0.799727, 0.10708, -0.794044, -0.322627, -0.0352914,  
Z Velocity[A/fs],0.0121233, -0.110566, 0.1288, -0.0678807, -0.322969, 0.737309, -0.198966, -0.931406, 0.124578, -0.0664329, 0.937838, 0.42226, -0.832073, 0.0708669,  
Speed[A/fs],0.186101, 0.20082, 0.20839, 0.203481, 0.946021, 0.941029, 0.953067, 0.968632, 0.955499, 0.956903, 0.950487, 0.943764, 0.956382, 0.945347, 

C4H10_14r46, C[0], C[1], C[2], C[3], H[4], H[5], H[6], H[7], H[8], H[9], H[10], H[11], H[12], H[13], 
Densities, 2.240106154074424, 2.138775141004881, 1.934723927021208, 2.298214671332753, 0.000302792190584959, 0.0001030841262127288, 0.01443195206851422, 0.001387118586477089, 0.0001564774544054549, 0.0004250029072207571, 0.002378332540896582, 0.001411076778829586, 0.0001773403588269491, 0.0001348196189628791, 
Time[fs], 34.000000, 34.000000, 34.000000, 34.000000, 28.000000, 31.000000, 27.000000, 27.500000, 28.500000, 29.000000, 27.500000, 28.500000, 30.000000, 26.500000, 
Density Sum, 8.632727890064196
X Velocity[A/fs], -0.13129, -0.0840287, 0.0852404, 0.142764, -0.216647, -0.659584, -0.897069, -0.102157, -0.517383, 0.548107, 0.102787, 0.201631, 0.510205, 0.926212,  
Y Velocity[A/fs],-0.119171, 0.123025, 0.123945, -0.120921, -0.885179, -0.0274514, -0.107785, 0.117954, 0.798288, 0.765302, 0.226564, -0.84685, -0.26214, -0.0386388,  
Z Velocity[A/fs],0.0467852, -0.127439, 0.125391, -0.00974698, -0.253043, 0.645976, -0.278613, -0.94535, 0.0669506, -0.126183, 0.928824, 0.402744, -0.737809, 0.219103,  
Speed[A/fs],0.183378, 0.196053, 0.195834, 0.187346, 0.945785, 0.923629, 0.945503, 0.958141, 0.953641, 0.949753, 0.961566, 0.959173, 0.934552, 0.952558, 

C4H10_14r30, C[0], C[1], C[2], C[3], H[4], H[5], H[6], H[7], H[8], H[9], H[10], H[11], H[12], H[13], 
Densities, 2.419171783366965, 2.036139122996198, 2.166486598543349, 1.853807637591531, 0.001798422820371808, 0.001564328513464849, 0.04640070659451952, 0.0006320013813442635, 0.0001227484182996919, 0.001920466185901601, 0.002267822813863111, 0.0009431124946843146, 0.0002880960757721356, 8.742586344142899e-05, 
Time[fs], 34.000000, 34.000000, 34.000000, 34.000000, 29.500000, 30.000000, 26.500000, 28.000000, 28.500000, 30.500000, 28.000000, 29.000000, 30.000000, 26.500000, 
Density Sum, 8.531630273659708
X Velocity[A/fs], -0.137803, -0.110715, 0.0739796, 0.151504, -0.261915, -0.422201, -0.93957, -0.0271491, -0.516889, 0.653721, 0.0600414, 0.172371, 0.431666, 0.935661,  
Y Velocity[A/fs],-0.120652, 0.11998, 0.130057, -0.117771, -0.734058, -0.351785, -0.0119477, 0.333569, 0.789799, 0.666682, 0.266099, -0.801535, -0.338767, -0.108289,  
Z Velocity[A/fs],0.0132957, -0.114844, 0.112856, -0.00986835, -0.525272, 0.758896, -0.136186, -0.903427, 0.193987, -0.142087, 0.922189, 0.459982, -0.760036, 0.133194,  
Speed[A/fs],0.183639, 0.199605, 0.187415, 0.192148, 0.939867, 0.936979, 0.949463, 0.963424, 0.963633, 0.94446, 0.961689, 0.940082, 0.937418, 0.951278, 

C4H10_14r6, C[0], C[1], C[2], C[3], H[4], H[5], H[6], H[7], H[8], H[9], H[10], H[11], H[12], H[13], 
Densities, 2.027136969905551, 1.932401746966478, 2.063686097280821, 2.23952921419237, 0.0008188225459014374, 0.004954893812418609, 0.0291815584608541, 0.001091080353630228, 0.005590481867571106, 0.0004465935229310659, 0.004087177145068865, 0.005149343829564695, 0.006956432413978258, 0.0001857240208314799, 
Time[fs], 34.500000, 34.500000, 34.500000, 34.500000, 28.000000, 30.000000, 27.000000, 28.000000, 29.000000, 29.500000, 28.000000, 28.500000, 28.500000, 27.000000, 
Density Sum, 8.32121613631797
X Velocity[A/fs], -0.150988, -0.0994426, 0.102364, 0.14039, -0.244216, -0.560838, -0.919774, -0.065604, -0.52184, 0.642429, 0.130678, 0.234412, 0.436644, 0.925524,  
Y Velocity[A/fs],-0.1336, 0.15194, 0.11913, -0.0978867, -0.870574, -0.182123, -0.0484224, 0.305824, 0.767689, 0.715673, 0.123485, -0.855556, -0.176234, -0.13861,  
Z Velocity[A/fs],0.0141487, -0.10796, 0.129168, -0.0748374, -0.297829, 0.740556, -0.291793, -0.919781, 0.257514, -0.0797136, 0.937414, 0.300502, -0.830183, 0.165313,  
Speed[A/fs],0.202105, 0.211258, 0.203358, 0.186793, 0.951968, 0.946642, 0.966164, 0.971509, 0.963316, 0.965016, 0.9545, 0.936604, 0.954422, 0.950334, 

C4H10_14r14, C[0], C[1], C[2], C[3], H[4], H[5], H[6], H[7], H[8], H[9], H[10], H[11], H[12], H[13], 
Densities, 2.147337694221481, 2.166950884307798, 2.386454076304788, 1.951889091854592, 0.001747328403092521, 0.002320700169032371, 0.01055602498619303, 0.0003704728652595786, 0.001847560575751759, 0.001636689246506651, 0.0009887283148211285, 0.001125299524169439, 0.0001990950262176571, 6.48836500067346e-05, 
Time[fs], 34.000000, 34.000000, 34.000000, 34.000000, 29.000000, 29.500000, 27.000000, 28.000000, 29.500000, 28.500000, 28.000000, 28.000000, 30.000000, 27.000000, 
Density Sum, 8.673488529449713
X Velocity[A/fs], -0.134361, -0.090801, 0.0866431, 0.143448, -0.296867, -0.443888, -0.916714, -0.0295565, -0.586677, 0.539181, 0.0373875, 0.11189, 0.580284, 0.891055,  
Y Velocity[A/fs],-0.118772, 0.125336, 0.116963, -0.125054, -0.752, -0.277033, 0.0128298, 0.332173, 0.724832, 0.775308, 0.268643, -0.905278, -0.185889, -0.0881923,  
Z Velocity[A/fs],0.013004, -0.113018, 0.108714, -0.0103965, -0.479083, 0.781335, -0.245211, -0.897315, 0.21583, -0.106294, 0.919409, 0.268979, -0.704125, 0.280363,  
Speed[A/fs],0.179802, 0.191643, 0.181676, 0.190588, 0.939763, 0.940356, 0.94903, 0.957281, 0.957159, 0.950325, 0.958582, 0.950998, 0.931169, 0.938275, 

C4H10_14r40, C[0], C[1], C[2], C[3], H[4], H[5], H[6], H[7], H[8], H[9], H[10], H[11], H[12], H[13], 
Densities, 2.129990990049911, 2.328989440506021, 2.157145835736114, 2.066309485691079, 0.0006611868599994614, 0.002379211684309186, 0.02614951911273314, 0.0005702491614888649, 0.0001372507256802505, 0.0002136372786478145, 0.001152185037553133, 0.004611640237744929, 0.003695417522773498, 0.0001576690598679205, 
Time[fs], 34.000000, 34.000000, 34.000000, 34.000000, 28.500000, 30.000000, 26.500000, 28.000000, 28.500000, 29.500000, 28.000000, 28.000000, 30.500000, 26.500000, 
Density Sum, 8.722163718663923
X Velocity[A/fs], -0.151279, -0.0767059, 0.0883249, 0.132889, -0.254909, -0.413221, -0.943167, -0.04409, -0.525863, 0.549097, 0.00132496, 0.196936, 0.572252, 0.925896,  
Y Velocity[A/fs],-0.117131, 0.118769, 0.140401, -0.12485, -0.800955, -0.343974, 0.0048516, 0.180085, 0.795836, 0.74904, 0.283652, -0.865971, -0.211964, -0.0387069,  
Z Velocity[A/fs],0.0121276, -0.116257, 0.117913, -0.0100995, -0.425877, 0.757287, -0.108379, -0.931894, 0.0561324, -0.211753, 0.912344, 0.305591, -0.698786, 0.216099,  
Speed[A/fs],0.191708, 0.183045, 0.203512, 0.182617, 0.942273, 0.928737, 0.949386, 0.950159, 0.95553, 0.95258, 0.955423, 0.939189, 0.927741, 0.951568, 

C4H10_14r39, C[0], C[1], C[2], C[3], H[4], H[5], H[6], H[7], H[8], H[9], H[10], H[11], H[12], H[13], 
Densities, 2.266266879317626, 1.992086363203684, 2.402182770347704, 1.874611452616754, 0.0007411150050585443, 0.002834409204341352, 0.03657606463582349, 0.0005412896531135032, 0.002177146245762152, 0.0001955061544915079, 0.0006632850947554803, 0.001421358210078544, 0.0001176135816006472, 0.004618538584636588, 
Time[fs], 34.000000, 34.000000, 34.000000, 34.000000, 28.500000, 30.000000, 26.500000, 28.000000, 29.000000, 29.500000, 28.000000, 28.500000, 30.000000, 27.500000, 
Density Sum, 8.585033791855436
X Velocity[A/fs], -0.139967, -0.0780015, 0.0759066, 0.153093, -0.148772, -0.528598, -0.910132, -0.0480115, -0.554714, 0.618028, -0.027517, 0.192646, 0.594918, 0.876279,  
Y Velocity[A/fs],-0.118944, 0.118347, 0.127789, -0.115446, -0.832049, -0.289627, -0.0678489, 0.241157, 0.752411, 0.715734, 0.264192, -0.830471, -0.132697, -0.093493,  
Z Velocity[A/fs],0.0117094, -0.115425, 0.127204, -0.0334859, -0.418791, 0.717253, -0.221474, -0.926257, 0.157985, -0.136694, 0.920212, 0.378275, -0.722851, 0.364061,  
Speed[A/fs],0.184053, 0.182793, 0.195634, 0.194645, 0.943305, 0.936884, 0.939145, 0.958339, 0.948045, 0.955468, 0.957781, 0.932677, 0.945542, 0.953492, 

C4H10_14r28, C[0], C[1], C[2], C[3], H[4], H[5], H[6], H[7], H[8], H[9], H[10], H[11], H[12], H[13], 
Densities, 1.889324320682785, 2.28471679143154, 2.398860971411322, 1.889590540856214, 0.0009330224325927168, 0.0002452212127549843, 0.01542372633153696, 0.0007530780381461722, 0.0001537475371849995, 0.0002312177065864937, 0.001519714638409236, 0.0004706740177361908, 0.0002601556009491928, 4.329652574617096e-05, 
Time[fs], 34.000000, 34.000000, 34.000000, 34.000000, 28.000000, 30.500000, 27.000000, 28.000000, 28.500000, 29.500000, 28.000000, 30.000000, 30.000000, 27.000000, 
Density Sum, 8.482526478423503
X Velocity[A/fs], -0.14474, -0.0920625, 0.0839473, 0.142153, -0.179689, -0.584644, -0.909437, -0.0004908, -0.533614, 0.596305, 0.00503265, 0.198609, 0.536199, 0.9095,  
Y Velocity[A/fs],-0.128937, 0.132348, 0.121463, -0.123957, -0.854329, -0.224264, -0.0859903, 0.221355, 0.79177, 0.722799, 0.265381, -0.737629, -0.255414, -0.0958939,  
Z Velocity[A/fs],0.017893, -0.104926, 0.123257, -0.0315141, -0.360509, 0.702513, -0.256419, -0.92377, 0.0581254, -0.143364, 0.919897, 0.544934, -0.727716, 0.255508,  
Speed[A/fs],0.194666, 0.192357, 0.192335, 0.191223, 0.944528, 0.941078, 0.948799, 0.94992, 0.956568, 0.94793, 0.957425, 0.938347, 0.939318, 0.949563, 

C4H10_14r26, C[0], C[1], C[2], C[3], H[4], H[5], H[6], H[7], H[8], H[9], H[10], H[11], H[12], H[13], 
Densities, 2.153067905036329, 2.262778119080012, 2.381432301898565, 2.126160693234696, 0.0008190238472321249, 0.002739798288158, 0.04872000707561072, 0.0008858746269544499, 0.0002348787087183381, 0.00106915963281277, 0.002331692405003856, 0.005379849171105469, 0.0004468474029826399, 0.0003004762987750949, 
Time[fs], 34.500000, 34.500000, 34.500000, 34.500000, 28.500000, 30.000000, 26.500000, 28.000000, 28.500000, 29.000000, 28.000000, 28.500000, 30.000000, 26.500000, 
Density Sum, 8.986366626706959
X Velocity[A/fs], -0.141988, -0.0736434, 0.0862961, 0.139983, -0.201082, -0.472285, -0.913736, -0.0605186, -0.520652, 0.559919, 0.0233892, 0.243123, 0.469888, 0.930645,  
Y Velocity[A/fs],-0.120207, 0.122289, 0.133998, -0.122156, -0.812977, -0.283559, -0.0304422, 0.201659, 0.775205, 0.749, 0.265889, -0.799333, -0.316905, 0.0136429,  
Z Velocity[A/fs],0.0159585, -0.103988, 0.110974, -0.0147529, -0.41441, 0.747837, -0.206512, -0.921372, 0.128776, -0.116579, 0.898811, 0.423945, -0.737574, 0.147105,  
Speed[A/fs],0.186721, 0.176611, 0.194211, 0.186373, 0.934399, 0.928826, 0.937276, 0.945122, 0.942658, 0.942391, 0.937606, 0.936895, 0.930182, 0.942298, 

C4H10_14r1, C[0], C[1], C[2], C[3], H[4], H[5], H[6], H[7], H[8], H[9], H[10], H[11], H[12], H[13], 
Densities, 1.989390141542285, 2.199622255490282, 2.611887232077296, 1.941643197431403, 0.0004732503148753514, 0.001965946811933885, 0.009232050982310327, 0.0002974400091706934, 5.020103221009127e-05, 0.000381580892380753, 0.001051822716628186, 0.001498977021536496, 0.001242105442630637, 9.264505827849866e-05, 
Time[fs], 34.000000, 34.000000, 34.000000, 34.000000, 28.000000, 30.000000, 27.000000, 28.000000, 28.500000, 29.000000, 28.000000, 28.500000, 28.500000, 26.500000, 
Density Sum, 8.758828846823222
X Velocity[A/fs], -0.135404, -0.0865193, 0.0930274, 0.138839, -0.223188, -0.554521, -0.908016, -0.109437, -0.536975, 0.568712, 0.0950122, 0.266434, 0.431335, 0.941636,  
Y Velocity[A/fs],-0.121525, 0.128332, 0.123418, -0.11376, -0.871353, -0.140582, -0.078181, 0.183542, 0.773926, 0.758867, 0.185068, -0.830455, -0.217254, -0.000776206,  
Z Velocity[A/fs],0.00464083, -0.0996589, 0.119723, -0.052561, -0.28738, 0.726373, -0.249224, -0.921128, 0.0971822, -0.0744514, 0.921427, 0.352718, -0.81257, 0.120427,  
Speed[A/fs],0.182001, 0.184083, 0.195498, 0.18703, 0.944276, 0.924594, 0.944837, 0.94559, 0.946968, 0.951239, 0.944619, 0.940772, 0.945261, 0.949305, 

C4H10_14r36, C[0], C[1], C[2], C[3], H[4], H[5], H[6], H[7], H[8], H[9], H[10], H[11], H[12], H[13], 
Densities, 1.950670745954348, 2.419205707138649, 2.269195892519649, 1.949521474502403, 0.0006838748848034949, 0.001406899727853062, 0.03961033354753228, 0.0004467788813459819, 0.001046876119630372, 0.001661090793364451, 0.00149238710556025, 0.001505198343614873, 0.0001477851369342418, 2.781293389833516e-05, 
Time[fs], 35.000000, 35.000000, 35.000000, 35.000000, 28.500000, 30.000000, 26.500000, 28.000000, 30.000000, 28.500000, 28.000000, 28.500000, 30.000000, 27.000000, 
Density Sum, 8.636622857589586
X Velocity[A/fs], -0.132303, -0.0903284, 0.0869586, 0.153288, -0.192929, -0.478954, -0.939511, -0.106912, -0.603717, 0.539294, 0.0217574, 0.188418, 0.561672, 0.9123,  
Y Velocity[A/fs],-0.127045, 0.135582, 0.138449, -0.121465, -0.808594, -0.289497, -0.062935, 0.249391, 0.713922, 0.781828, 0.264776, -0.839178, -0.153439, -0.073068,  
Z Velocity[A/fs],0.0157013, -0.116514, 0.104239, -0.0110043, -0.467612, 0.756505, -0.17608, -0.926815, 0.209412, -0.149552, 0.909808, 0.388028, -0.727798, 0.285852,  
Speed[A/fs],0.184095, 0.200292, 0.193896, 0.195887, 0.953785, 0.941013, 0.957938, 0.965719, 0.958129, 0.961488, 0.947803, 0.94355, 0.932045, 0.958823, 

C4H10_14r7, C[0], C[1], C[2], C[3], H[4], H[5], H[6], H[7], H[8], H[9], H[10], H[11], H[12], H[13], 
Densities, 1.836518565399672, 2.224717893279294, 2.703531701926681, 1.87045918260018, 0.0008260139773972503, 0.003332870197463434, 0.05104884060899341, 0.001581858736561102, 0.003960074917452218, 0.000769206004080582, 0.002072137398066693, 0.001663812022447427, 0.0003097451902412367, 0.0002692428796212192, 
Time[fs], 34.500000, 34.500000, 34.500000, 34.500000, 28.500000, 29.000000, 26.500000, 27.500000, 29.000000, 29.000000, 28.000000, 29.000000, 29.500000, 26.500000, 
Density Sum, 8.701061145138153
X Velocity[A/fs], -0.128362, -0.0981094, 0.0894985, 0.145401, -0.241143, -0.512704, -0.920342, -0.097604, -0.560502, 0.568, 0.110754, 0.253991, 0.433645, 0.921994,  
Y Velocity[A/fs],-0.112112, 0.110311, 0.131465, -0.128853, -0.881032, -0.112387, -0.118892, 0.101897, 0.759505, 0.747319, 0.301828, -0.793586, -0.333479, -0.0514897,  
Z Velocity[A/fs],0.0740567, -0.128394, 0.0900068, -0.0197747, -0.224274, 0.779239, -0.164317, -0.942407, 0.0889819, -0.178256, 0.889984, 0.462614, -0.764191, 0.168531,  
Speed[A/fs],0.185824, 0.195651, 0.182741, 0.195284, 0.940567, 0.939526, 0.942425, 0.952912, 0.948118, 0.95545, 0.946276, 0.953048, 0.939811, 0.938683, 

C4H10_14r16, C[0], C[1], C[2], C[3], H[4], H[5], H[6], H[7], H[8], H[9], H[10], H[11], H[12], H[13], 
Densities, 2.074205065560833, 2.103760411000025, 2.415851543590222, 2.076924027730279, 0.001693199490160378, 0.006062239811394919, 0.05629460924109319, 0.0008149224653962525, 0.0001695246481385094, 0.0004127720688382356, 0.004185914207330753, 0.002677553063445137, 0.0003627257590551131, 9.668149034110097e-05, 
Time[fs], 34.000000, 34.000000, 34.000000, 34.000000, 28.000000, 29.500000, 26.500000, 28.000000, 28.500000, 30.000000, 28.000000, 28.500000, 29.500000, 27.000000, 
Density Sum, 8.743511190126554
X Velocity[A/fs], -0.149301, -0.089871, 0.0945757, 0.13615, -0.233495, -0.478468, -0.93462, -0.0991951, -0.521551, 0.637828, 0.229726, 0.157454, 0.472687, 0.913947,  
Y Velocity[A/fs],-0.128177, 0.134896, 0.134245, -0.124199, -0.847721, -0.218672, -0.0294066, 0.23413, 0.79189, 0.682378, 0.170038, -0.843432, -0.22044, -0.183865,  
Z Velocity[A/fs],0.00843673, -0.0962775, 0.106726, 0.0054669, -0.362635, 0.774268, -0.194357, -0.908598, 0.124022, -0.14799, 0.907671, 0.376085, -0.76492, 0.157094,  
Speed[A/fs],0.196955, 0.188529, 0.195848, 0.184369, 0.951134, 0.936077, 0.955067, 0.943507, 0.956288, 0.945709, 0.951606, 0.936808, 0.925813, 0.945402, 

C4H10_14r42, C[0], C[1], C[2], C[3], H[4], H[5], H[6], H[7], H[8], H[9], H[10], H[11], H[12], H[13], 
Densities, 2.241470017580589, 2.219219438054796, 2.056026342631692, 2.208294956704995, 0.002737219628235138, 0.0003427899861793187, 0.01986147421239443, 0.0005091468642494387, 0.004222156240736083, 0.000627171687221313, 0.00258802996182322, 0.004029394618021019, 0.003507786268426773, 0.0001108937828455643, 
Time[fs], 34.000000, 34.000000, 34.000000, 34.000000, 29.000000, 30.500000, 27.000000, 28.000000, 29.500000, 29.000000, 28.000000, 28.000000, 30.500000, 27.000000, 
Density Sum, 8.763546818222204
X Velocity[A/fs], -0.143, -0.0812516, 0.0857058, 0.133717, -0.198155, -0.515744, -0.899857, -0.0381384, -0.615339, 0.570348, 0.0621588, 0.18622, 0.586295, 0.875309,  
Y Velocity[A/fs],-0.118882, 0.122894, 0.134668, -0.120044, -0.756958, -0.301471, -0.0399492, 0.339706, 0.704717, 0.745625, 0.197, -0.889938, -0.136431, -0.12997,  
Z Velocity[A/fs],0.0298589, -0.116675, 0.123952, -0.00280156, -0.497211, 0.714628, -0.271535, -0.886549, 0.16961, -0.136233, 0.923065, 0.229262, -0.703187, 0.335379,  
Speed[A/fs],0.188344, 0.187931, 0.202102, 0.179719, 0.927076, 0.931435, 0.940781, 0.95017, 0.950808, 0.948584, 0.945897, 0.937672, 0.925649, 0.946328, 

C4H10_14r17, C[0], C[1], C[2], C[3], H[4], H[5], H[6], H[7], H[8], H[9], H[10], H[11], H[12], H[13], 
Densities, 1.933159329637942, 2.280743112586901, 2.195296264547955, 2.468416028975394, 0.00145460766549989, 0.002200910085616214, 0.001696521847375575, 0.0005512602570190678, 0.004316550963314869, 0.0003059637603325235, 0.003891671062791622, 0.002413082717642718, 0.0003933130392340563, 3.981023904505721e-05, 
Time[fs], 34.000000, 34.000000, 34.000000, 34.000000, 28.500000, 30.000000, 27.500000, 28.000000, 29.000000, 30.000000, 28.000000, 29.000000, 30.000000, 27.000000, 
Density Sum, 8.894878427386065
X Velocity[A/fs], -0.153208, -0.089349, 0.0810447, 0.141765, -0.142469, -0.522375, -0.892085, -0.0892979, -0.542466, 0.624857, 0.129637, 0.221235, 0.459425, 0.910237,  
Y Velocity[A/fs],-0.124735, 0.127518, 0.12892, -0.107304, -0.858284, -0.266232, -0.0927626, 0.309462, 0.756108, 0.668562, 0.224695, -0.783597, -0.244078, -0.123016,  
Z Velocity[A/fs],0.0162292, -0.104215, 0.117414, -0.0156112, -0.345666, 0.731392, -0.312226, -0.886916, 0.208098, -0.202784, 0.914532, 0.465957, -0.760176, 0.18929,  
Speed[A/fs],0.19823, 0.187363, 0.192288, 0.17848, 0.936181, 0.937384, 0.949687, 0.943589, 0.953558, 0.937306, 0.950612, 0.938129, 0.921147, 0.937814, 

C4H10_14r48, C[0], C[1], C[2], C[3], H[4], H[5], H[6], H[7], H[8], H[9], H[10], H[11], H[12], H[13], 
Densities, 2.380459319219111, 1.992213055990361, 2.121646947367096, 1.843381660165113, 0.0007381428305450195, 0.0003460837733126403, 0.05048871668111873, 0.0006568133150702074, 0.002301801214517778, 0.002316439064099678, 0.001817921904272291, 0.001795382359889587, 0.0002253826482194709, 5.305549356807812e-05, 
Time[fs], 34.000000, 34.000000, 34.000000, 34.000000, 28.500000, 30.500000, 26.500000, 28.000000, 29.000000, 28.500000, 28.000000, 28.500000, 30.000000, 27.000000, 
Density Sum, 8.398440722026296
X Velocity[A/fs], -0.136211, -0.0868472, 0.0894721, 0.151307, -0.211011, -0.524988, -0.942512, -0.0291472, -0.585222, 0.515637, -0.0302762, 0.182924, 0.532225, 0.907167,  
Y Velocity[A/fs],-0.120099, 0.129927, 0.128539, -0.13036, -0.800971, -0.2975, -0.0313772, 0.27187, 0.750311, 0.793549, 0.26072, -0.839949, -0.2171, -0.0431609,  
Z Velocity[A/fs],0.0156834, -0.119589, 0.134864, -0.0149394, -0.443917, 0.705192, -0.126661, -0.920912, 0.0848545, -0.153352, 0.919797, 0.390039, -0.75636, 0.274494,  
Speed[A/fs],0.182273, 0.196787, 0.206678, 0.200276, 0.939757, 0.928124, 0.951502, 0.960646, 0.955327, 0.958707, 0.956514, 0.943984, 0.949987, 0.948768, 

C4H10_14r27, C[0], C[1], C[2], C[3], H[4], H[5], H[6], H[7], H[8], H[9], H[10], H[11], H[12], H[13], 
Densities, 1.926642113177004, 2.310865359669077, 2.073970529945436, 1.907946882389475, 0.0006933152504364412, 0.0003846272775139845, 0.02107270149260367, 0.0008013199691119515, 0.003833660115650862, 0.0006843450681370376, 0.002062983512697524, 0.003764875487160956, 0.002885186171367225, 6.449670360267645e-05, 
Time[fs], 34.000000, 34.000000, 34.000000, 34.000000, 28.500000, 30.500000, 27.000000, 28.000000, 29.000000, 29.000000, 28.000000, 28.500000, 30.500000, 27.000000, 
Density Sum, 8.255672396229272
X Velocity[A/fs], -0.142556, -0.0868491, 0.0843344, 0.154528, -0.202734, -0.584509, -0.891257, 0.0456554, -0.597003, 0.585672, -0.023505, 0.185515, 0.618452, 0.879065,  
Y Velocity[A/fs],-0.126162, 0.124589, 0.131965, -0.121734, -0.861055, -0.228722, -0.0860587, 0.291101, 0.742867, 0.753671, 0.237045, -0.877212, -0.207883, -0.0927202,  
Z Velocity[A/fs],0.0124262, -0.117844, 0.131873, -0.0346798, -0.349893, 0.705091, -0.317578, -0.907595, 0.0827771, -0.102159, 0.931517, 0.318255, -0.69252, 0.371504,  
Speed[A/fs],0.190771, 0.19223, 0.204738, 0.199752, 0.951285, 0.943991, 0.950053, 0.954229, 0.956617, 0.959931, 0.961492, 0.951422, 0.951463, 0.958836, 

C4H10_14r31, C[0], C[1], C[2], C[3], H[4], H[5], H[6], H[7], H[8], H[9], H[10], H[11], H[12], H[13], 
Densities, 2.108721886199787, 2.178320431003235, 2.330673630412067, 2.002955953364257, 0.002050161959930631, 0.0004347397601568874, 0.01443000300559873, 0.001775703238653344, 0.0001530472628107622, 0.002848016401628353, 0.002505613614193864, 0.002812927793806065, 0.0003569347986662665, 2.077411891377444e-05, 
Time[fs], 34.000000, 34.000000, 34.000000, 34.000000, 27.500000, 30.500000, 27.000000, 27.500000, 28.500000, 28.500000, 28.000000, 28.500000, 29.000000, 27.000000, 
Density Sum, 8.648059822933709
X Velocity[A/fs], -0.142922, -0.0913315, 0.0934342, 0.135745, -0.191559, -0.621972, -0.894473, -0.104948, -0.526908, 0.556995, 0.127993, 0.270715, 0.527068, 0.911916,  
Y Velocity[A/fs],-0.127053, 0.135554, 0.115764, -0.117151, -0.903397, -0.104252, -0.151006, 0.133904, 0.787198, 0.769072, 0.0830907, -0.836113, -0.0950576, -0.108801,  
Z Velocity[A/fs],0.0115691, -0.0997698, 0.127101, -0.0640702, -0.192238, 0.686619, -0.284609, -0.941495, 0.109447, 0.0220415, 0.928317, 0.329886, -0.776595, 0.184315,  
Speed[A/fs],0.19158, 0.191495, 0.195668, 0.19041, 0.94328, 0.93229, 0.950729, 0.956743, 0.953568, 0.949842, 0.940775, 0.938721, 0.943365, 0.936697, 

C4H10_14r47, C[0], C[1], C[2], C[3], H[4], H[5], H[6], H[7], H[8], H[9], H[10], H[11], H[12], H[13], 
Densities, 2.186072208342603, 1.967098228917303, 2.481377828427495, 2.251174918799871, 0.003188539432787994, 0.0002888519533957889, 0.02331157827535256, 0.0008345176235360014, 0.000160416036956846, 0.0007340445879861297, 0.001531426065543363, 0.004671900874905105, 0.002253257482846674, 0.02360218478284879, 
Time[fs], 34.000000, 34.000000, 34.000000, 34.000000, 29.000000, 30.500000, 27.000000, 28.000000, 28.500000, 29.000000, 28.000000, 28.000000, 31.000000, 28.000000, 
Density Sum, 8.946299901603433
X Velocity[A/fs], -0.127451, -0.0909183, 0.0703441, 0.147641, -0.244554, -0.562996, -0.90002, 0.000333676, -0.501482, 0.58012, -0.0172705, 0.151656, 0.660461, 0.826919,  
Y Velocity[A/fs],-0.123149, 0.122441, 0.123332, -0.113449, -0.780038, -0.246026, -0.0517327, 0.229926, 0.79082, 0.734118, 0.230951, -0.872698, -0.126608, -0.154089,  
Z Velocity[A/fs],0.021617, -0.11062, 0.108705, -0.0282061, -0.460034, 0.69918, -0.243643, -0.915204, 0.0914815, -0.12125, 0.911635, 0.259356, -0.651297, 0.391961,  
Speed[A/fs],0.17854, 0.1884, 0.178818, 0.188319, 0.938028, 0.930777, 0.933849, 0.943644, 0.940877, 0.943488, 0.940593, 0.922966, 0.936177, 0.927993, 

C4H10_14r10, C[0], C[1], C[2], C[3], H[4], H[5], H[6], H[7], H[8], H[9], H[10], H[11], H[12], H[13], 
Densities, 2.063616758249515, 2.164220530847765, 2.711533446991445, 2.108711207985989, 0.0002620258006315927, 0.001344458365859651, 0.01207122731448936, 0.001266624941678407, 0.001199457628733561, 0.002253544337895193, 0.001290071587647469, 0.003134335997623019, 8.084581317697097e-05, 3.008780467997249e-05, 
Time[fs], 34.500000, 34.500000, 34.500000, 34.500000, 28.000000, 29.000000, 27.000000, 27.500000, 29.000000, 28.000000, 28.000000, 28.000000, 30.000000, 27.000000, 
Density Sum, 9.07101462366713
X Velocity[A/fs], -0.121831, -0.0899061, 0.0745996, 0.142303, -0.26929, -0.517132, -0.897499, -0.168912, -0.52866, 0.499713, 0.148228, 0.220038, 0.528739, 0.896477,  
Y Velocity[A/fs],-0.0956993, 0.109409, 0.119201, -0.12057, -0.840352, -0.0587365, -0.137271, 0.15493, 0.760829, 0.800858, 0.157786, -0.855287, -0.118904, -0.079099,  
Z Velocity[A/fs],0.0699995, -0.128658, 0.0911561, -0.00763805, -0.249259, 0.776206, -0.211217, -0.919582, 0.17584, -0.0763261, 0.919809, 0.306534, -0.732747, 0.218922,  
Speed[A/fs],0.170003, 0.191328, 0.167581, 0.18667, 0.916972, 0.934544, 0.93218, 0.947716, 0.943007, 0.947054, 0.944943, 0.934823, 0.911384, 0.926205, 

C4H10_14r32, C[0], C[1], C[2], C[3], H[4], H[5], H[6], H[7], H[8], H[9], H[10], H[11], H[12], H[13], 
Densities, 1.932341559513291, 2.185215840271096, 2.083606896219239, 1.965913667349303, 0.001352308492797108, 0.001633951286228354, 0.016582844289513, 0.0003818697631449049, 0.002444419991345182, 0.0001195180056362514, 0.001801885572324378, 0.001721126012427744, 0.001818015918638911, 9.501462241091108e-05, 
Time[fs], 33.500000, 33.500000, 33.500000, 33.500000, 28.500000, 30.000000, 27.000000, 28.000000, 29.000000, 29.500000, 27.500000, 28.000000, 30.500000, 27.000000, 
Density Sum, 8.195028917307397
X Velocity[A/fs], -0.146579, -0.0994027, 0.0794507, 0.152325, -0.195194, -0.525285, -0.923782, -0.00738876, -0.573048, 0.595572, 0.0406038, 0.147992, 0.582383, 0.897407,  
Y Velocity[A/fs],-0.127763, 0.133864, 0.135274, -0.120211, -0.78834, -0.227287, -0.0674302, 0.294052, 0.740853, 0.726839, 0.245538, -0.874412, -0.221074, -0.0794301,  
Z Velocity[A/fs],0.0147467, -0.112172, 0.118416, -0.0196642, -0.479538, 0.740225, -0.237007, -0.915826, 0.20468, -0.148636, 0.931078, 0.307793, -0.690696, 0.29175,  
Speed[A/fs],0.195003, 0.200955, 0.196555, 0.195039, 0.943153, 0.935691, 0.956082, 0.961904, 0.958718, 0.951364, 0.963765, 0.938741, 0.93011, 0.946978, 

C4H10_14r21, C[0], C[1], C[2], C[3], H[4], H[5], H[6], H[7], H[8], H[9], H[10], H[11], H[12], H[13], 
Densities, 2.510683201990681, 2.228058128788701, 1.918645640734697, 2.107327547032287, 0.002328475232482743, 0.003308816170106647, 0.03908982187643061, 0.0009774287446116068, 0.0001529736213254696, 0.0006565178612151251, 0.0009582273681246262, 0.001726723218636674, 0.0001995793345582241, 6.343029575132891e-05, 
Time[fs], 34.000000, 34.000000, 34.000000, 34.000000, 29.000000, 29.500000, 26.500000, 27.500000, 28.500000, 29.000000, 28.000000, 28.000000, 30.000000, 27.000000, 
Density Sum, 8.81417651226961
X Velocity[A/fs], -0.135275, -0.104073, 0.0877941, 0.138072, -0.279092, -0.372634, -0.944001, -0.0917821, -0.549969, 0.559847, 0.00955873, 0.161355, 0.596947, 0.887542,  
Y Velocity[A/fs],-0.118373, 0.119392, 0.135328, -0.126965, -0.774852, -0.340193, 0.00916658, 0.111109, 0.772576, 0.756869, 0.270594, -0.897811, -0.165812, -0.0731536,  
Z Velocity[A/fs],0.00311527, -0.106306, 0.112817, -0.0170346, -0.472228, 0.782677, -0.0643124, -0.940517, 0.0474216, -0.0798027, 0.917869, 0.237742, -0.699847, 0.291636,  
Speed[A/fs],0.179781, 0.190753, 0.196848, 0.188346, 0.949361, 0.93122, 0.946234, 0.951495, 0.94952, 0.944801, 0.956972, 0.942667, 0.934679, 0.937088, 

C4H10_14r43, C[0], C[1], C[2], C[3], H[4], H[5], H[6], H[7], H[8], H[9], H[10], H[11], H[12], H[13], 
Densities, 2.147326314508463, 2.470716219563571, 2.039470371532631, 1.926963462803678, 0.0006061463288834435, 0.0001740848139131266, 0.03552781481191852, 0.001275128170743184, 0.0001193578387533606, 0.0002457337253870722, 0.002171599196302577, 0.003000084377595102, 0.0001653446839945325, 2.354115124882115e-05, 
Time[fs], 34.000000, 34.000000, 34.000000, 34.000000, 28.500000, 28.500000, 26.500000, 27.500000, 28.500000, 29.500000, 28.000000, 28.000000, 30.000000, 27.000000, 
Density Sum, 8.627785203507083
X Velocity[A/fs], -0.146658, -0.0923171, 0.0708675, 0.154156, -0.271119, -0.426717, -0.935325, -0.102516, -0.555989, 0.59644, 0.131585, 0.149646, 0.556678, 0.900672,  
Y Velocity[A/fs],-0.100515, 0.106061, 0.131417, -0.114047, -0.813242, -0.251293, -0.0380429, 0.15027, 0.777088, 0.708918, 0.274305, -0.871584, -0.200822, -0.162644,  
Z Velocity[A/fs],0.067769, -0.130202, 0.114452, -0.0144387, -0.401365, 0.814988, -0.1106, -0.939639, 0.021569, -0.170773, 0.908348, 0.312089, -0.728654, 0.248841,  
Speed[A/fs],0.190275, 0.191635, 0.188127, 0.1923, 0.946553, 0.953646, 0.94261, 0.957085, 0.955748, 0.942055, 0.957942, 0.937791, 0.938699, 0.948464, 

C4H10_14r5, C[0], C[1], C[2], C[3], H[4], H[5], H[6], H[7], H[8], H[9], H[10], H[11], H[12], H[13], 
Densities, 1.629270318280848, 2.771234352531813, 2.129921130828537, 1.911591052042458, 0.0005456378847476978, 0.002447371339141174, 0.04927385007047446, 0.002809156543878928, 0.000115705475202792, 0.001753090857044314, 0.001963381818058085, 0.001743066373310987, 0.002786391484174651, 0.0003133293988453361, 
Time[fs], 34.000000, 34.000000, 34.000000, 34.000000, 28.000000, 29.000000, 26.500000, 27.500000, 28.500000, 28.500000, 28.000000, 29.000000, 28.500000, 26.500000, 
Density Sum, 8.505767834928537
X Velocity[A/fs], -0.133963, -0.0900055, 0.0948183, 0.136556, -0.204825, -0.518472, -0.915874, -0.169039, -0.521683, 0.52178, 0.177848, 0.370482, 0.376643, 0.926479,  
Y Velocity[A/fs],-0.116654, 0.117711, 0.125915, -0.110462, -0.888731, -0.184226, -0.084043, 0.189447, 0.773659, 0.778811, 0.173463, -0.762002, -0.216348, -0.0386151,  
Z Velocity[A/fs],0.0708381, -0.114981, 0.12282, -0.078641, -0.24658, 0.762637, -0.209999, -0.926221, 0.151492, -0.188725, 0.922145, 0.383628, -0.842252, 0.0825998,  
Speed[A/fs],0.191239, 0.187557, 0.199825, 0.192441, 0.944774, 0.940409, 0.943392, 0.96039, 0.945332, 0.956252, 0.955024, 0.930094, 0.947657, 0.930955, 

C4H10_14r9, C[0], C[1], C[2], C[3], H[4], H[5], H[6], H[7], H[8], H[9], H[10], H[11], H[12], H[13], 
Densities, 2.181083581173453, 2.40528898484858, 2.064306519856613, 2.105771831842212, 0.001219060793841971, 0.0003285347497490457, 0.0001222783041995336, 0.001088652942840761, 0.006522862141846788, 0.0007911371360252639, 0.004325444032466476, 0.00626635379034419, 0.007736702705273424, 0.000174427510215281, 
Time[fs], 34.000000, 34.000000, 34.000000, 34.000000, 28.500000, 31.000000, 28.000000, 28.500000, 29.000000, 29.000000, 28.000000, 28.500000, 28.000000, 26.500000, 
Density Sum, 8.785026371827659
X Velocity[A/fs], -0.158242, -0.0788747, 0.102423, 0.134632, -0.178588, -0.639122, -0.823392, -0.15866, -0.564622, 0.551164, 0.134729, 0.372843, 0.392759, 0.945707,  
Y Velocity[A/fs],-0.102776, 0.119862, 0.107747, -0.0995171, -0.89743, -0.0845424, -0.270535, 0.265979, 0.750651, 0.764724, 0.0789355, -0.815363, -0.131838, -0.0518983,  
Z Velocity[A/fs],0.0118918, -0.0991078, 0.129837, -0.0769041, -0.0215536, 0.66587, -0.379899, -0.891542, 0.0954806, -0.0786187, 0.928744, 0.314176, -0.860495, 0.080008,  
Speed[A/fs],0.189063, 0.174386, 0.197376, 0.184238, 0.91528, 0.926827, 0.946302, 0.943803, 0.944135, 0.94592, 0.94178, 0.950019, 0.955035, 0.950503, 

C4H10_14r33, C[0], C[1], C[2], C[3], H[4], H[5], H[6], H[7], H[8], H[9], H[10], H[11], H[12], H[13], 
Densities, 2.080700147379227, 2.544863751532683, 2.018353250918266, 1.797946662104917, 0.0003009647783312157, 0.004083927372459515, 0.05635095363337946, 0.001445283108446573, 0.00300048985411859, 0.001847239669800829, 0.002208523881366748, 0.002424803750470075, 0.0002131390437057978, 0.0001208759938332183, 
Time[fs], 34.000000, 34.000000, 34.000000, 34.000000, 28.500000, 30.000000, 26.500000, 27.500000, 29.000000, 28.500000, 27.500000, 28.000000, 30.000000, 27.000000, 
Density Sum, 8.513860013021002
X Velocity[A/fs], -0.146849, -0.0837865, 0.0868486, 0.145307, -0.208705, -0.52688, -0.924476, -0.0597743, -0.557378, 0.529573, 0.0779263, 0.228943, 0.574425, 0.908688,  
Y Velocity[A/fs],-0.117665, 0.120612, 0.144244, -0.133774, -0.842462, -0.265203, -0.113549, 0.216295, 0.75812, 0.799287, 0.135655, -0.877138, -0.168072, -0.0668336,  
Z Velocity[A/fs],0.0102846, -0.11866, 0.120262, -0.0115715, -0.383239, 0.727899, -0.175017, -0.942058, 0.0999645, -0.0641167, 0.948007, 0.289274, -0.722468, 0.26526,  
Speed[A/fs],0.188455, 0.188806, 0.206911, 0.197847, 0.948774, 0.936894, 0.947724, 0.968417, 0.94626, 0.960947, 0.960829, 0.951559, 0.938175, 0.948969, 

C4H10_14r11, C[0], C[1], C[2], C[3], H[4], H[5], H[6], H[7], H[8], H[9], H[10], H[11], H[12], H[13], 
Densities, 2.168494317022014, 2.143687533258839, 2.122491786791878, 2.022569484809987, 0.0006351149064862355, 0.002823771609713847, 0.018906443373583, 0.0004899541149189077, 0.003410652279222101, 0.0008421061197147718, 0.002335762671052075, 0.004594251337021865, 0.00362963891365777, 4.283908022339505e-05, 
Time[fs], 34.000000, 34.000000, 34.000000, 34.000000, 28.500000, 30.000000, 27.000000, 28.000000, 29.000000, 29.000000, 28.000000, 28.000000, 30.500000, 27.000000, 
Density Sum, 8.49495365628831
X Velocity[A/fs], -0.151722, -0.0901597, 0.0961253, 0.135961, -0.216488, -0.532022, -0.901437, -0.100905, -0.536504, 0.541884, 0.0989687, 0.221748, 0.585995, 0.910116,  
Y Velocity[A/fs],-0.125381, 0.125648, 0.126895, -0.129395, -0.864509, -0.202713, -0.0684437, 0.247871, 0.771375, 0.767651, 0.28334, -0.881821, -0.161975, -0.0804561,  
Z Velocity[A/fs],0.0179933, -0.109629, 0.115723, -0.0101922, -0.316193, 0.742059, -0.306528, -0.91218, 0.137105, -0.129081, 0.901699, 0.283143, -0.692522, 0.256273,  
Speed[A/fs],0.197645, 0.189565, 0.19681, 0.187969, 0.945633, 0.935303, 0.954585, 0.950628, 0.949555, 0.948466, 0.950336, 0.952339, 0.921528, 0.948925, 

C4H10_14r20, C[0], C[1], C[2], C[3], H[4], H[5], H[6], H[7], H[8], H[9], H[10], H[11], H[12], H[13], 
Densities, 2.311716641864916, 2.207481735528879, 2.430698714518216, 2.081086189803959, 0.001161067746519014, 0.001029855644418948, 0.01398617981849463, 0.0003088574783824588, 0.001482966069998081, 0.0002357766478462752, 0.0007358398592258305, 0.001852843871849452, 9.965378996546987e-05, 1.679879940602184e-05, 
Time[fs], 34.000000, 34.000000, 34.000000, 34.000000, 29.000000, 30.000000, 26.500000, 28.000000, 29.000000, 29.000000, 27.500000, 28.500000, 29.500000, 27.000000, 
Density Sum, 9.051893121442076
X Velocity[A/fs], -0.130253, -0.083651, 0.0938688, 0.12255, -0.26804, -0.483181, -0.913357, -0.0384333, -0.563557, 0.561519, 0.0846248, 0.220827, 0.512979, 0.893449,  
Y Velocity[A/fs],-0.118729, 0.127132, 0.103072, -0.102779, -0.75081, -0.295776, -0.015659, 0.327205, 0.736993, 0.7449, 0.215126, -0.846225, -0.183894, -0.116611,  
Z Velocity[A/fs],0.033197, -0.0918231, 0.126956, -0.0661112, -0.471905, 0.733398, -0.189403, -0.885254, 0.165955, -0.144384, 0.917093, 0.280192, -0.758561, 0.249686,  
Speed[A/fs],0.179345, 0.17774, 0.188555, 0.173068, 0.926421, 0.926725, 0.93292, 0.944571, 0.942494, 0.943941, 0.94578, 0.918352, 0.934012, 0.934983, 

C4H10_14r8, C[0], C[1], C[2], C[3], H[4], H[5], H[6], H[7], H[8], H[9], H[10], H[11], H[12], H[13], 
Densities, 1.692461593226581, 2.309588316700753, 2.336220352829478, 2.069767199939702, 0.0005837562616837763, 0.002811062397077316, 0.01646627064392837, 0.0004508140115234417, 0.002312096244638377, 0.0005636809815355513, 0.002277915167719555, 0.002475974285265125, 0.0002120908704269114, 0.000116524636914893, 
Time[fs], 34.000000, 34.000000, 34.000000, 34.000000, 28.500000, 29.500000, 27.000000, 28.000000, 29.000000, 29.000000, 28.000000, 28.500000, 29.500000, 26.500000, 
Density Sum, 8.436307648197227
X Velocity[A/fs], -0.15565, -0.0923815, 0.0893761, 0.154794, -0.201792, -0.488962, -0.911941, -0.113373, -0.584546, 0.583228, 0.149481, 0.240907, 0.381586, 0.952614,  
Y Velocity[A/fs],-0.120534, 0.134103, 0.129364, -0.11513, -0.857679, -0.231204, -0.115505, 0.277067, 0.740399, 0.746375, 0.245739, -0.806555, -0.304461, -0.0597871,  
Z Velocity[A/fs],0.0143876, -0.11678, 0.11387, -0.00383111, -0.336171, 0.770611, -0.249572, -0.917936, 0.156033, -0.0986121, 0.913417, 0.444011, -0.786253, 0.0796116,  
Speed[A/fs],0.197389, 0.200389, 0.194138, 0.192953, 0.94305, 0.941478, 0.952504, 0.965519, 0.956155, 0.952342, 0.957634, 0.95169, 0.925472, 0.957803, 

C4H10_14r19, C[0], C[1], C[2], C[3], H[4], H[5], H[6], H[7], H[8], H[9], H[10], H[11], H[12], H[13], 
Densities, 2.005943591376894, 2.586105389272833, 1.848430590771768, 2.196145409005032, 0.0006867455760497081, 0.002969845573469031, 0.01670075666282691, 0.0003186221672834167, 0.002747905556752198, 0.003339333923170705, 0.001878424886924717, 0.002566164795700144, 0.0008313801658434824, 3.813679330856354e-05, 
Time[fs], 34.000000, 34.000000, 34.000000, 34.000000, 28.500000, 30.000000, 27.000000, 28.000000, 30.000000, 28.500000, 28.000000, 28.500000, 29.000000, 27.000000, 
Density Sum, 8.668702296527856
X Velocity[A/fs], -0.152471, -0.079059, 0.111847, 0.133453, -0.146036, -0.542696, -0.882183, -0.177047, -0.607649, 0.547079, 0.0835657, 0.287237, 0.455454, 0.927732,  
Y Velocity[A/fs],-0.114711, 0.127541, 0.129411, -0.113265, -0.852884, -0.215222, -0.188859, 0.277339, 0.689805, 0.778504, 0.163273, -0.836738, -0.171785, -0.0405538,  
Z Velocity[A/fs],0.0180975, -0.0996561, 0.118494, -0.0542333, -0.320918, 0.71969, -0.28717, -0.899296, 0.204888, -0.0518154, 0.926983, 0.330846, -0.806999, 0.179442,  
Speed[A/fs],0.19166, 0.180134, 0.208081, 0.183249, 0.92289, 0.926711, 0.946774, 0.957599, 0.941832, 0.952916, 0.944954, 0.944508, 0.942441, 0.945797, 

C4H10_14r22, C[0], C[1], C[2], C[3], H[4], H[5], H[6], H[7], H[8], H[9], H[10], H[11], H[12], H[13], 
Densities, 1.844715794102691, 2.653825453724664, 2.267158269607396, 1.86777528473175, 0.0005372336253668533, 0.002519359347208497, 0.03427420054232569, 0.0004013228544356359, 0.002879363404552251, 0.0008039847196527893, 0.001643589629887, 0.002807545208245136, 0.0002031167209166105, 4.491307465894357e-05, 
Time[fs], 34.000000, 34.000000, 34.000000, 34.000000, 28.500000, 29.000000, 26.500000, 28.000000, 29.000000, 29.000000, 28.000000, 28.500000, 30.000000, 27.000000, 
Density Sum, 8.679589431293753
X Velocity[A/fs], -0.124974, -0.0870587, 0.0944094, 0.135408, -0.292485, -0.468504, -0.932563, -0.0645938, -0.581406, 0.560035, 0.0762424, 0.228328, 0.517192, 0.90165,  
Y Velocity[A/fs],-0.111513, 0.11866, 0.145701, -0.122861, -0.79728, -0.205487, -0.0328384, 0.153728, 0.755966, 0.739056, 0.308869, -0.8205, -0.282984, -0.0700017,  
Z Velocity[A/fs],0.0668882, -0.114121, 0.10103, -0.0332612, -0.381151, 0.779795, -0.154584, -0.929772, 0.0397907, -0.217274, 0.906629, 0.374654, -0.72995, 0.262522,  
Speed[A/fs],0.180354, 0.186234, 0.200871, 0.18584, 0.930849, 0.932631, 0.945858, 0.944606, 0.954516, 0.952392, 0.960828, 0.93044, 0.938293, 0.941696, 

C4H10_14r24, C[0], C[1], C[2], C[3], H[4], H[5], H[6], H[7], H[8], H[9], H[10], H[11], H[12], H[13], 
Densities, 2.274805324350527, 2.106439377157521, 2.016972632320415, 1.97439107573188, 0.0003292140159376721, 0.003048072843602824, 0.04213983518293658, 0.001310578158670694, 0.003420919997532442, 0.002375514415316121, 0.002417299305990711, 0.001054204340169422, 0.0002070453827447487, 0.0001250955828206868, 
Time[fs], 34.000000, 34.000000, 34.000000, 34.000000, 28.500000, 29.500000, 26.500000, 27.500000, 29.500000, 28.000000, 28.000000, 29.000000, 29.500000, 26.500000, 
Density Sum, 8.429036188786066
X Velocity[A/fs], -0.143446, -0.0983824, 0.0981948, 0.140871, -0.20298, -0.426219, -0.932807, -0.129413, -0.600586, 0.505144, 0.104551, 0.298623, 0.458726, 0.94339,  
Y Velocity[A/fs],-0.118746, 0.129385, 0.129151, -0.124698, -0.843956, -0.310019, -0.126484, 0.29362, 0.720763, 0.812301, 0.199976, -0.792696, -0.210376, 0.0131234,  
Z Velocity[A/fs],-0.00679916, -0.117289, 0.125718, -0.0405716, -0.370265, 0.773875, -0.106972, -0.913423, 0.174928, -0.0794113, 0.932561, 0.415333, -0.774295, 0.0962226,  
Speed[A/fs],0.186342, 0.20044, 0.205249, 0.192459, 0.943694, 0.9363, 0.947401, 0.968143, 0.954359, 0.959849, 0.959474, 0.943421, 0.92424, 0.948375, 

C4H10_14r12, C[0], C[1], C[2], C[3], H[4], H[5], H[6], H[7], H[8], H[9], H[10], H[11], H[12], H[13], 
Densities, 2.162521103631638, 2.282591032208409, 2.343038719724114, 2.118499776554875, 0.0006399826733079969, 0.006502336107044291, 0.04097360687671457, 0.0007195124109665194, 0.0001921045460404841, 0.000403407929563379, 0.003107726968017791, 0.00324241703116634, 0.0003644252232375154, 6.981254841865e-05, 
Time[fs], 34.000000, 34.000000, 34.000000, 34.000000, 28.000000, 29.500000, 26.500000, 28.000000, 28.500000, 29.500000, 28.000000, 28.500000, 29.500000, 27.000000, 
Density Sum, 8.962865964433517
X Velocity[A/fs], -0.128175, -0.101569, 0.0869348, 0.139645, -0.201263, -0.515068, -0.917849, -0.0517415, -0.535596, 0.61473, 0.113116, 0.231069, 0.479944, 0.916816,  
Y Velocity[A/fs],-0.133764, 0.133764, 0.13409, -0.111485, -0.866308, -0.181027, -0.0172673, 0.183947, 0.780032, 0.710753, 0.210724, -0.823358, -0.244892, -0.0989273,  
Z Velocity[A/fs],0.00939607, -0.0927516, 0.0996025, -0.00566546, -0.304097, 0.751443, -0.239319, -0.915587, 0.119485, -0.120516, 0.910842, 0.365771, -0.758398, 0.21142,  
Speed[A/fs],0.185499, 0.191864, 0.188304, 0.178779, 0.939932, 0.928834, 0.948693, 0.935314, 0.953724, 0.94741, 0.941718, 0.930107, 0.930315, 0.946063, 

C4H10_14r34, C[0], C[1], C[2], C[3], H[4], H[5], H[6], H[7], H[8], H[9], H[10], H[11], H[12], H[13], 
Densities, 2.067004471638226, 2.093695324932647, 2.279012392576686, 2.142074889117987, 0.0004992937978979627, 0.002252535589733314, 0.02327946667244096, 0.0004461749176882237, 0.002350268883358766, 0.0002927343024074525, 0.001390907373157381, 0.002082903520236538, 0.002268072158125097, 0.006645206247358456, 
Time[fs], 34.000000, 34.000000, 34.000000, 34.000000, 28.500000, 30.000000, 27.000000, 28.000000, 30.000000, 29.500000, 28.000000, 28.500000, 30.500000, 27.500000, 
Density Sum, 8.623294641727947
X Velocity[A/fs], -0.14086, -0.0741993, 0.0910302, 0.154484, -0.204561, -0.541582, -0.901214, -0.142412, -0.626296, 0.592231, 0.0397835, 0.105052, 0.582276, 0.875355,  
Y Velocity[A/fs],-0.116019, 0.127765, 0.124968, -0.117946, -0.83187, -0.223355, -0.135298, 0.269588, 0.694485, 0.71367, 0.250934, -0.854016, -0.202637, -0.108556,  
Z Velocity[A/fs],0.0115142, -0.115263, 0.116033, -0.0216078, -0.40308, 0.722446, -0.245845, -0.910245, 0.180608, -0.198063, 0.921212, 0.368273, -0.702412, 0.33958,  
Speed[A/fs],0.182851, 0.18739, 0.193306, 0.195559, 0.946745, 0.930122, 0.943892, 0.95995, 0.952458, 0.94831, 0.955605, 0.935951, 0.934606, 0.94517, 

C4H10_14r29, C[0], C[1], C[2], C[3], H[4], H[5], H[6], H[7], H[8], H[9], H[10], H[11], H[12], H[13], 
Densities, 2.044626755631772, 2.390952075269842, 2.381343643041423, 1.802435702683723, 0.0002898215067595595, 0.0002688323531371239, 0.01129203210755697, 0.0002640048863792056, 0.001798898358462239, 0.0001342167785423168, 0.001433144958742685, 0.0008475223489307321, 0.0003309242114820232, 5.95772336411551e-05, 
Time[fs], 34.500000, 34.500000, 34.500000, 34.500000, 28.000000, 30.500000, 27.000000, 28.000000, 29.000000, 29.500000, 28.000000, 29.000000, 29.000000, 27.000000, 
Density Sum, 8.636077151370396
X Velocity[A/fs], -0.142437, -0.0867762, 0.0872044, 0.136814, -0.21381, -0.601257, -0.885768, -0.099522, -0.565474, 0.587513, 0.175694, 0.287153, 0.461991, 0.912687,  
Y Velocity[A/fs],-0.115495, 0.133773, 0.116956, -0.109475, -0.903286, -0.151232, -0.102733, 0.235869, 0.751685, 0.732605, 0.111418, -0.798482, -0.177646, -0.139953,  
Z Velocity[A/fs],0.0155992, -0.112302, 0.130493, -0.0640238, -0.185122, 0.687362, -0.332261, -0.921304, 0.15204, -0.185939, 0.930764, 0.382676, -0.804176, 0.161487,  
Speed[A/fs],0.18404, 0.195031, 0.195734, 0.186553, 0.946526, 0.925661, 0.951596, 0.956211, 0.952842, 0.957317, 0.953731, 0.930845, 0.944296, 0.93737, 

C4H10_14r18, C[0], C[1], C[2], C[3], H[4], H[5], H[6], H[7], H[8], H[9], H[10], H[11], H[12], H[13], 
Densities, 1.889837251117281, 2.430375915656332, 2.262122684300841, 2.154192660334236, 0.0004399083807390301, 0.00251458630088791, 0.01790642640804964, 0.0004558244605236054, 0.0001021905651820802, 0.0006857405647367362, 0.00305462214898927, 0.002799789468512579, 0.002832136742239109, 0.0001686998900043307, 
Time[fs], 34.500000, 34.500000, 34.500000, 34.500000, 28.500000, 29.000000, 27.000000, 28.000000, 28.500000, 29.000000, 28.000000, 28.500000, 28.500000, 26.500000, 
Density Sum, 8.767488436338555
X Velocity[A/fs], -0.136837, -0.100749, 0.0975682, 0.128003, -0.24575, -0.49513, -0.894226, -0.198133, -0.522238, 0.573961, 0.230835, 0.281346, 0.457914, 0.922906,  
Y Velocity[A/fs],-0.110229, 0.108408, 0.10852, -0.101706, -0.856834, -0.0710107, -0.166945, 0.220542, 0.781818, 0.751785, 0.0530429, -0.851407, -0.0845373, -0.0962139,  
Z Velocity[A/fs],0.072933, -0.110188, 0.109377, -0.0735217, -0.271375, 0.813476, -0.232579, -0.901895, 0.129407, -0.0244154, 0.914634, 0.253934, -0.810399, 0.112478,  
Speed[A/fs],0.190247, 0.18451, 0.182372, 0.179261, 0.931773, 0.954955, 0.938937, 0.949374, 0.949062, 0.946155, 0.944804, 0.931951, 0.934654, 0.9347, 

C4H10_14r23, C[0], C[1], C[2], C[3], H[4], H[5], H[6], H[7], H[8], H[9], H[10], H[11], H[12], H[13], 
Densities, 2.301574167583598, 2.270406392367845, 2.247618139323932, 2.015834514924061, 0.0009013623440825971, 0.002829121335266156, 0.03536789737243924, 0.0004074027883315237, 0.002041312457026842, 0.0001655742540590758, 0.001366386198310434, 0.003279901905304866, 0.0001225533140669061, 0.00390434902311641, 
Time[fs], 34.000000, 34.000000, 34.000000, 34.000000, 28.500000, 29.500000, 26.500000, 28.000000, 29.000000, 30.000000, 28.000000, 28.500000, 30.000000, 27.500000, 
Density Sum, 8.885819075191439
X Velocity[A/fs], -0.134594, -0.0954047, 0.0674314, 0.158663, -0.298638, -0.485609, -0.927945, -0.0497601, -0.534847, 0.619908, 0.0825499, 0.114924, 0.582951, 0.852455,  
Y Velocity[A/fs],-0.115166, 0.121816, 0.129724, -0.11813, -0.812149, -0.270795, -0.00929918, 0.264156, 0.761317, 0.693107, 0.192736, -0.889018, -0.175274, -0.166846,  
Z Velocity[A/fs],0.0102406, -0.114361, 0.102507, -0.0149699, -0.41166, 0.746337, -0.183139, -0.912814, 0.161294, -0.12591, 0.924945, 0.147829, -0.707577, 0.354996,  
Speed[A/fs],0.177436, 0.192405, 0.178558, 0.198376, 0.958245, 0.93068, 0.94589, 0.951569, 0.944288, 0.938369, 0.948411, 0.908523, 0.933391, 0.93837, 

C4H10_14r35, C[0], C[1], C[2], C[3], H[4], H[5], H[6], H[7], H[8], H[9], H[10], H[11], H[12], H[13], 
Densities, 1.801300044822038, 2.548400730988592, 1.99377110733744, 2.162147830043099, 0.0003529832170824726, 0.002196798395720462, 0.02823815386803779, 0.001576189797428075, 0.001963176554274997, 0.0002369338467750101, 0.001656000394860086, 0.002777514939288777, 0.001582553169147422, 0.01272545350611432, 
Time[fs], 34.000000, 34.000000, 34.000000, 34.000000, 28.500000, 29.000000, 26.500000, 27.500000, 29.000000, 30.000000, 28.000000, 28.000000, 30.500000, 28.000000, 
Density Sum, 8.558925470879897
X Velocity[A/fs], -0.138012, -0.10427, 0.0863241, 0.135506, -0.320414, -0.453137, -0.924799, -0.0825612, -0.571699, 0.628267, 0.187007, 0.203801, 0.654533, 0.811646,  
Y Velocity[A/fs],-0.104968, 0.112478, 0.132363, -0.101618, -0.820272, -0.202383, -0.0836086, 0.203783, 0.74253, 0.696479, 0.188758, -0.906253, -0.057344, -0.263138,  
Z Velocity[A/fs],0.0694543, -0.122222, 0.11487, -0.0518217, -0.312558, 0.807445, -0.196266, -0.928013, 0.18434, -0.154161, 0.920505, 0.0030529, -0.676059, 0.374737,  
Speed[A/fs],0.186787, 0.196116, 0.195363, 0.177126, 0.934454, 0.947765, 0.949086, 0.953704, 0.955077, 0.950562, 0.958087, 0.928891, 0.942739, 0.931901, 

C4H10_14r15, C[0], C[1], C[2], C[3], H[4], H[5], H[6], H[7], H[8], H[9], H[10], H[11], H[12], H[13], 
Densities, 2.021399291424849, 2.086856768324673, 2.133065159012711, 1.857102458639419, 0.00316590926244918, 0.0004173593693749754, 0.08531808160334119, 0.001139401931694352, 0.003424164990189234, 0.004445504675797737, 0.003202555880240958, 0.003679630661010629, 0.0002256273714887306, 0.0002032987639690791, 
Time[fs], 34.500000, 34.500000, 34.500000, 34.500000, 29.000000, 28.000000, 26.500000, 28.000000, 29.000000, 28.500000, 28.000000, 27.500000, 30.000000, 26.500000, 
Density Sum, 8.20364521191121
X Velocity[A/fs], -0.142239, -0.108027, 0.0984989, 0.146023, -0.315847, -0.308621, -0.963369, -0.127225, -0.583211, 0.555953, 0.0709533, 0.197201, 0.54166, 0.935996,  
Y Velocity[A/fs],-0.11322, 0.114161, 0.155023, -0.141536, -0.781104, -0.315755, -0.0147344, 0.135687, 0.755, 0.784174, 0.259027, -0.911373, -0.217871, -0.0874484,  
Z Velocity[A/fs],0.0732067, -0.13804, 0.0988509, -0.00899374, -0.436751, 0.865584, -0.0665739, -0.950037, 0.167538, -0.148213, 0.928286, 0.260554, -0.741522, 0.186769,  
Speed[A/fs],0.195985, 0.209183, 0.20858, 0.203558, 0.949017, 0.971691, 0.965779, 0.968074, 0.968622, 0.972614, 0.966357, 0.968183, 0.943779, 0.958445, 

C4H10_14r13, C[0], C[1], C[2], C[3], H[4], H[5], H[6], H[7], H[8], H[9], H[10], H[11], H[12], H[13], 
Densities, 2.079259541323813, 1.943965872248525, 2.368961429977923, 1.954298561114111, 0.0008904064299750446, 0.005188959015374399, 0.01397935836191475, 0.0005138910377776346, 0.004388111965923751, 0.003630313263054782, 0.002023053523055722, 0.002801821154540027, 0.0003420776602616313, 0.007327056499424489, 
Time[fs], 34.000000, 34.000000, 34.000000, 34.000000, 28.000000, 29.500000, 27.000000, 28.000000, 29.500000, 28.500000, 28.000000, 28.000000, 30.000000, 27.500000, 
Density Sum, 8.387570453575671
X Velocity[A/fs], -0.134784, -0.0930908, 0.099775, 0.133022, -0.250173, -0.499334, -0.906155, -0.101, -0.589469, 0.51037, 0.123364, 0.210643, 0.623193, 0.884951,  
Y Velocity[A/fs],-0.128683, 0.144329, 0.104804, -0.116318, -0.849456, -0.259837, -0.11113, 0.308774, 0.71066, 0.817039, 0.0831148, -0.898084, -0.0277977, -0.129903,  
Z Velocity[A/fs],0.013664, -0.105118, 0.135277, -0.0836191, -0.359157, 0.754671, -0.274564, -0.905037, 0.234727, -0.0536523, 0.936267, 0.187082, -0.706059, 0.279556,  
Speed[A/fs],0.186849, 0.201362, 0.198088, 0.195492, 0.955591, 0.941476, 0.953337, 0.961579, 0.952685, 0.964836, 0.94801, 0.941236, 0.942158, 0.937104, 

C4H10_14r41, C[0], C[1], C[2], C[3], H[4], H[5], H[6], H[7], H[8], H[9], H[10], H[11], H[12], H[13], 
Densities, 2.106348843003458, 2.332670224612457, 2.358035488632291, 2.036733711130264, 0.003899697672826239, 0.003203210429518411, 0.01598996851904817, 0.0006741127562294052, 0.004319070376198077, 0.0008144904348600007, 0.002308764033453193, 0.003611992065560368, 0.003026930478325994, 0.008712849261888029, 
Time[fs], 34.500000, 34.500000, 34.500000, 34.500000, 29.000000, 29.000000, 27.000000, 28.000000, 29.500000, 29.000000, 28.000000, 28.000000, 30.500000, 28.500000, 
Density Sum, 8.880349353406377
X Velocity[A/fs], -0.137815, -0.0889383, 0.0774289, 0.150266, -0.320846, -0.504747, -0.90355, -0.0649915, -0.573473, 0.5483, 0.0815878, 0.187728, 0.655107, 0.808821,  
Y Velocity[A/fs],-0.107136, 0.111278, 0.123675, -0.11594, -0.804549, -0.12375, -0.0945261, 0.152845, 0.734445, 0.763768, 0.204556, -0.907615, -0.0463255, -0.27122,  
Z Velocity[A/fs],0.062075, -0.116311, 0.106435, -0.0279098, -0.358127, 0.792489, -0.274858, -0.917345, 0.0668893, -0.0490871, 0.917184, 0.0561889, -0.667105, 0.393898,  
Speed[A/fs],0.185268, 0.183905, 0.180608, 0.191836, 0.937281, 0.947693, 0.949149, 0.932259, 0.934213, 0.94148, 0.943253, 0.928528, 0.93613, 0.939632, 

C4H10_14r25, C[0], C[1], C[2], C[3], H[4], H[5], H[6], H[7], H[8], H[9], H[10], H[11], H[12], H[13], 
Densities, 2.056296246844621, 1.982631402415558, 2.522311460696656, 2.124547447447207, 0.0007758900497544845, 0.0002157825422667418, 0.02396639315169447, 0.0003251328676062949, 0.001468067199919983, 0.001153437522020112, 0.0007955442500918549, 0.0008109802127471469, 0.0001165061892899649, 3.051630293105713e-05, 
Time[fs], 34.000000, 34.000000, 34.000000, 34.000000, 30.000000, 30.500000, 26.500000, 28.000000, 29.500000, 28.500000, 27.500000, 28.000000, 30.000000, 27.000000, 
Density Sum, 8.715444807692366
X Velocity[A/fs], -0.135229, -0.0860472, 0.0752264, 0.144101, -0.267779, -0.46235, -0.946075, 0.0215932, -0.595777, 0.559644, 0.0594019, 0.140821, 0.544355, 0.907818,  
Y Velocity[A/fs],-0.122486, 0.1258, 0.123733, -0.12205, -0.699117, -0.393801, 0.010277, 0.321296, 0.729726, 0.774245, 0.165331, -0.895064, -0.186783, -0.067155,  
Z Velocity[A/fs],0.0241153, -0.116575, 0.117142, -0.0061415, -0.563318, 0.708855, -0.104975, -0.899156, 0.10994, -0.0281773, 0.939967, 0.285834, -0.733131, 0.243391,  
Speed[A/fs],0.184041, 0.191883, 0.186255, 0.188942, 0.936909, 0.933446, 0.951937, 0.95508, 0.948439, 0.955746, 0.956243, 0.95009, 0.932036, 0.942275, 

