C2H2_14r176, C[0], C[1], H[2], H[3], 
Densities, 2.082274268601753, 1.540089114498976, 0.001067067796122197, 9.746909114164561e-05, 
Time[fs], 62.500000, 63.000000, 26.500000, 26.500000, 
Density Sum, 3.623527919987993,,,,
X Velocity[A/fs],-0.158755,0.157951,-0.680713,0.675190,
Y Velocity[A/fs],-0.000314,-0.004066,0.036916,-0.008136,
Z Velocity[A/fs],-0.002556,-0.003800,-0.048066,-0.028455,
Speed[A/fs],0.158776,0.158049,0.683406,0.675838,
,,,,,
C2H2_14r161, C[0], C[1], H[2], H[3], 
Densities, 1.805326679757109, 1.945681444672263, 0.0006259543295877954, 0.0001109393407356447, 
Time[fs], 64.000000, 65.000000, 26.500000, 27.000000, 
Density Sum, 3.751745018099696,,,,
X Velocity[A/fs],-0.155566,0.150736,-0.658712,0.684868,
Y Velocity[A/fs],0.005474,-0.004432,-0.084698,0.072973,
Z Velocity[A/fs],-0.005712,-0.001055,-0.049850,0.056499,
Speed[A/fs],0.155767,0.150805,0.666004,0.691058,
,,,,,
C2H2_14r17, C[0], C[1], H[2], H[3], 
Densities, 1.821742270921424, 1.889355076582878, 0.0006824236190815763, 4.976024484995003e-05, 
Time[fs], 62.500000, 65.500000, 26.500000, 26.500000, 
Density Sum, 3.711829531368233,,,,
X Velocity[A/fs],-0.160454,0.150539,-0.670123,0.654683,
Y Velocity[A/fs],0.001939,0.008666,0.023597,-0.014641,
Z Velocity[A/fs],0.003835,-0.001489,-0.065508,0.061133,
Speed[A/fs],0.160512,0.150795,0.673730,0.657694,
,,,,,
C2H2_14r2, C[0], C[1], H[2], H[3], 
Densities, 1.918613295354811, 1.786078864162912, 0.0005359518880780632, 3.66717270342144e-05, 
Time[fs], 64.000000, 64.000000, 26.500000, 26.500000, 
Density Sum, 3.705264783132835,,,,
X Velocity[A/fs],-0.154780,0.154101,-0.662601,0.656672,
Y Velocity[A/fs],-0.003416,-0.004854,-0.071806,0.058252,
Z Velocity[A/fs],0.004327,-0.000477,-0.074624,0.086929,
Speed[A/fs],0.154878,0.154178,0.670645,0.664957,
,,,,,
C2H2_14r43, C[0], C[1], H[2], H[3], 
Densities, 1.92283519690984, 1.777041941300242, 0.0007664080386237201, 3.970589685171782e-05, 
Time[fs], 63.000000, 64.500000, 26.500000, 26.500000, 
Density Sum, 3.700683252145557,,,,
X Velocity[A/fs],-0.158768,0.153108,-0.670893,0.653405,
Y Velocity[A/fs],0.003947,0.002520,0.021835,0.042128,
Z Velocity[A/fs],-0.003758,0.003927,-0.051777,0.038574,
Speed[A/fs],0.158862,0.153179,0.673242,0.655897,
,,,,,
C2H2_14r84, C[0], C[1], H[2], H[3], 
Densities, 1.890167885541295, 1.770479776978276, 0.0007316102667122156, 4.457390696283022e-05, 
Time[fs], 63.500000, 63.500000, 26.500000, 26.500000, 
Density Sum, 3.661423846693246,,,,
X Velocity[A/fs],-0.156289,0.158265,-0.666008,0.663107,
Y Velocity[A/fs],-0.000220,0.006972,-0.078037,0.048106,
Z Velocity[A/fs],0.007573,0.000502,-0.067784,-0.021239,
Speed[A/fs],0.156473,0.158419,0.673982,0.665188,
,,,,,
C2H2_14r3, C[0], C[1], H[2], H[3], 
Densities, 1.717697520373521, 1.926420997363754, 0.001107945483977104, 9.894270616090661e-05, 
Time[fs], 65.000000, 61.000000, 26.500000, 26.500000, 
Density Sum, 3.645325405927413,,,,
X Velocity[A/fs],-0.153718,0.165322,-0.670904,0.672208,
Y Velocity[A/fs],0.002663,-0.000494,-0.041226,0.009754,
Z Velocity[A/fs],0.000085,-0.010333,0.027125,0.065831,
Speed[A/fs],0.153741,0.165645,0.672716,0.675494,
,,,,,
C2H2_14r46, C[0], C[1], H[2], H[3], 
Densities, 1.675102654913559, 2.102521554426528, 0.0002879961160429056, 5.032608916287957e-05, 
Time[fs], 67.500000, 64.500000, 26.500000, 26.500000, 
Density Sum, 3.777962531545292,,,,
X Velocity[A/fs],-0.146046,0.152326,-0.663530,0.662068,
Y Velocity[A/fs],-0.000345,0.008809,-0.024556,0.071394,
Z Velocity[A/fs],-0.000011,-0.001769,-0.040214,0.073929,
Speed[A/fs],0.146047,0.152591,0.665201,0.669998,
,,,,,
C2H2_14r164, C[0], C[1], H[2], H[3], 
Densities, 1.736720057760432, 1.925789448981249, 0.0007350973686158462, 5.802256140921419e-05, 
Time[fs], 61.500000, 63.500000, 26.500000, 26.500000, 
Density Sum, 3.663302626671707,,,,
X Velocity[A/fs],-0.162130,0.156281,-0.674597,0.651233,
Y Velocity[A/fs],-0.000938,-0.005536,-0.055772,0.033835,
Z Velocity[A/fs],-0.000757,-0.004850,-0.076919,0.077141,
Speed[A/fs],0.162134,0.156454,0.681255,0.656658,
,,,,,
C2H2_14r49, C[0], C[1], H[2], H[3], 
Densities, 1.769241058595581, 1.953164210767592, 0.0007254598844007872, 8.9393414424923e-05, 
Time[fs], 65.000000, 64.000000, 26.500000, 26.500000, 
Density Sum, 3.723220122661999,,,,
X Velocity[A/fs],-0.153141,0.155126,-0.664678,0.662393,
Y Velocity[A/fs],-0.004657,0.000144,-0.003979,0.046321,
Z Velocity[A/fs],-0.000699,0.004252,0.077688,-0.082121,
Speed[A/fs],0.153213,0.155185,0.669215,0.669070,
,,,,,
C2H2_14r52, C[0], C[1], H[2], H[3], 
Densities, 1.606759601740752, 2.105896060763193, 0.0005587992233517949, 4.309271475257796e-05, 
Time[fs], 65.000000, 63.500000, 26.500000, 26.500000, 
Density Sum, 3.713257554442049,,,,
X Velocity[A/fs],-0.152407,0.156134,-0.658944,0.655843,
Y Velocity[A/fs],0.000843,-0.004856,-0.082333,0.074185,
Z Velocity[A/fs],0.002905,0.001377,-0.059619,0.067648,
Speed[A/fs],0.152437,0.156215,0.666738,0.663483,
,,,,,
C2H2_14r55, C[0], C[1], H[2], H[3], 
Densities, 2.202512190631604, 1.46195469205056, 0.001090621576071829, 0.0001082772596963601, 
Time[fs], 63.500000, 63.500000, 26.500000, 26.500000, 
Density Sum, 3.665665781517932,,,,
X Velocity[A/fs],-0.156214,0.155880,-0.670489,0.654721,
Y Velocity[A/fs],0.001411,0.008956,0.071334,-0.093425,
Z Velocity[A/fs],0.003254,0.003839,-0.037499,-0.043682,
Speed[A/fs],0.156254,0.156185,0.675314,0.662794,
,,,,,
C2H2_14r123, C[0], C[1], H[2], H[3], 
Densities, 2.16540090967047, 1.668842675876631, 0.0007076340157930876, 9.555490404326733e-05, 
Time[fs], 65.500000, 65.500000, 26.500000, 26.500000, 
Density Sum, 3.835046774466937,,,,
X Velocity[A/fs],-0.150145,0.148855,-0.660337,0.660708,
Y Velocity[A/fs],-0.005657,0.000336,-0.057638,-0.014071,
Z Velocity[A/fs],-0.004300,-0.004236,0.042074,-0.036096,
Speed[A/fs],0.150314,0.148916,0.664181,0.661843,
,,,,,
C2H2_14r110, C[0], C[1], H[2], H[3], 
Densities, 2.277367967528634, 1.418819827534289, 0.0008061024805032833, 5.004046406687647e-05, 
Time[fs], 64.500000, 63.500000, 26.500000, 26.500000, 
Density Sum, 3.697043938007495,,,,
X Velocity[A/fs],-0.152754,0.157385,-0.668364,0.669420,
Y Velocity[A/fs],-0.004525,-0.001847,-0.067748,0.062186,
Z Velocity[A/fs],-0.007572,0.000017,-0.032036,-0.029083,
Speed[A/fs],0.153008,0.157396,0.672552,0.672931,
,,,,,
C2H2_14r21, C[0], C[1], H[2], H[3], 
Densities, 1.919624491106062, 1.741730602449259, 0.0006138624906526354, 7.067954463567752e-05, 
Time[fs], 62.000000, 64.000000, 26.500000, 26.500000, 
Density Sum, 3.66203963559061,,,,
X Velocity[A/fs],-0.161851,0.155838,-0.669374,0.664368,
Y Velocity[A/fs],0.005761,0.009541,0.051360,0.043912,
Z Velocity[A/fs],-0.006966,0.008862,0.087735,-0.058638,
Speed[A/fs],0.162103,0.156381,0.677050,0.668394,
,,,,,
C2H2_14r111, C[0], C[1], H[2], H[3], 
Densities, 1.883721894682024, 1.807058270753513, 0.0008632197184062163, 5.390483816934805e-05, 
Time[fs], 63.500000, 63.500000, 26.500000, 26.500000, 
Density Sum, 3.691697289992112,,,,
X Velocity[A/fs],-0.158016,0.157182,-0.663940,0.652922,
Y Velocity[A/fs],0.003823,0.002013,0.050184,0.037510,
Z Velocity[A/fs],0.004218,-0.002290,0.077551,-0.081631,
Speed[A/fs],0.158118,0.157212,0.670335,0.659074,
,,,,,
C2H2_14r64, C[0], C[1], H[2], H[3], 
Densities, 2.16164771151539, 1.444050111486927, 0.0007655451245769183, 6.312285859821802e-05, 
Time[fs], 61.500000, 61.500000, 26.500000, 26.500000, 
Density Sum, 3.606526490985492,,,,
X Velocity[A/fs],-0.161352,0.163276,-0.669994,0.669673,
Y Velocity[A/fs],-0.002062,0.003394,-0.084492,0.064004,
Z Velocity[A/fs],0.000445,0.003135,0.087574,-0.079637,
Speed[A/fs],0.161365,0.163342,0.680955,0.677422,
,,,,,
C2H2_14r119, C[0], C[1], H[2], H[3], 
Densities, 1.933146882320884, 1.719154605777621, 0.0006163108421442158, 5.752077253377951e-05, 
Time[fs], 61.500000, 66.000000, 26.500000, 26.500000, 
Density Sum, 3.652975319713183,,,,
X Velocity[A/fs],-0.163217,0.149367,-0.675652,0.660508,
Y Velocity[A/fs],-0.006141,0.002490,0.001577,0.048273,
Z Velocity[A/fs],0.001397,-0.003967,0.090122,-0.046039,
Speed[A/fs],0.163339,0.149441,0.681638,0.663868,
,,,,,
C2H2_14r35, C[0], C[1], H[2], H[3], 
Densities, 1.881403946683252, 1.897319759948665, 0.0004933114104305302, 0.0001012524596742475, 
Time[fs], 65.500000, 66.500000, 26.500000, 26.500000, 
Density Sum, 3.779318270502022,,,,
X Velocity[A/fs],-0.151489,0.148103,-0.660025,0.657987,
Y Velocity[A/fs],-0.000256,0.002104,-0.038133,-0.031052,
Z Velocity[A/fs],0.000059,0.004647,0.075157,-0.048893,
Speed[A/fs],0.151489,0.148191,0.665384,0.660531,
,,,,,
C2H2_14r56, C[0], C[1], H[2], H[3], 
Densities, 1.643965190687375, 2.053501164760148, 0.0009341812864182725, 4.015197400265943e-05, 
Time[fs], 64.500000, 65.000000, 26.500000, 26.500000, 
Density Sum, 3.698440688707943,,,,
X Velocity[A/fs],-0.154162,0.151844,-0.670548,0.659855,
Y Velocity[A/fs],0.013480,0.001167,0.014652,-0.039700,
Z Velocity[A/fs],-0.007928,-0.003088,0.051935,0.005194,
Speed[A/fs],0.154953,0.151880,0.672715,0.661068,
,,,,,
C2H2_14r77, C[0], C[1], H[2], H[3], 
Densities, 1.595005518938193, 2.023497930168155, 0.0008267289661277153, 4.521507698127215e-05, 
Time[fs], 63.000000, 61.000000, 26.500000, 26.500000, 
Density Sum, 3.619375393149458,,,,
X Velocity[A/fs],-0.158871,0.164320,-0.670481,0.666764,
Y Velocity[A/fs],-0.008674,0.012010,0.064729,-0.091213,
Z Velocity[A/fs],-0.000206,-0.004931,-0.069619,0.069376,
Speed[A/fs],0.159108,0.164832,0.677186,0.676541,
,,,,,
C2H2_14r116, C[0], C[1], H[2], H[3], 
Densities, 2.143566000079831, 1.68155225736906, 0.0004438313555150533, 0.0001094052773971453, 
Time[fs], 68.000000, 65.000000, 26.500000, 26.500000, 
Density Sum, 3.825671494081803,,,,
X Velocity[A/fs],-0.143238,0.150594,-0.653698,0.657108,
Y Velocity[A/fs],-0.001516,-0.000584,-0.051434,-0.000084,
Z Velocity[A/fs],-0.006051,-0.003441,-0.061119,0.080202,
Speed[A/fs],0.143373,0.150634,0.658561,0.661985,
,,,,,
C2H2_14r125, C[0], C[1], H[2], H[3], 
Densities, 1.962028203616962, 1.734526551220922, 0.0009161216194011221, 5.993971066383272e-05, 
Time[fs], 62.000000, 65.000000, 26.500000, 26.500000, 
Density Sum, 3.697530816167948,,,,
X Velocity[A/fs],-0.162180,0.152064,-0.673841,0.651570,
Y Velocity[A/fs],-0.000167,-0.006683,-0.015720,0.054572,
Z Velocity[A/fs],0.001746,0.002802,0.039890,0.034024,
Speed[A/fs],0.162190,0.152236,0.675203,0.654736,
,,,,,
C2H2_14r103, C[0], C[1], H[2], H[3], 
Densities, 1.925754534839283, 1.717483840495887, 0.0008042116731999154, 0.0001058428096589588, 
Time[fs], 62.500000, 62.000000, 26.500000, 26.500000, 
Density Sum, 3.64414842981803,,,,
X Velocity[A/fs],-0.158840,0.161454,-0.668963,0.670138,
Y Velocity[A/fs],0.003657,-0.003328,-0.076103,0.084098,
Z Velocity[A/fs],0.003465,-0.001334,-0.074875,0.069702,
Speed[A/fs],0.158920,0.161494,0.677429,0.678981,
,,,,,
C2H2_14r6, C[0], C[1], H[2], H[3], 
Densities, 1.431668331545695, 2.182991668682604, 0.0007706584700843559, 5.746754121572106e-05, 
Time[fs], 61.500000, 63.000000, 26.500000, 26.500000, 
Density Sum, 3.6154881262396,,,,
X Velocity[A/fs],-0.163784,0.156888,-0.682084,0.666268,
Y Velocity[A/fs],0.000455,0.004034,0.041696,-0.033570,
Z Velocity[A/fs],0.000527,0.003693,0.039654,-0.045966,
Speed[A/fs],0.163786,0.156983,0.684507,0.668695,
,,,,,
C2H2_14r44, C[0], C[1], H[2], H[3], 
Densities, 1.871226476284835, 1.767439944545567, 0.0005972337048483049, 7.762604501537324e-05, 
Time[fs], 62.500000, 62.500000, 26.500000, 26.500000, 
Density Sum, 3.639341280580266,,,,
X Velocity[A/fs],-0.160488,0.160969,-0.676157,0.659527,
Y Velocity[A/fs],-0.001893,0.008863,-0.025981,-0.050919,
Z Velocity[A/fs],-0.003238,0.004034,0.091920,-0.099023,
Speed[A/fs],0.160532,0.161263,0.682871,0.668861,
,,,,,
C2H2_14r174, C[0], C[1], H[2], H[3], 
Densities, 2.219125927479366, 1.424757833627249, 0.001066926869476661, 9.459448454127421e-05, 
Time[fs], 64.000000, 63.000000, 26.500000, 26.500000, 
Density Sum, 3.645045282460633,,,,
X Velocity[A/fs],-0.154005,0.158800,-0.681452,0.665015,
Y Velocity[A/fs],0.000538,0.002693,-0.016833,-0.055649,
Z Velocity[A/fs],0.000401,0.006068,0.009534,-0.049622,
Speed[A/fs],0.154007,0.158939,0.681726,0.669182,
,,,,,
C2H2_14r82, C[0], C[1], H[2], H[3], 
Densities, 1.970086495613547, 1.716708400989519, 0.001373837039036422, 4.642298399140528e-05, 
Time[fs], 61.500000, 64.000000, 26.500000, 26.500000, 
Density Sum, 3.688215156626093,,,,
X Velocity[A/fs],-0.161550,0.152435,-0.668925,0.668820,
Y Velocity[A/fs],0.001059,-0.003470,0.025771,0.019481,
Z Velocity[A/fs],0.005096,0.008276,0.091861,-0.064126,
Speed[A/fs],0.161634,0.152699,0.675695,0.672170,
,,,,,
C2H2_14r114, C[0], C[1], H[2], H[3], 
Densities, 1.627382997202766, 2.046440784732523, 0.0007605628623767292, 5.652789414185337e-05, 
Time[fs], 64.000000, 63.000000, 26.500000, 26.500000, 
Density Sum, 3.674640872691807,,,,
X Velocity[A/fs],-0.155873,0.157806,-0.663269,0.656285,
Y Velocity[A/fs],-0.000769,-0.003286,0.082926,-0.057672,
Z Velocity[A/fs],-0.000394,0.004995,0.064244,-0.078911,
Speed[A/fs],0.155876,0.157919,0.671513,0.663523,
,,,,,
C2H2_14r58, C[0], C[1], H[2], H[3], 
Densities, 1.882639253013758, 1.796695566416711, 0.001467775466101371, 6.256020118495647e-05, 
Time[fs], 63.500000, 62.000000, 26.500000, 26.500000, 
Density Sum, 3.680865155097755,,,,
X Velocity[A/fs],-0.157695,0.161716,-0.673643,0.657893,
Y Velocity[A/fs],0.009610,0.005603,-0.046528,-0.023713,
Z Velocity[A/fs],0.000007,0.001045,-0.018802,-0.053072,
Speed[A/fs],0.157988,0.161817,0.675509,0.660456,
,,,,,
C2H2_14r138, C[0], C[1], H[2], H[3], 
Densities, 1.155849164032358, 2.465177881361981, 0.0007417402506907252, 7.062851993775666e-05, 
Time[fs], 62.500000, 63.000000, 26.500000, 26.500000, 
Density Sum, 3.621839414164967,,,,
X Velocity[A/fs],-0.158611,0.154784,-0.669733,0.662318,
Y Velocity[A/fs],-0.001090,0.000039,0.029024,-0.021016,
Z Velocity[A/fs],-0.007106,0.011057,0.098342,-0.101493,
Speed[A/fs],0.158773,0.155178,0.677537,0.670379,
,,,,,
C2H2_14r39, C[0], C[1], H[2], H[3], 
Densities, 1.774114186397579, 1.889153911423694, 0.001043060091847589, 9.830106234879443e-05, 
Time[fs], 62.500000, 62.500000, 26.500000, 26.500000, 
Density Sum, 3.664409458975469,,,,
X Velocity[A/fs],-0.160516,0.159880,-0.670500,0.660346,
Y Velocity[A/fs],-0.003399,0.000322,-0.031405,-0.034643,
Z Velocity[A/fs],0.007583,-0.003118,-0.089168,0.080706,
Speed[A/fs],0.160731,0.159911,0.677131,0.666161,
,,,,,
C2H2_14r5, C[0], C[1], H[2], H[3], 
Densities, 2.212930184384414, 1.460211229896393, 0.0007242691110351427, 5.072306687270968e-05, 
Time[fs], 66.000000, 63.000000, 26.500000, 26.500000, 
Density Sum, 3.673916406458715,,,,
X Velocity[A/fs],-0.149008,0.158770,-0.668102,0.671307,
Y Velocity[A/fs],0.002324,-0.004950,0.045348,-0.057970,
Z Velocity[A/fs],0.004145,-0.005987,0.050028,-0.059789,
Speed[A/fs],0.149084,0.158960,0.671506,0.676453,
,,,,,
C2H2_14r170, C[0], C[1], H[2], H[3], 
Densities, 1.923030854807615, 1.755168786781534, 0.0006824577974504961, 6.195048206315678e-05, 
Time[fs], 64.500000, 63.500000, 26.500000, 26.500000, 
Density Sum, 3.678944049868663,,,,
X Velocity[A/fs],-0.154787,0.156603,-0.659706,0.659286,
Y Velocity[A/fs],0.007159,0.002610,0.085846,-0.090180,
Z Velocity[A/fs],0.004526,-0.003182,0.056050,0.024190,
Speed[A/fs],0.155018,0.156657,0.667625,0.665865,
,,,,,
C2H2_14r171, C[0], C[1], H[2], H[3], 
Densities, 1.847332947859035, 1.84180525113344, 0.0009573367622481878, 8.646505595445013e-05, 
Time[fs], 63.500000, 63.500000, 26.500000, 26.500000, 
Density Sum, 3.690182000810678,,,,
X Velocity[A/fs],-0.157550,0.156735,-0.668878,0.665903,
Y Velocity[A/fs],0.000975,0.002261,0.036288,0.026750,
Z Velocity[A/fs],-0.003128,0.005711,-0.076189,0.061409,
Speed[A/fs],0.157584,0.156855,0.674181,0.669263,
,,,,,
C2H2_14r158, C[0], C[1], H[2], H[3], 
Densities, 2.214016903853819, 1.478475771350104, 0.000487027242241232, 5.067676375330261e-05, 
Time[fs], 62.000000, 67.000000, 26.500000, 26.500000, 
Density Sum, 3.693030379209918,,,,
X Velocity[A/fs],-0.160371,0.146854,-0.672777,0.661001,
Y Velocity[A/fs],-0.003829,-0.002352,-0.060052,-0.017592,
Z Velocity[A/fs],0.002062,-0.002448,-0.058546,-0.023086,
Speed[A/fs],0.160430,0.146894,0.677985,0.661638,
,,,,,
C2H2_14r69, C[0], C[1], H[2], H[3], 
Densities, 1.910079748526316, 1.74760339638404, 0.0009453205991408436, 9.05155435011239e-05, 
Time[fs], 62.500000, 63.000000, 26.500000, 26.500000, 
Density Sum, 3.658718981052998,,,,
X Velocity[A/fs],-0.159725,0.157620,-0.676654,0.667851,
Y Velocity[A/fs],-0.004042,-0.002387,-0.042740,-0.026843,
Z Velocity[A/fs],-0.001231,0.001901,0.062918,-0.052884,
Speed[A/fs],0.159781,0.157650,0.680916,0.670479,
,,,,,
C2H2_14r131, C[0], C[1], H[2], H[3], 
Densities, 2.340518908434381, 1.289657999914041, 0.000895452128553882, 4.836668699180677e-05, 
Time[fs], 64.000000, 63.000000, 26.500000, 26.500000, 
Density Sum, 3.631120727163968,,,,
X Velocity[A/fs],-0.154596,0.159467,-0.678992,0.666932,
Y Velocity[A/fs],0.004362,0.003209,-0.017909,0.052601,
Z Velocity[A/fs],-0.005359,0.005313,-0.051719,0.050578,
Speed[A/fs],0.154750,0.159588,0.681194,0.670912,
,,,,,
C2H2_14r113, C[0], C[1], H[2], H[3], 
Densities, 2.333724097082817, 1.331842138587653, 0.0008116003762379178, 5.971999102060038e-05, 
Time[fs], 64.000000, 63.000000, 26.500000, 26.500000, 
Density Sum, 3.666437556037728,,,,
X Velocity[A/fs],-0.153947,0.159422,-0.667393,0.655915,
Y Velocity[A/fs],-0.002990,0.000138,0.074443,-0.066636,
Z Velocity[A/fs],0.002119,-0.000830,-0.072716,0.087615,
Speed[A/fs],0.153990,0.159425,0.675458,0.665087,
,,,,,
C2H2_14r91, C[0], C[1], H[2], H[3], 
Densities, 2.237189833600528, 1.415223811539239, 0.0007139968385418671, 6.255342596448693e-05, 
Time[fs], 64.500000, 63.500000, 26.500000, 26.500000, 
Density Sum, 3.653190195404274,,,,
X Velocity[A/fs],-0.153494,0.157000,-0.670533,0.670561,
Y Velocity[A/fs],-0.003957,-0.000318,-0.045347,-0.045352,
Z Velocity[A/fs],0.006129,-0.005355,0.067803,-0.050642,
Speed[A/fs],0.153667,0.157092,0.675476,0.673998,
,,,,,
C2H2_14r185, C[0], C[1], H[2], H[3], 
Densities, 2.082237027511863, 1.572627048865448, 0.0008421019747980578, 9.051770724733929e-05, 
Time[fs], 62.000000, 64.500000, 26.500000, 26.500000, 
Density Sum, 3.655796696059356,,,,
X Velocity[A/fs],-0.161111,0.154575,-0.678450,0.667865,
Y Velocity[A/fs],-0.000231,0.000674,0.047472,-0.042875,
Z Velocity[A/fs],-0.001497,0.004526,-0.074163,0.050870,
Speed[A/fs],0.161118,0.154643,0.684141,0.671170,
,,,,,
C2H2_14r90, C[0], C[1], H[2], H[3], 
Densities, 1.915639217171912, 1.76101055886598, 0.00072892989816006, 3.389788799350049e-05, 
Time[fs], 63.000000, 64.000000, 26.500000, 26.500000, 
Density Sum, 3.677412603824045,,,,
X Velocity[A/fs],-0.158907,0.154545,-0.672095,0.656378,
Y Velocity[A/fs],0.002074,0.003929,0.027308,0.056264,
Z Velocity[A/fs],-0.006938,-0.006641,-0.049230,-0.034302,
Speed[A/fs],0.159072,0.154738,0.674448,0.659677,
,,,,,
C2H2_14r177, C[0], C[1], H[2], H[3], 
Densities, 1.971881413435915, 1.679872083171668, 0.0008621148771192645, 8.815681707551271e-05, 
Time[fs], 63.000000, 63.000000, 26.500000, 26.500000, 
Density Sum, 3.652703768301778,,,,
X Velocity[A/fs],-0.158996,0.158710,-0.672740,0.661142,
Y Velocity[A/fs],-0.004113,0.000325,-0.054741,0.057036,
Z Velocity[A/fs],-0.006139,0.004020,-0.070715,0.081525,
Speed[A/fs],0.159167,0.158761,0.678658,0.668587,
,,,,,
C2H2_14r191, C[0], C[1], H[2], H[3], 
Densities, 2.087417363679327, 1.609999716355871, 0.0005731912312200475, 4.693231140259711e-05, 
Time[fs], 65.500000, 63.000000, 26.500000, 26.500000, 
Density Sum, 3.69803720357782,,,,
X Velocity[A/fs],-0.150372,0.158666,-0.665376,0.659562,
Y Velocity[A/fs],-0.000010,0.003812,0.067822,-0.076167,
Z Velocity[A/fs],0.000561,0.012117,0.010048,0.076310,
Speed[A/fs],0.150373,0.159174,0.668899,0.668316,
,,,,,
C2H2_14r128, C[0], C[1], H[2], H[3], 
Densities, 1.739422681149521, 2.023582246075279, 0.0005296944219940377, 8.10697588801182e-05, 
Time[fs], 66.000000, 65.500000, 26.500000, 26.500000, 
Density Sum, 3.763615691405675,,,,
X Velocity[A/fs],-0.149332,0.150597,-0.663363,0.657979,
Y Velocity[A/fs],-0.003380,-0.003097,-0.019419,0.043638,
Z Velocity[A/fs],0.003306,0.003244,0.045407,-0.046246,
Speed[A/fs],0.149407,0.150664,0.665199,0.661044,
,,,,,
C2H2_14r63, C[0], C[1], H[2], H[3], 
Densities, 1.9149397900091, 1.669496123839399, 0.0007020711511585177, 3.187623278070854e-05, 
Time[fs], 61.000000, 62.000000, 26.500000, 26.500000, 
Density Sum, 3.585169861232439,,,,
X Velocity[A/fs],-0.164839,0.161889,-0.681854,0.667618,
Y Velocity[A/fs],-0.002536,0.001426,0.078813,-0.075553,
Z Velocity[A/fs],-0.005141,0.003052,0.052297,-0.049749,
Speed[A/fs],0.164938,0.161925,0.688383,0.673719,
,,,,,
C2H2_14r38, C[0], C[1], H[2], H[3], 
Densities, 1.714120804140817, 1.909787245719934, 0.0008754538952128946, 5.476249371207062e-05, 
Time[fs], 63.500000, 61.000000, 26.500000, 26.500000, 
Density Sum, 3.624838266249676,,,,
X Velocity[A/fs],-0.155869,0.165277,-0.676290,0.672943,
Y Velocity[A/fs],0.003965,-0.002965,-0.014299,0.039271,
Z Velocity[A/fs],0.000701,0.001277,0.001069,-0.074957,
Speed[A/fs],0.155921,0.165309,0.676442,0.678243,
,,,,,
C2H2_14r33, C[0], C[1], H[2], H[3], 
Densities, 1.827202467098429, 1.813653433786738, 0.001122098839477253, 0.0001319462643196581, 
Time[fs], 63.000000, 62.000000, 26.500000, 26.500000, 
Density Sum, 3.642109945988964,,,,
X Velocity[A/fs],-0.158768,0.162388,-0.673413,0.670407,
Y Velocity[A/fs],-0.004137,-0.002247,0.088843,-0.076767,
Z Velocity[A/fs],-0.000855,-0.004791,0.007262,-0.049626,
Speed[A/fs],0.158824,0.162474,0.679287,0.676610,
,,,,,
C2H2_14r81, C[0], C[1], H[2], H[3], 
Densities, 1.971407927159571, 1.768401568331578, 0.0004180126894105822, 8.790965747700225e-05, 
Time[fs], 66.000000, 63.000000, 26.500000, 26.500000, 
Density Sum, 3.740315417838037,,,,
X Velocity[A/fs],-0.149551,0.158814,-0.662775,0.661187,
Y Velocity[A/fs],-0.001900,0.000730,0.046555,-0.085337,
Z Velocity[A/fs],-0.005810,-0.001135,-0.040411,-0.046426,
Speed[A/fs],0.149675,0.158820,0.665636,0.668285,
,,,,,
C2H2_14r109, C[0], C[1], H[2], H[3], 
Densities, 2.280832238721525, 1.357383397110553, 0.001014780614259825, 8.388432985269228e-05, 
Time[fs], 64.000000, 62.000000, 26.500000, 26.500000, 
Density Sum, 3.63931430077619,,,,
X Velocity[A/fs],-0.153257,0.161363,-0.677244,0.660288,
Y Velocity[A/fs],0.000386,-0.009966,0.032942,0.044155,
Z Velocity[A/fs],-0.001834,0.007503,0.025596,-0.075024,
Speed[A/fs],0.153268,0.161844,0.678527,0.666001,
,,,,,
C2H2_14r40, C[0], C[1], H[2], H[3], 
Densities, 1.847198694135077, 1.775787889615347, 0.0006985075565601168, 0.0001051602928558533, 
Time[fs], 60.500000, 62.000000, 26.500000, 26.500000, 
Density Sum, 3.623790251599841,,,,
X Velocity[A/fs],-0.164606,0.159920,-0.677889,0.672566,
Y Velocity[A/fs],0.012711,-0.003520,-0.084975,0.037647,
Z Velocity[A/fs],0.002084,-0.001246,-0.043497,0.055941,
Speed[A/fs],0.165109,0.159964,0.684577,0.675938,
,,,,,
C2H2_14r10, C[0], C[1], H[2], H[3], 
Densities, 2.243578246387386, 1.439799395628042, 0.0009247558922516056, 4.273539564115074e-05, 
Time[fs], 64.500000, 64.000000, 26.500000, 26.500000, 
Density Sum, 3.684345133303321,,,,
X Velocity[A/fs],-0.152420,0.155591,-0.670663,0.668577,
Y Velocity[A/fs],-0.001176,-0.000845,0.033064,0.038385,
Z Velocity[A/fs],0.009655,0.001525,0.050958,-0.049071,
Speed[A/fs],0.152730,0.155600,0.673408,0.671473,
,,,,,
C2H2_14r54, C[0], C[1], H[2], H[3], 
Densities, 2.276984678902719, 1.418981742642035, 0.0007418612126206903, 3.394312731122104e-05, 
Time[fs], 64.500000, 64.500000, 26.500000, 26.500000, 
Density Sum, 3.696742225884686,,,,
X Velocity[A/fs],-0.153858,0.153568,-0.673134,0.665551,
Y Velocity[A/fs],0.002635,0.002975,-0.045841,-0.020297,
Z Velocity[A/fs],0.004372,0.004501,-0.018866,-0.011216,
Speed[A/fs],0.153943,0.153663,0.674957,0.665955,
,,,,,
C2H2_14r118, C[0], C[1], H[2], H[3], 
Densities, 2.304758339621938, 1.351557455440152, 0.0008410605395965884, 7.944497403905291e-05, 
Time[fs], 63.000000, 64.000000, 26.500000, 26.500000, 
Density Sum, 3.657236300575726,,,,
X Velocity[A/fs],-0.156267,0.154817,-0.672337,0.668756,
Y Velocity[A/fs],-0.003727,0.008324,-0.053590,0.065030,
Z Velocity[A/fs],0.007870,0.000841,0.068549,0.001958,
Speed[A/fs],0.156510,0.155043,0.677944,0.671913,
,,,,,
C2H2_14r19, C[0], C[1], H[2], H[3], 
Densities, 1.954368991928711, 1.709561816544461, 0.000451811929767634, 0.000101388737196332, 
Time[fs], 63.500000, 61.500000, 27.000000, 26.500000, 
Density Sum, 3.664484009140137,,,,
X Velocity[A/fs],-0.156207,0.163391,-0.650052,0.653802,
Y Velocity[A/fs],0.009188,-0.007845,-0.076013,0.099121,
Z Velocity[A/fs],-0.004719,0.003144,0.075926,-0.075787,
Speed[A/fs],0.156548,0.163609,0.658870,0.665602,
,,,,,
C2H2_14r86, C[0], C[1], H[2], H[3], 
Densities, 2.23785579935912, 1.507652302402707, 0.0005062457450542093, 5.395561912803516e-05, 
Time[fs], 63.500000, 67.000000, 26.500000, 26.500000, 
Density Sum, 3.74606830312601,,,,
X Velocity[A/fs],-0.155859,0.145453,-0.671319,0.658451,
Y Velocity[A/fs],0.000058,-0.007995,0.012179,0.058786,
Z Velocity[A/fs],-0.003709,-0.001231,0.054650,0.018705,
Speed[A/fs],0.155904,0.145678,0.673650,0.661335,
,,,,,
C2H2_14r108, C[0], C[1], H[2], H[3], 
Densities, 2.253045279407966, 1.474857654590596, 0.001045001278558719, 0.0001013976460807347, 
Time[fs], 64.500000, 65.000000, 26.500000, 26.500000, 
Density Sum, 3.729049332923201,,,,
X Velocity[A/fs],-0.152840,0.151269,-0.669887,0.664332,
Y Velocity[A/fs],0.000850,-0.002445,-0.055609,0.040038,
Z Velocity[A/fs],-0.000875,-0.003833,0.032478,0.043091,
Speed[A/fs],0.152845,0.151337,0.672975,0.666931,
,,,,,
C2H2_14r79, C[0], C[1], H[2], H[3], 
Densities, 1.612277416506207, 2.062666446818836, 0.001144390464140504, 8.971494634795744e-05, 
Time[fs], 65.500000, 62.000000, 26.500000, 26.500000, 
Density Sum, 3.676177968735531,,,,
X Velocity[A/fs],-0.151441,0.161425,-0.664242,0.660171,
Y Velocity[A/fs],-0.000020,-0.003957,-0.040264,0.059333,
Z Velocity[A/fs],0.001762,-0.005724,0.057954,-0.082376,
Speed[A/fs],0.151451,0.161575,0.667980,0.667931,
,,,,,
C2H2_14r162, C[0], C[1], H[2], H[3], 
Densities, 2.293030347347163, 1.446379811122883, 0.0003631171779265313, 4.038203488263426e-05, 
Time[fs], 64.000000, 64.500000, 26.500000, 26.500000, 
Density Sum, 3.739813657682856,,,,
X Velocity[A/fs],-0.153842,0.153034,-0.667595,0.660199,
Y Velocity[A/fs],0.004018,0.000675,-0.048648,-0.004564,
Z Velocity[A/fs],0.002152,-0.000963,0.036461,-0.057518,
Speed[A/fs],0.153909,0.153038,0.670357,0.662716,
,,,,,
C2H2_14r57, C[0], C[1], H[2], H[3], 
Densities, 2.03907857843595, 1.671008418982617, 0.00126101586450546, 7.739346059832056e-05, 
Time[fs], 63.500000, 64.000000, 26.500000, 26.500000, 
Density Sum, 3.711425406743671,,,,
X Velocity[A/fs],-0.156182,0.157124,-0.669894,0.657041,
Y Velocity[A/fs],-0.004792,0.001876,-0.005628,0.047501,
Z Velocity[A/fs],-0.002828,-0.000226,0.026499,0.013201,
Speed[A/fs],0.156282,0.157135,0.670442,0.658888,
,,,,,
C2H2_14r95, C[0], C[1], H[2], H[3], 
Densities, 2.095802725946288, 1.606184150364257, 0.0006598019216399151, 3.367490930504461e-05, 
Time[fs], 62.500000, 65.000000, 26.500000, 26.500000, 
Density Sum, 3.70268035314149,,,,
X Velocity[A/fs],-0.160845,0.151380,-0.674168,0.654828,
Y Velocity[A/fs],-0.000050,0.007219,-0.021598,-0.056866,
Z Velocity[A/fs],-0.001084,-0.000941,0.034112,0.016696,
Speed[A/fs],0.160848,0.151555,0.675376,0.657505,
,,,,,
C2H2_14r11, C[0], C[1], H[2], H[3], 
Densities, 2.13025598563268, 1.576529294305372, 0.0008993122008946675, 7.747595294102546e-05, 
Time[fs], 63.500000, 64.500000, 26.500000, 26.500000, 
Density Sum, 3.707762068091888,,,,
X Velocity[A/fs],-0.156148,0.154192,-0.666746,0.661880,
Y Velocity[A/fs],0.009125,-0.015374,-0.081687,0.088185,
Z Velocity[A/fs],-0.004604,-0.006058,-0.053341,-0.010468,
Speed[A/fs],0.156482,0.155075,0.673845,0.667811,
,,,,,
C2H2_14r100, C[0], C[1], H[2], H[3], 
Densities, 1.049863393111519, 2.608779688039515, 0.0007360640146940394, 4.198905053653391e-05, 
Time[fs], 64.000000, 63.500000, 26.500000, 26.500000, 
Density Sum, 3.659421134216265,,,,
X Velocity[A/fs],-0.153685,0.152962,-0.670765,0.655554,
Y Velocity[A/fs],0.006893,-0.001914,-0.075761,0.081138,
Z Velocity[A/fs],-0.007979,-0.000170,0.028317,0.045688,
Speed[A/fs],0.154047,0.152974,0.675624,0.662134,
,,,,,
C2H2_14r4, C[0], C[1], H[2], H[3], 
Densities, 2.057884925650655, 1.563325932387808, 0.001197180026911026, 6.654882130272235e-05, 
Time[fs], 63.000000, 61.000000, 26.500000, 26.500000, 
Density Sum, 3.622474586886677,,,,
X Velocity[A/fs],-0.156019,0.164312,-0.674142,0.675902,
Y Velocity[A/fs],0.001958,-0.010183,-0.006619,0.072840,
Z Velocity[A/fs],0.006540,-0.004777,0.063997,-0.034231,
Speed[A/fs],0.156168,0.164697,0.677205,0.680677,
,,,,,
C2H2_14r132, C[0], C[1], H[2], H[3], 
Densities, 2.115152203011822, 1.529394851212894, 0.001052196301290539, 7.864456824136525e-05, 
Time[fs], 64.500000, 62.500000, 26.500000, 26.500000, 
Density Sum, 3.645677895094247,,,,
X Velocity[A/fs],-0.154234,0.160326,-0.674652,0.667759,
Y Velocity[A/fs],-0.000312,0.001833,0.048997,-0.041642,
Z Velocity[A/fs],-0.002105,0.007397,-0.018786,-0.059735,
Speed[A/fs],0.154248,0.160507,0.676689,0.671717,
,,,,,
C2H2_14r145, C[0], C[1], H[2], H[3], 
Densities, 1.469896858259887, 2.168708030148243, 0.0006897857487624903, 9.415470220774512e-05, 
Time[fs], 60.500000, 65.000000, 26.500000, 26.500000, 
Density Sum, 3.6393888288591,,,,
X Velocity[A/fs],-0.166172,0.151027,-0.670880,0.661808,
Y Velocity[A/fs],0.002557,0.002707,-0.106944,0.076813,
Z Velocity[A/fs],0.004761,0.003966,-0.062910,-0.029428,
Speed[A/fs],0.166260,0.151103,0.682257,0.666901,
,,,,,
C2H2_14r120, C[0], C[1], H[2], H[3], 
Densities, 1.975093433915183, 1.707987303904796, 0.0005172664152227456, 8.481321104092469e-05, 
Time[fs], 64.000000, 63.000000, 27.000000, 26.500000, 
Density Sum, 3.683682817446242,,,,
X Velocity[A/fs],-0.155830,0.158813,-0.655151,0.659605,
Y Velocity[A/fs],0.006081,0.001787,-0.043090,0.046176,
Z Velocity[A/fs],-0.000106,0.000541,0.056822,-0.062422,
Speed[A/fs],0.155948,0.158824,0.659021,0.664159,
,,,,,
C2H2_14r68, C[0], C[1], H[2], H[3], 
Densities, 2.284584271123725, 1.373109540467869, 0.001116522222055797, 6.406424575178081e-05, 
Time[fs], 64.500000, 62.500000, 26.500000, 26.500000, 
Density Sum, 3.658874398059402,,,,
X Velocity[A/fs],-0.152513,0.159334,-0.669950,0.663960,
Y Velocity[A/fs],0.011571,-0.000386,0.064123,-0.009175,
Z Velocity[A/fs],0.003063,0.001912,0.029157,-0.053100,
Speed[A/fs],0.152982,0.159346,0.673643,0.666143,
,,,,,
C2H2_14r89, C[0], C[1], H[2], H[3], 
Densities, 1.979858924093686, 1.690703547920374, 0.00121243231859471, 7.263061134369787e-05, 
Time[fs], 63.000000, 63.500000, 26.500000, 26.500000, 
Density Sum, 3.671847534943999,,,,
X Velocity[A/fs],-0.158197,0.156478,-0.674201,0.660097,
Y Velocity[A/fs],-0.010907,0.000217,-0.006001,0.047795,
Z Velocity[A/fs],-0.010042,0.001739,0.061562,-0.019184,
Speed[A/fs],0.158890,0.156488,0.677033,0.662103,
,,,,,
C2H2_14r137, C[0], C[1], H[2], H[3], 
Densities, 1.949118229093404, 1.770799158292952, 0.0007573967667461831, 7.949612971353485e-05, 
Time[fs], 64.500000, 64.500000, 26.500000, 26.500000, 
Density Sum, 3.720754280282816,,,,
X Velocity[A/fs],-0.154483,0.153883,-0.666198,0.654385,
Y Velocity[A/fs],-0.004163,0.001578,-0.052516,0.081522,
Z Velocity[A/fs],0.004650,0.003668,-0.027533,-0.031608,
Speed[A/fs],0.154609,0.153934,0.668832,0.660200,
,,,,,
C2H2_14r70, C[0], C[1], H[2], H[3], 
Densities, 2.157387046989025, 1.484357327168957, 0.0007935882156345337, 6.497796033752262e-05, 
Time[fs], 62.000000, 64.000000, 26.500000, 26.500000, 
Density Sum, 3.642602940333954,,,,
X Velocity[A/fs],-0.160424,0.154455,-0.675353,0.662779,
Y Velocity[A/fs],0.005097,0.003250,0.065179,0.011366,
Z Velocity[A/fs],-0.006058,0.004491,0.064789,-0.070334,
Speed[A/fs],0.160619,0.154555,0.681577,0.666597,
,,,,,
C2H2_14r93, C[0], C[1], H[2], H[3], 
Densities, 2.303565386106605, 1.370390600326812, 0.001334067806940551, 7.122391612185468e-05, 
Time[fs], 64.000000, 63.500000, 26.500000, 26.500000, 
Density Sum, 3.675361278156479,,,,
X Velocity[A/fs],-0.154750,0.157252,-0.673172,0.661924,
Y Velocity[A/fs],-0.003061,0.001567,0.055545,0.001393,
Z Velocity[A/fs],-0.000802,-0.004966,0.007704,0.042924,
Speed[A/fs],0.154782,0.157338,0.675504,0.663316,
,,,,,
C2H2_14r50, C[0], C[1], H[2], H[3], 
Densities, 1.852214111728811, 1.790887904108446, 0.0007548042741500952, 0.0001111062653365582, 
Time[fs], 62.500000, 62.000000, 26.500000, 26.500000, 
Density Sum, 3.643967926376743,,,,
X Velocity[A/fs],-0.159291,0.161924,-0.667658,0.670517,
Y Velocity[A/fs],0.002192,0.010408,-0.094385,0.086942,
Z Velocity[A/fs],0.001190,-0.003806,-0.044250,-0.029686,
Speed[A/fs],0.159310,0.162302,0.675747,0.676781,
,,,,,
C2H2_14r106, C[0], C[1], H[2], H[3], 
Densities, 2.335565182448983, 1.31980048921256, 0.001009447804832973, 6.11433370124121e-05, 
Time[fs], 64.500000, 63.000000, 26.500000, 26.500000, 
Density Sum, 3.656436262803389,,,,
X Velocity[A/fs],-0.152479,0.158220,-0.672993,0.659360,
Y Velocity[A/fs],0.006263,-0.009891,-0.067342,0.053171,
Z Velocity[A/fs],0.000549,-0.001031,-0.020361,0.053030,
Speed[A/fs],0.152609,0.158532,0.676660,0.663622,
,,,,,
C2H2_14r92, C[0], C[1], H[2], H[3], 
Densities, 1.803709439300865, 1.862219825308832, 0.0008903117566612478, 7.182514473560528e-05, 
Time[fs], 62.500000, 63.000000, 26.500000, 26.500000, 
Density Sum, 3.666891401511094,,,,
X Velocity[A/fs],-0.159827,0.158613,-0.671426,0.657897,
Y Velocity[A/fs],-0.003264,0.002793,0.090813,-0.080802,
Z Velocity[A/fs],-0.001442,0.000795,0.046235,0.027732,
Speed[A/fs],0.159867,0.158639,0.679115,0.663420,
,,,,,
C2H2_14r155, C[0], C[1], H[2], H[3], 
Densities, 1.974037469035795, 1.665364434540388, 0.0007482187441536446, 7.444694403260571e-05, 
Time[fs], 64.000000, 61.500000, 26.500000, 26.500000, 
Density Sum, 3.640224569264369,,,,
X Velocity[A/fs],-0.154903,0.163662,-0.670145,0.664050,
Y Velocity[A/fs],-0.005576,0.012042,0.075417,-0.100350,
Z Velocity[A/fs],0.001390,-0.004721,-0.018109,0.081672,
Speed[A/fs],0.155010,0.164172,0.674619,0.676537,
,,,,,
C2H2_14r51, C[0], C[1], H[2], H[3], 
Densities, 1.990576469088193, 1.84021965250034, 0.0004775392470650054, 9.325262107704779e-05, 
Time[fs], 65.000000, 67.000000, 26.500000, 26.500000, 
Density Sum, 3.831366913456675,,,,
X Velocity[A/fs],-0.149878,0.147042,-0.663020,0.655705,
Y Velocity[A/fs],0.004695,-0.003178,0.043677,-0.056099,
Z Velocity[A/fs],0.006847,-0.004499,-0.036088,0.016627,
Speed[A/fs],0.150107,0.147145,0.665436,0.658310,
,,,,,
C2H2_14r22, C[0], C[1], H[2], H[3], 
Densities, 1.608562745412773, 2.030185896730478, 0.000959872630983678, 9.258324191357308e-05, 
Time[fs], 63.500000, 61.500000, 26.500000, 26.500000, 
Density Sum, 3.639801098016148,,,,
X Velocity[A/fs],-0.157301,0.163056,-0.673508,0.676603,
Y Velocity[A/fs],-0.000936,-0.000335,-0.053765,0.010103,
Z Velocity[A/fs],-0.001930,-0.002963,-0.036423,0.060726,
Speed[A/fs],0.157315,0.163084,0.676631,0.679398,
,,,,,
C2H2_14r147, C[0], C[1], H[2], H[3], 
Densities, 2.215596902308739, 1.436562756907886, 0.0008180627798288412, 8.078497269526253e-05, 
Time[fs], 63.000000, 63.000000, 26.500000, 26.500000, 
Density Sum, 3.653058506969149,,,,
X Velocity[A/fs],-0.157097,0.157694,-0.670351,0.663688,
Y Velocity[A/fs],0.006771,-0.006011,-0.090116,0.088351,
Z Velocity[A/fs],0.005766,0.007162,-0.029683,-0.049222,
Speed[A/fs],0.157349,0.157971,0.677033,0.671350,
,,,,,
C2H2_14r112, C[0], C[1], H[2], H[3], 
Densities, 2.000777231352988, 1.660551972294535, 0.001047319454236009, 6.329442329682569e-05, 
Time[fs], 63.000000, 63.500000, 26.500000, 26.500000, 
Density Sum, 3.662439817525056,,,,
X Velocity[A/fs],-0.158848,0.156545,-0.677129,0.660457,
Y Velocity[A/fs],-0.002814,0.001866,-0.048893,0.051070,
Z Velocity[A/fs],0.003946,0.003861,0.025319,0.042616,
Speed[A/fs],0.158922,0.156604,0.679364,0.663798,
,,,,,
C2H2_14r141, C[0], C[1], H[2], H[3], 
Densities, 1.739916786188169, 1.859569415081745, 0.001195339603087515, 7.970103670657624e-05, 
Time[fs], 62.000000, 60.500000, 26.500000, 26.500000, 
Density Sum, 3.600761241909708,,,,
X Velocity[A/fs],-0.161637,0.164979,-0.667657,0.673038,
Y Velocity[A/fs],0.009373,-0.009550,-0.080684,0.090613,
Z Velocity[A/fs],0.013036,0.000210,-0.078238,0.034211,
Speed[A/fs],0.162433,0.165256,0.677051,0.679971,
,,,,,
C2H2_14r146, C[0], C[1], H[2], H[3], 
Densities, 2.032860572320217, 1.617303353154753, 0.0007965989142086605, 7.676290508426981e-05, 
Time[fs], 62.500000, 63.000000, 26.500000, 26.500000, 
Density Sum, 3.651037287294263,,,,
X Velocity[A/fs],-0.160259,0.158260,-0.674032,0.659723,
Y Velocity[A/fs],-0.000046,-0.003678,-0.075971,0.074075,
Z Velocity[A/fs],-0.003479,0.001872,0.066466,-0.019953,
Speed[A/fs],0.160296,0.158313,0.681548,0.664169,
,,,,,
C2H2_14r129, C[0], C[1], H[2], H[3], 
Densities, 1.790497508456315, 1.88107654651566, 0.001041751982346073, 4.238980758632991e-05, 
Time[fs], 63.500000, 63.500000, 26.500000, 26.500000, 
Density Sum, 3.672658196761907,,,,
X Velocity[A/fs],-0.157307,0.156030,-0.672708,0.664305,
Y Velocity[A/fs],0.001087,0.012989,-0.034296,0.031623,
Z Velocity[A/fs],0.003384,0.004028,-0.045987,-0.029758,
Speed[A/fs],0.157347,0.156621,0.675150,0.665723,
,,,,,
C2H2_14r160, C[0], C[1], H[2], H[3], 
Densities, 2.035321760157444, 1.675911528430247, 0.0008145614734318803, 0.0001517595433411711, 
Time[fs], 65.000000, 63.500000, 26.500000, 26.500000, 
Density Sum, 3.712199609604464,,,,
X Velocity[A/fs],-0.153572,0.156823,-0.658177,0.658897,
Y Velocity[A/fs],0.003680,-0.004929,-0.058008,0.071967,
Z Velocity[A/fs],0.006686,-0.004319,-0.082952,0.074481,
Speed[A/fs],0.153761,0.156960,0.665915,0.666987,
,,,,,
C2H2_14r80, C[0], C[1], H[2], H[3], 
Densities, 2.263042210479141, 1.375545298553015, 0.0006430617243403067, 4.458747396102926e-05, 
Time[fs], 63.000000, 64.000000, 26.500000, 26.500000, 
Density Sum, 3.639275158230457,,,,
X Velocity[A/fs],-0.157558,0.155863,-0.675387,0.665644,
Y Velocity[A/fs],0.004768,0.001118,-0.056555,0.056557,
Z Velocity[A/fs],-0.002067,0.001407,-0.050043,-0.029967,
Speed[A/fs],0.157644,0.155873,0.679596,0.668714,
,,,,,
C2H2_14r192, C[0], C[1], H[2], H[3], 
Densities, 1.928000810284477, 1.676764089673739, 0.001566221804352548, 6.128111474777305e-05, 
Time[fs], 61.500000, 62.000000, 26.500000, 26.500000, 
Density Sum, 3.606392402877316,,,,
X Velocity[A/fs],-0.160668,0.160163,-0.679031,0.674313,
Y Velocity[A/fs],-0.001687,-0.000349,-0.038322,-0.050873,
Z Velocity[A/fs],0.001382,-0.002226,-0.059012,0.061392,
Speed[A/fs],0.160683,0.160179,0.682667,0.679011,
,,,,,
C2H2_14r59, C[0], C[1], H[2], H[3], 
Densities, 2.004702841772738, 1.776809421822515, 0.0007442961595333657, 0.000216665189120246, 
Time[fs], 65.000000, 65.500000, 26.500000, 27.000000, 
Density Sum, 3.782473224943907,,,,
X Velocity[A/fs],-0.152945,0.150384,-0.661519,0.684650,
Y Velocity[A/fs],0.002197,0.003924,0.060310,-0.044439,
Z Velocity[A/fs],0.000516,0.005809,-0.048124,0.076523,
Speed[A/fs],0.152962,0.150547,0.666004,0.690345,
,,,,,
C2H2_14r193, C[0], C[1], H[2], H[3], 
Densities, 1.797891471690515, 2.007778969808253, 0.0004146805523877765, 8.238604278487832e-05, 
Time[fs], 67.500000, 63.500000, 26.500000, 26.500000, 
Density Sum, 3.806167508093941,,,,
X Velocity[A/fs],-0.145037,0.156438,-0.658349,0.665834,
Y Velocity[A/fs],-0.001572,-0.000738,-0.048820,0.021337,
Z Velocity[A/fs],-0.001131,0.002398,-0.018528,-0.037954,
Speed[A/fs],0.145050,0.156458,0.660416,0.667256,
,,,,,
C2H2_14r169, C[0], C[1], H[2], H[3], 
Densities, 2.019409377769035, 1.61806136493093, 0.0009744799779549776, 5.510201157303533e-05, 
Time[fs], 64.000000, 60.500000, 26.500000, 26.500000, 
Density Sum, 3.638500324689493,,,,
X Velocity[A/fs],-0.154020,0.165427,-0.672201,0.677025,
Y Velocity[A/fs],0.002474,0.004349,-0.016260,-0.012345,
Z Velocity[A/fs],-0.004900,-0.000781,0.044356,-0.050321,
Speed[A/fs],0.154118,0.165486,0.673859,0.679005,
,,,,,
C2H2_14r157, C[0], C[1], H[2], H[3], 
Densities, 1.857167755907145, 1.865781304782785, 0.001274503962908711, 0.0001459236848452886, 
Time[fs], 63.500000, 65.500000, 26.500000, 27.000000, 
Density Sum, 3.724369488337684,,,,
X Velocity[A/fs],-0.157357,0.150934,-0.671988,0.690971,
Y Velocity[A/fs],-0.001493,-0.000545,0.016673,-0.043478,
Z Velocity[A/fs],-0.001303,0.002516,0.067060,-0.053199,
Speed[A/fs],0.157369,0.150956,0.675532,0.694379,
,,,,,
C2H2_14r94, C[0], C[1], H[2], H[3], 
Densities, 2.040737021717419, 1.632458220623886, 0.0008400592039163793, 5.983469419414905e-05, 
Time[fs], 63.000000, 64.000000, 26.500000, 26.500000, 
Density Sum, 3.674095136239415,,,,
X Velocity[A/fs],-0.158717,0.155410,-0.665249,0.660022,
Y Velocity[A/fs],-0.002310,-0.005205,0.053394,-0.039585,
Z Velocity[A/fs],-0.001708,0.007305,0.086150,-0.065154,
Speed[A/fs],0.158743,0.155668,0.672926,0.664410,
,,,,,
C2H2_14r7, C[0], C[1], H[2], H[3], 
Densities, 2.228771170308326, 1.468569318001519, 0.0005163729222125113, 4.090968733963506e-05, 
Time[fs], 66.000000, 63.000000, 26.500000, 26.500000, 
Density Sum, 3.697897770919397,,,,
X Velocity[A/fs],-0.149376,0.158678,-0.661728,0.670641,
Y Velocity[A/fs],-0.000848,0.000384,0.055937,0.029049,
Z Velocity[A/fs],0.002919,0.000013,0.066491,0.000132,
Speed[A/fs],0.149407,0.158679,0.667408,0.671270,
,,,,,
C2H2_14r151, C[0], C[1], H[2], H[3], 
Densities, 2.307534613342601, 1.438540442191507, 0.0005483165103883517, 6.527309301930783e-05, 
Time[fs], 63.500000, 67.500000, 26.500000, 26.500000, 
Density Sum, 3.746688645137516,,,,
X Velocity[A/fs],-0.155577,0.144001,-0.671076,0.656826,
Y Velocity[A/fs],-0.007968,-0.002310,0.060856,0.037282,
Z Velocity[A/fs],0.003279,0.001997,-0.027962,-0.048310,
Speed[A/fs],0.155815,0.144033,0.674410,0.659655,
,,,,,
C2H2_14r26, C[0], C[1], H[2], H[3], 
Densities, 1.731099573881053, 1.891474721960664, 0.001108206313566886, 6.709206951555599e-05, 
Time[fs], 61.500000, 62.500000, 26.500000, 26.500000, 
Density Sum, 3.6237495942248,,,,
X Velocity[A/fs],-0.161679,0.159338,-0.686781,0.672295,
Y Velocity[A/fs],0.001164,0.000867,0.011361,-0.044451,
Z Velocity[A/fs],0.000621,-0.000076,-0.051780,0.045476,
Speed[A/fs],0.161684,0.159341,0.688823,0.675296,
,,,,,
C2H2_14r105, C[0], C[1], H[2], H[3], 
Densities, 2.222122099590824, 1.436967582973164, 0.0009153660548656761, 6.643988673352583e-05, 
Time[fs], 63.000000, 64.000000, 26.500000, 26.500000, 
Density Sum, 3.660071488505587,,,,
X Velocity[A/fs],-0.157094,0.155738,-0.674468,0.665423,
Y Velocity[A/fs],-0.002044,-0.003324,0.017797,0.043160,
Z Velocity[A/fs],-0.003413,0.007694,0.077472,-0.068914,
Speed[A/fs],0.157145,0.155963,0.679136,0.670373,
,,,,,
C2H2_14r60, C[0], C[1], H[2], H[3], 
Densities, 1.64342043828319, 2.063925509166065, 0.0008130276392116604, 2.854567695049096e-05, 
Time[fs], 64.500000, 63.500000, 26.500000, 26.500000, 
Density Sum, 3.708187520765418,,,,
X Velocity[A/fs],-0.153452,0.156574,-0.666297,0.657505,
Y Velocity[A/fs],0.003325,0.003498,-0.032209,-0.034963,
Z Velocity[A/fs],0.002075,0.003288,-0.018137,-0.051745,
Speed[A/fs],0.153502,0.156648,0.667321,0.660464,
,,,,,
C2H2_14r36, C[0], C[1], H[2], H[3], 
Densities, 1.801795088434333, 1.847540516900984, 0.0009127380434795286, 7.383494438443401e-05, 
Time[fs], 65.000000, 61.000000, 26.500000, 26.500000, 
Density Sum, 3.650322178323182,,,,
X Velocity[A/fs],-0.152127,0.164901,-0.663776,0.669665,
Y Velocity[A/fs],-0.004540,-0.000384,-0.053112,0.028646,
Z Velocity[A/fs],-0.006243,-0.009199,-0.071111,0.082081,
Speed[A/fs],0.152323,0.165158,0.669683,0.675284,
,,,,,
C2H2_14r107, C[0], C[1], H[2], H[3], 
Densities, 2.12416977474869, 1.541554119034262, 0.0007424882327410848, 7.322130319186199e-05, 
Time[fs], 62.000000, 65.500000, 26.500000, 26.500000, 
Density Sum, 3.666539603318884,,,,
X Velocity[A/fs],-0.161137,0.151536,-0.672838,0.655803,
Y Velocity[A/fs],0.004968,-0.003748,-0.084039,0.074931,
Z Velocity[A/fs],0.001019,-0.004276,0.032396,0.039804,
Speed[A/fs],0.161217,0.151642,0.678840,0.661269,
,,,,,
C2H2_14r16, C[0], C[1], H[2], H[3], 
Densities, 2.372864957021807, 1.396264072836344, 0.0004451368114264755, 6.357917558265763e-05, 
Time[fs], 64.000000, 66.500000, 26.500000, 26.500000, 
Density Sum, 3.769637745845161,,,,
X Velocity[A/fs],-0.153932,0.147544,-0.665252,0.658505,
Y Velocity[A/fs],-0.000072,-0.002664,0.073748,-0.050358,
Z Velocity[A/fs],-0.000162,-0.004180,0.012901,-0.046215,
Speed[A/fs],0.153932,0.147627,0.669452,0.662043,
,,,,,
C2H2_14r197, C[0], C[1], H[2], H[3], 
Densities, 1.337144856169909, 2.307625822057814, 0.000669206731910724, 0.0001046829269353776, 
Time[fs], 61.500000, 63.500000, 26.500000, 26.500000, 
Density Sum, 3.645544567886568,,,,
X Velocity[A/fs],-0.163777,0.154965,-0.666079,0.660389,
Y Velocity[A/fs],0.009534,-0.003119,0.087726,-0.092745,
Z Velocity[A/fs],-0.005678,-0.004360,-0.089757,0.063175,
Speed[A/fs],0.164153,0.155057,0.677801,0.669856,
,,,,,
C2H2_14r42, C[0], C[1], H[2], H[3], 
Densities, 2.105342397739332, 1.553912512980089, 0.0007762402221881049, 9.571444947961618e-05, 
Time[fs], 63.000000, 63.500000, 26.500000, 26.500000, 
Density Sum, 3.660126865391089,,,,
X Velocity[A/fs],-0.158016,0.155833,-0.665934,0.664577,
Y Velocity[A/fs],0.006368,-0.008240,-0.065529,0.062544,
Z Velocity[A/fs],0.015968,-0.007193,-0.092989,0.070478,
Speed[A/fs],0.158948,0.156216,0.675580,0.671224,
,,,,,
C2H2_14r101, C[0], C[1], H[2], H[3], 
Densities, 1.699476678952682, 1.991404999250238, 0.001029400705563731, 4.927877802159173e-05, 
Time[fs], 64.000000, 65.500000, 26.500000, 26.500000, 
Density Sum, 3.691960357686505,,,,
X Velocity[A/fs],-0.155872,0.151314,-0.674026,0.661685,
Y Velocity[A/fs],-0.003819,-0.003728,0.039239,0.019422,
Z Velocity[A/fs],-0.000742,0.000630,0.040849,-0.002714,
Speed[A/fs],0.155921,0.151361,0.676402,0.661975,
,,,,,
C2H2_14r23, C[0], C[1], H[2], H[3], 
Densities, 2.201840695074797, 1.464073192540598, 0.0005000553088026919, 6.538214481334409e-05, 
Time[fs], 63.000000, 63.500000, 26.500000, 26.500000, 
Density Sum, 3.66647932506901,,,,
X Velocity[A/fs],-0.157031,0.156713,-0.659889,0.656369,
Y Velocity[A/fs],-0.001213,0.008801,0.102247,-0.102840,
Z Velocity[A/fs],-0.003301,0.004607,0.069263,-0.068163,
Speed[A/fs],0.157070,0.157027,0.671346,0.667864,
,,,,,
C2H2_14r144, C[0], C[1], H[2], H[3], 
Densities, 2.091025210143647, 1.61630906252612, 0.0006121508668972034, 5.736786369983196e-05, 
Time[fs], 62.500000, 65.500000, 26.500000, 26.500000, 
Density Sum, 3.708003791400363,,,,
X Velocity[A/fs],-0.159959,0.150142,-0.674578,0.664472,
Y Velocity[A/fs],-0.006908,-0.005142,-0.059484,-0.032010,
Z Velocity[A/fs],-0.005934,-0.004279,0.062328,-0.042732,
Speed[A/fs],0.160218,0.150291,0.680058,0.666614,
,,,,,
C2H2_14r182, C[0], C[1], H[2], H[3], 
Densities, 1.574392655354709, 2.097432630968322, 0.0008787816269161763, 8.640168934708723e-05, 
Time[fs], 64.000000, 63.500000, 26.500000, 26.500000, 
Density Sum, 3.672790469639295,,,,
X Velocity[A/fs],-0.155529,0.156538,-0.664299,0.652253,
Y Velocity[A/fs],0.002194,-0.004286,-0.078279,0.086419,
Z Velocity[A/fs],0.002257,0.006097,0.051873,-0.078937,
Speed[A/fs],0.155561,0.156715,0.670903,0.662671,
,,,,,
C2H2_14r165, C[0], C[1], H[2], H[3], 
Densities, 2.256478235494653, 1.489474467781641, 0.0005842592081186911, 8.007041582975821e-05, 
Time[fs], 67.000000, 62.500000, 26.500000, 26.500000, 
Density Sum, 3.746617032900242,,,,
X Velocity[A/fs],-0.145416,0.158681,-0.664358,0.674587,
Y Velocity[A/fs],-0.004070,-0.000474,0.037568,-0.040141,
Z Velocity[A/fs],0.006641,0.000944,0.043682,0.033561,
Speed[A/fs],0.145625,0.158685,0.666852,0.676613,
,,,,,
C2H2_14r181, C[0], C[1], H[2], H[3], 
Densities, 1.624797821118986, 2.063801014105161, 0.000571653057741941, 3.036114394235407e-05, 
Time[fs], 62.500000, 64.500000, 26.500000, 26.500000, 
Density Sum, 3.689200849425832,,,,
X Velocity[A/fs],-0.158958,0.154363,-0.665913,0.655441,
Y Velocity[A/fs],-0.001594,0.004294,0.061626,-0.045252,
Z Velocity[A/fs],0.004350,-0.004170,-0.081169,0.063749,
Speed[A/fs],0.159025,0.154479,0.673667,0.660087,
,,,,,
C2H2_14r78, C[0], C[1], H[2], H[3], 
Densities, 2.109442755885642, 1.571879676528532, 0.0004697017167056575, 0.0001262589073805012, 
Time[fs], 64.500000, 63.000000, 27.000000, 26.500000, 
Density Sum, 3.68191839303826,,,,
X Velocity[A/fs],-0.153249,0.158480,-0.648129,0.657563,
Y Velocity[A/fs],0.000677,-0.006134,-0.014166,0.070662,
Z Velocity[A/fs],-0.002215,0.000066,0.085173,-0.072770,
Speed[A/fs],0.153266,0.158599,0.653855,0.665340,
,,,,,
C2H2_14r150, C[0], C[1], H[2], H[3], 
Densities, 2.042049438497223, 1.633230912795848, 0.0006490516492951367, 6.986911303821233e-05, 
Time[fs], 62.000000, 65.000000, 26.500000, 26.500000, 
Density Sum, 3.675999272055404,,,,
X Velocity[A/fs],-0.161470,0.152473,-0.676513,0.669068,
Y Velocity[A/fs],0.001564,0.008144,0.034758,0.007735,
Z Velocity[A/fs],0.006706,-0.001512,0.075170,-0.027311,
Speed[A/fs],0.161617,0.152698,0.681563,0.669670,
,,,,,
C2H2_14r75, C[0], C[1], H[2], H[3], 
Densities, 1.754003200991845, 1.973617891761158, 0.0006342973803153811, 6.596862600101547e-05, 
Time[fs], 63.500000, 66.500000, 26.500000, 26.500000, 
Density Sum, 3.728321358759319,,,,
X Velocity[A/fs],-0.157818,0.146709,-0.668260,0.654913,
Y Velocity[A/fs],0.000841,0.004137,0.061741,-0.034381,
Z Velocity[A/fs],0.003235,-0.001825,-0.040249,-0.045863,
Speed[A/fs],0.157853,0.146779,0.672312,0.657416,
,,,,,
C2H2_14r163, C[0], C[1], H[2], H[3], 
Densities, 1.839595008405145, 1.84373418774529, 0.00108794691984203, 7.993876094853425e-05, 
Time[fs], 61.500000, 64.500000, 26.500000, 26.500000, 
Density Sum, 3.684497081831225,,,,
X Velocity[A/fs],-0.162842,0.153990,-0.680021,0.657916,
Y Velocity[A/fs],0.000393,-0.003991,0.037053,0.032853,
Z Velocity[A/fs],0.002102,-0.001508,0.017649,0.043517,
Speed[A/fs],0.162856,0.154049,0.681258,0.660172,
,,,,,
C2H2_14r88, C[0], C[1], H[2], H[3], 
Densities, 1.842189583620117, 1.828673159497425, 0.001344515763780857, 8.109086881672593e-05, 
Time[fs], 64.500000, 63.000000, 26.500000, 26.500000, 
Density Sum, 3.672288349750139,,,,
X Velocity[A/fs],-0.154535,0.158348,-0.674474,0.664056,
Y Velocity[A/fs],-0.000608,-0.005082,-0.028554,-0.056503,
Z Velocity[A/fs],0.005702,-0.003615,-0.007643,-0.010078,
Speed[A/fs],0.154641,0.158471,0.675122,0.666532,
,,,,,
C2H2_14r168, C[0], C[1], H[2], H[3], 
Densities, 1.868483614811571, 1.776529813041703, 0.000622672588059051, 4.070293162333389e-05, 
Time[fs], 63.500000, 63.000000, 26.500000, 26.500000, 
Density Sum, 3.645676803372956,,,,
X Velocity[A/fs],-0.155759,0.158048,-0.675910,0.666759,
Y Velocity[A/fs],-0.003943,-0.004665,-0.032235,-0.039424,
Z Velocity[A/fs],0.000287,0.001400,0.023912,0.055361,
Speed[A/fs],0.155809,0.158123,0.677101,0.670214,
,,,,,
C2H2_14r98, C[0], C[1], H[2], H[3], 
Densities, 1.673686818822152, 2.090589980042605, 0.0009563515967489482, 0.0003554645587125233, 
Time[fs], 65.000000, 65.000000, 26.500000, 27.000000, 
Density Sum, 3.765588615020218,,,,
X Velocity[A/fs],-0.152881,0.152128,-0.664913,0.687699,
Y Velocity[A/fs],0.000245,-0.002960,0.005684,-0.041135,
Z Velocity[A/fs],0.000028,0.008810,0.024094,0.055337,
Speed[A/fs],0.152882,0.152412,0.665373,0.691147,
,,,,,
C2H2_14r149, C[0], C[1], H[2], H[3], 
Densities, 1.673822339860673, 1.974819278735273, 0.0005139348199852695, 9.419961390216497e-05, 
Time[fs], 61.500000, 63.000000, 26.500000, 26.500000, 
Density Sum, 3.649249753029833,,,,
X Velocity[A/fs],-0.163470,0.157876,-0.666149,0.655688,
Y Velocity[A/fs],0.003373,0.002995,0.101269,-0.089098,
Z Velocity[A/fs],-0.002644,-0.005999,-0.098386,0.080015,
Speed[A/fs],0.163527,0.158019,0.680948,0.666534,
,,,,,
C2H2_14r72, C[0], C[1], H[2], H[3], 
Densities, 2.036708119969725, 1.696036504749461, 0.0005843950935319596, 4.747426694554306e-05, 
Time[fs], 65.000000, 64.500000, 26.500000, 26.500000, 
Density Sum, 3.733376494079664,,,,
X Velocity[A/fs],-0.151682,0.154293,-0.666095,0.665751,
Y Velocity[A/fs],-0.002389,0.002621,0.015335,0.051224,
Z Velocity[A/fs],-0.007166,-0.000732,-0.068288,0.063854,
Speed[A/fs],0.151870,0.154317,0.669762,0.670765,
,,,,,
C2H2_14r27, C[0], C[1], H[2], H[3], 
Densities, 1.872050996439922, 1.759495838326948, 0.0007699802276292755, 7.154013159085575e-05, 
Time[fs], 63.000000, 63.000000, 26.500000, 26.500000, 
Density Sum, 3.63238835512609,,,,
X Velocity[A/fs],-0.157332,0.159189,-0.667294,0.669942,
Y Velocity[A/fs],-0.004615,-0.000999,0.068174,0.017751,
Z Velocity[A/fs],0.005419,0.000702,-0.090120,0.064705,
Speed[A/fs],0.157493,0.159193,0.676794,0.673293,
,,,,,
C2H2_14r178, C[0], C[1], H[2], H[3], 
Densities, 1.343502509360698, 2.333975172720261, 0.001002583567433922, 7.315397723222863e-05, 
Time[fs], 63.500000, 63.500000, 26.500000, 26.500000, 
Density Sum, 3.678553419625625,,,,
X Velocity[A/fs],-0.155675,0.154525,-0.670888,0.668290,
Y Velocity[A/fs],0.003052,-0.007567,-0.064601,-0.032814,
Z Velocity[A/fs],-0.000707,0.003562,-0.004321,0.061807,
Speed[A/fs],0.155707,0.154752,0.674005,0.671944,
,,,,,
C2H2_14r153, C[0], C[1], H[2], H[3], 
Densities, 2.213374846934286, 1.445784674916099, 0.001274899568198998, 7.676512326416663e-05, 
Time[fs], 66.000000, 61.500000, 26.500000, 26.500000, 
Density Sum, 3.660511186541848,,,,
X Velocity[A/fs],-0.148504,0.163060,-0.668401,0.665721,
Y Velocity[A/fs],-0.004294,-0.002724,0.037898,0.052038,
Z Velocity[A/fs],0.008377,0.001881,-0.027747,-0.053053,
Speed[A/fs],0.148802,0.163094,0.670050,0.669856,
,,,,,
C2H2_14r87, C[0], C[1], H[2], H[3], 
Densities, 2.217011683859524, 1.464708410545715, 0.000443344911843579, 7.941194850278481e-05, 
Time[fs], 63.500000, 63.000000, 27.000000, 26.500000, 
Density Sum, 3.682242851265586,,,,
X Velocity[A/fs],-0.155528,0.158292,-0.652333,0.654184,
Y Velocity[A/fs],0.005313,0.000945,-0.008826,0.044801,
Z Velocity[A/fs],-0.015135,-0.001261,0.083132,-0.076184,
Speed[A/fs],0.156353,0.158300,0.657668,0.660128,
,,,,,
C2H2_14r74, C[0], C[1], H[2], H[3], 
Densities, 1.934557820133433, 1.71842356288684, 0.001282163450608579, 0.0001122998901346542, 
Time[fs], 63.000000, 61.500000, 26.500000, 26.500000, 
Density Sum, 3.654375846361016,,,,
X Velocity[A/fs],-0.157477,0.162515,-0.679434,0.661602,
Y Velocity[A/fs],-0.001316,0.001907,0.033758,-0.063087,
Z Velocity[A/fs],0.001794,-0.003913,-0.048929,0.063745,
Speed[A/fs],0.157493,0.162573,0.682030,0.667653,
,,,,,
C2H2_14r175, C[0], C[1], H[2], H[3], 
Densities, 1.896488157709602, 1.794598272539196, 0.0007954560310869705, 3.3178241715402e-05, 
Time[fs], 64.500000, 63.500000, 26.500000, 26.500000, 
Density Sum, 3.691915064521601,,,,
X Velocity[A/fs],-0.155289,0.157480,-0.663570,0.660030,
Y Velocity[A/fs],-0.009902,-0.004546,0.070811,0.004449,
Z Velocity[A/fs],-0.000181,-0.003187,0.038905,-0.057669,
Speed[A/fs],0.155605,0.157578,0.668471,0.662560,
,,,,,
C2H2_14r96, C[0], C[1], H[2], H[3], 
Densities, 1.859616656871087, 1.827917682374972, 0.0006099179138230565, 3.891714887192589e-05, 
Time[fs], 64.500000, 64.000000, 26.500000, 26.500000, 
Density Sum, 3.688183174308754,,,,
X Velocity[A/fs],-0.153961,0.154377,-0.667600,0.667612,
Y Velocity[A/fs],0.000605,0.000020,-0.031810,-0.017739,
Z Velocity[A/fs],0.001442,-0.004264,0.072254,-0.065837,
Speed[A/fs],0.153969,0.154436,0.672252,0.671085,
,,,,,
C2H2_14r73, C[0], C[1], H[2], H[3], 
Densities, 1.878323038226907, 1.810031114588674, 0.0008010496339359983, 0.0001007592549394297, 
Time[fs], 62.000000, 64.500000, 26.500000, 27.000000, 
Density Sum, 3.689255961704457,,,,
X Velocity[A/fs],-0.162496,0.152727,-0.661886,0.689424,
Y Velocity[A/fs],-0.004688,0.007556,0.099011,-0.052327,
Z Velocity[A/fs],-0.002209,0.003528,0.072219,-0.058892,
Speed[A/fs],0.162578,0.152955,0.673136,0.693911,
,,,,,
C2H2_14r20, C[0], C[1], H[2], H[3], 
Densities, 2.134635655173961, 1.666295529217931, 0.0006708715167566358, 8.28549553583752e-05, 
Time[fs], 65.500000, 64.500000, 26.500000, 26.500000, 
Density Sum, 3.801684910864007,,,,
X Velocity[A/fs],-0.149527,0.153090,-0.663143,0.666046,
Y Velocity[A/fs],0.000824,0.002812,0.035123,-0.004217,
Z Velocity[A/fs],-0.007599,0.010555,-0.052312,-0.042406,
Speed[A/fs],0.149723,0.153479,0.666130,0.667408,
,,,,,
C2H2_14r184, C[0], C[1], H[2], H[3], 
Densities, 1.959734486180638, 1.837451863377161, 0.0002618446320490696, 0.0002635596711237939, 
Time[fs], 66.500000, 64.000000, 27.000000, 26.500000, 
Density Sum, 3.797711753860972,,,,
X Velocity[A/fs],-0.148560,0.155360,-0.639191,0.658609,
Y Velocity[A/fs],0.006960,-0.002622,0.043463,0.005057,
Z Velocity[A/fs],-0.006754,0.000103,-0.056210,0.020900,
Speed[A/fs],0.148877,0.155382,0.643128,0.658959,
,,,,,
C2H2_14r154, C[0], C[1], H[2], H[3], 
Densities, 1.99462601879202, 1.654604200320491, 0.0009479536800876224, 5.773163671018233e-05, 
Time[fs], 63.000000, 63.000000, 26.500000, 26.500000, 
Density Sum, 3.65023590442931,,,,
X Velocity[A/fs],-0.158749,0.158946,-0.678107,0.663670,
Y Velocity[A/fs],0.009479,0.001250,0.048163,0.026375,
Z Velocity[A/fs],-0.000262,0.000247,-0.009719,0.049587,
Speed[A/fs],0.159032,0.158951,0.679884,0.666043,
,,,,,
C2H2_14r31, C[0], C[1], H[2], H[3], 
Densities, 2.179077252243016, 1.447534568940394, 0.003655443440550498, 3.25937134901921e-05, 
Time[fs], 61.500000, 61.500000, 26.500000, 26.500000, 
Density Sum, 3.63029985833745,,,,
X Velocity[A/fs],-0.161168,0.162558,-0.668870,0.668340,
Y Velocity[A/fs],0.004468,0.006385,0.025061,0.055029,
Z Velocity[A/fs],0.002796,0.013871,0.090988,-0.093150,
Speed[A/fs],0.161254,0.163274,0.675495,0.677040,
,,,,,
C2H2_14r126, C[0], C[1], H[2], H[3], 
Densities, 1.606805386084544, 2.056918522982345, 0.0008349722738850686, 6.599717615721155e-05, 
Time[fs], 63.000000, 63.500000, 26.500000, 26.500000, 
Density Sum, 3.664624878516932,,,,
X Velocity[A/fs],-0.159202,0.156618,-0.667408,0.660240,
Y Velocity[A/fs],-0.003220,-0.005964,-0.029579,-0.032373,
Z Velocity[A/fs],-0.006346,-0.002385,-0.088000,0.078718,
Speed[A/fs],0.159361,0.156750,0.673835,0.665704,
,,,,,
C2H2_14r45, C[0], C[1], H[2], H[3], 
Densities, 1.524063378846035, 2.065963153663901, 0.0017960912641491, 3.626327322523495e-05, 
Time[fs], 61.500000, 61.500000, 26.500000, 26.500000, 
Density Sum, 3.591858887047311,,,,
X Velocity[A/fs],-0.162772,0.162523,-0.676617,0.674701,
Y Velocity[A/fs],0.002348,-0.000650,-0.068665,0.048418,
Z Velocity[A/fs],-0.002912,0.002461,-0.032781,-0.044622,
Speed[A/fs],0.162815,0.162543,0.680882,0.677906,
,,,,,
C2H2_14r53, C[0], C[1], H[2], H[3], 
Densities, 2.212340357103846, 1.450070726685986, 0.0006764238558180827, 7.643590010396629e-05, 
Time[fs], 63.500000, 63.000000, 26.500000, 26.500000, 
Density Sum, 3.663163943545754,,,,
X Velocity[A/fs],-0.155860,0.158128,-0.661801,0.654611,
Y Velocity[A/fs],-0.004926,0.001755,0.075453,-0.072395,
Z Velocity[A/fs],-0.003524,0.005429,0.095471,-0.094202,
Speed[A/fs],0.155977,0.158231,0.672896,0.665305,
,,,,,
C2H2_14r186, C[0], C[1], H[2], H[3], 
Densities, 1.907110955621012, 1.792297184255304, 0.00040177542531647, 5.138049791239017e-05, 
Time[fs], 65.500000, 63.500000, 26.500000, 26.500000, 
Density Sum, 3.699861295799545,,,,
X Velocity[A/fs],-0.151530,0.155221,-0.668975,0.668941,
Y Velocity[A/fs],-0.002460,-0.008044,-0.026572,0.046508,
Z Velocity[A/fs],0.005398,-0.000929,0.053490,-0.069655,
Speed[A/fs],0.151646,0.155432,0.671635,0.674164,
,,,,,
C2H2_14r13, C[0], C[1], H[2], H[3], 
Densities, 1.642507098693489, 2.115028709257336, 0.000479769467000872, 7.996707052070691e-05, 
Time[fs], 65.500000, 63.500000, 26.500000, 26.500000, 
Density Sum, 3.758095544488346,,,,
X Velocity[A/fs],-0.150307,0.156353,-0.664903,0.669566,
Y Velocity[A/fs],-0.001575,0.000783,0.040617,0.029267,
Z Velocity[A/fs],0.003288,0.002446,-0.044720,-0.045297,
Speed[A/fs],0.150351,0.156374,0.667642,0.671734,
,,,,,
C2H2_14r102, C[0], C[1], H[2], H[3], 
Densities, 2.315626440050466, 1.333040040861196, 0.0007104542106134502, 6.811042965733597e-05, 
Time[fs], 63.000000, 63.500000, 26.500000, 26.500000, 
Density Sum, 3.649445045551933,,,,
X Velocity[A/fs],-0.157002,0.155681,-0.672567,0.659306,
Y Velocity[A/fs],0.003351,-0.003816,-0.073343,0.069777,
Z Velocity[A/fs],0.000500,0.005118,0.077680,-0.064446,
Speed[A/fs],0.157038,0.155812,0.680999,0.666113,
,,,,,
C2H2_14r12, C[0], C[1], H[2], H[3], 
Densities, 1.995684097942442, 1.623965271229542, 0.0009032936352035613, 3.576645948585538e-05, 
Time[fs], 62.000000, 62.000000, 26.500000, 26.500000, 
Density Sum, 3.620588429266673,,,,
X Velocity[A/fs],-0.160759,0.160295,-0.672786,0.673152,
Y Velocity[A/fs],0.002593,0.000215,-0.042299,-0.036330,
Z Velocity[A/fs],-0.005390,0.006949,0.071191,-0.023601,
Speed[A/fs],0.160871,0.160445,0.677863,0.674545,
,,,,,
C2H2_14r28, C[0], C[1], H[2], H[3], 
Densities, 2.080545059783352, 1.597610979511541, 0.0004054094942160131, 4.226481544685887e-05, 
Time[fs], 63.000000, 64.500000, 26.500000, 26.500000, 
Density Sum, 3.678603713604556,,,,
X Velocity[A/fs],-0.157832,0.153550,-0.669647,0.667401,
Y Velocity[A/fs],0.007304,0.004835,0.052534,0.036295,
Z Velocity[A/fs],0.002820,0.006799,-0.075500,0.037857,
Speed[A/fs],0.158026,0.153776,0.675934,0.669459,
,,,,,
C2H2_14r159, C[0], C[1], H[2], H[3], 
Densities, 1.335047608573125, 2.332074989268726, 0.0009478813194130596, 0.0001261732283609665, 
Time[fs], 64.000000, 62.500000, 26.500000, 26.500000, 
Density Sum, 3.668196652389625,,,,
X Velocity[A/fs],-0.155272,0.158189,-0.670450,0.668666,
Y Velocity[A/fs],-0.002202,-0.002908,-0.070737,0.077845,
Z Velocity[A/fs],0.002908,0.002611,-0.035943,0.049272,
Speed[A/fs],0.155315,0.158237,0.675129,0.674983,
,,,,,
C2H2_14r140, C[0], C[1], H[2], H[3], 
Densities, 2.252696434511162, 1.555262256415504, 0.0005589842568850232, 0.0001019027388195739, 
Time[fs], 64.000000, 66.000000, 26.500000, 26.500000, 
Density Sum, 3.808619577922371,,,,
X Velocity[A/fs],-0.153211,0.148430,-0.658527,0.658508,
Y Velocity[A/fs],-0.002505,-0.002648,-0.049054,-0.023369,
Z Velocity[A/fs],-0.003447,0.000607,-0.066383,0.034657,
Speed[A/fs],0.153270,0.148455,0.663680,0.659834,
,,,,,
C2H2_14r196, C[0], C[1], H[2], H[3], 
Densities, 2.039928896100327, 1.644843149859559, 0.0008396428516126942, 9.163208867849964e-05, 
Time[fs], 64.000000, 63.500000, 26.500000, 26.500000, 
Density Sum, 3.685703320900178,,,,
X Velocity[A/fs],-0.154422,0.156503,-0.665679,0.659185,
Y Velocity[A/fs],-0.005878,0.005172,0.057255,-0.085840,
Z Velocity[A/fs],-0.002910,0.006331,0.083579,-0.080150,
Speed[A/fs],0.154561,0.156716,0.673344,0.669565,
,,,,,
C2H2_14r25, C[0], C[1], H[2], H[3], 
Densities, 1.957897930569755, 1.826303533993059, 0.0006209253366778601, 7.527312910678257e-05, 
Time[fs], 66.000000, 65.000000, 26.500000, 26.500000, 
Density Sum, 3.784897663028598,,,,
X Velocity[A/fs],-0.148929,0.150756,-0.665509,0.665693,
Y Velocity[A/fs],0.001946,0.000407,0.049530,-0.037422,
Z Velocity[A/fs],-0.011018,-0.003086,0.016629,-0.041961,
Speed[A/fs],0.149349,0.150788,0.667557,0.668063,
,,,,,
C2H2_14r9, C[0], C[1], H[2], H[3], 
Densities, 1.763126053608372, 1.913350021722213, 0.0009640536229936201, 7.090786358879117e-05, 
Time[fs], 63.000000, 63.500000, 26.500000, 26.500000, 
Density Sum, 3.677511036817168,,,,
X Velocity[A/fs],-0.159710,0.155609,-0.669155,0.657574,
Y Velocity[A/fs],-0.002023,0.002893,0.052551,-0.042619,
Z Velocity[A/fs],-0.002344,0.007413,0.085797,-0.068417,
Speed[A/fs],0.159740,0.155813,0.676677,0.662495,
,,,,,
C2H2_14r76, C[0], C[1], H[2], H[3], 
Densities, 2.270582897693036, 1.397821690144037, 0.0005770964354344563, 6.417378936701499e-05, 
Time[fs], 64.500000, 63.500000, 26.500000, 26.500000, 
Density Sum, 3.669045858061875,,,,
X Velocity[A/fs],-0.152942,0.157225,-0.665027,0.667887,
Y Velocity[A/fs],-0.005019,-0.000246,0.082923,-0.073626,
Z Velocity[A/fs],-0.002206,0.001316,0.062599,-0.067411,
Speed[A/fs],0.153040,0.157231,0.673094,0.675306,
,,,,,
C2H2_14r148, C[0], C[1], H[2], H[3], 
Densities, 1.773065965971212, 1.847859882668277, 0.0003938790329899394, 5.054365746878584e-05, 
Time[fs], 61.000000, 63.500000, 26.500000, 26.500000, 
Density Sum, 3.621370271329948,,,,
X Velocity[A/fs],-0.165036,0.156838,-0.673922,0.661072,
Y Velocity[A/fs],0.000082,0.005066,-0.086556,0.061225,
Z Velocity[A/fs],0.005408,-0.005671,0.084620,-0.057362,
Speed[A/fs],0.165125,0.157022,0.684707,0.666375,
,,,,,
C2H2_14r30, C[0], C[1], H[2], H[3], 
Densities, 2.170407285166306, 1.531902334770641, 0.0007512763738882583, 5.053690097331237e-05, 
Time[fs], 62.500000, 65.500000, 26.500000, 26.500000, 
Density Sum, 3.703111433211808,,,,
X Velocity[A/fs],-0.160024,0.150227,-0.669709,0.650205,
Y Velocity[A/fs],0.002163,-0.000664,-0.055086,0.014894,
Z Velocity[A/fs],0.004899,0.002628,-0.045911,0.055702,
Speed[A/fs],0.160114,0.150251,0.673537,0.652756,
,,,,,
C2H2_14r124, C[0], C[1], H[2], H[3], 
Densities, 1.737466495476333, 2.054895670260259, 0.0005903713597833261, 0.0001295220289988397, 
Time[fs], 66.500000, 66.000000, 26.500000, 26.500000, 
Density Sum, 3.793082059125374,,,,
X Velocity[A/fs],-0.147363,0.149460,-0.661173,0.660770,
Y Velocity[A/fs],-0.000186,0.001821,-0.058560,0.060694,
Z Velocity[A/fs],-0.003561,0.000380,0.024434,0.014205,
Speed[A/fs],0.147406,0.149472,0.664211,0.663704,
,,,,,
C2H2_14r179, C[0], C[1], H[2], H[3], 
Densities, 1.590958070272319, 2.050935336523839, 0.0006825742271537914, 6.707841987871744e-05, 
Time[fs], 61.000000, 63.000000, 26.500000, 26.500000, 
Density Sum, 3.64264305944319,,,,
X Velocity[A/fs],-0.164765,0.156110,-0.673726,0.669529,
Y Velocity[A/fs],0.014412,0.001327,0.088865,-0.059589,
Z Velocity[A/fs],0.001925,0.000221,-0.003885,-0.026642,
Speed[A/fs],0.165405,0.156116,0.679573,0.672703,
,,,,,
C2H2_14r156, C[0], C[1], H[2], H[3], 
Densities, 1.893533544565676, 1.787145297375446, 0.001482840308714551, 0.000102738809008116, 
Time[fs], 63.500000, 63.000000, 26.500000, 26.500000, 
Density Sum, 3.682264421058844,,,,
X Velocity[A/fs],-0.156208,0.157594,-0.674057,0.656003,
Y Velocity[A/fs],0.000169,0.009665,0.002200,-0.063437,
Z Velocity[A/fs],-0.000240,-0.007116,0.032457,0.060515,
Speed[A/fs],0.156208,0.158051,0.674841,0.661835,
,,,,,
C2H2_14r187, C[0], C[1], H[2], H[3], 
Densities, 1.88296505965141, 1.778552714819019, 0.0006866913526567264, 5.985538397088492e-05, 
Time[fs], 64.000000, 63.000000, 26.500000, 26.500000, 
Density Sum, 3.662264321207057,,,,
X Velocity[A/fs],-0.156226,0.158852,-0.663821,0.656555,
Y Velocity[A/fs],-0.004089,0.002438,-0.036389,-0.057224,
Z Velocity[A/fs],-0.004469,0.002185,-0.090202,0.091353,
Speed[A/fs],0.156343,0.158886,0.670909,0.665345,
,,,,,
C2H2_14r135, C[0], C[1], H[2], H[3], 
Densities, 2.244077929311845, 1.416833570654864, 0.0005140936531894048, 9.410047430447053e-05, 
Time[fs], 65.500000, 61.500000, 27.000000, 26.500000, 
Density Sum, 3.661519694094204,,,,
X Velocity[A/fs],-0.150127,0.163311,-0.649352,0.664572,
Y Velocity[A/fs],0.013504,-0.003073,-0.074217,0.040845,
Z Velocity[A/fs],-0.000841,0.003415,0.053376,-0.063783,
Speed[A/fs],0.150736,0.163376,0.655755,0.668874,
,,,,,
C2H2_14r62, C[0], C[1], H[2], H[3], 
Densities, 1.818031617630821, 1.767448282335498, 0.000866060423107496, 3.843388504584149e-05, 
Time[fs], 62.000000, 60.000000, 26.500000, 26.500000, 
Density Sum, 3.586384394274472,,,,
X Velocity[A/fs],-0.160686,0.168275,-0.674273,0.667118,
Y Velocity[A/fs],0.001947,-0.003933,0.010069,0.058368,
Z Velocity[A/fs],-0.003973,0.000032,0.088627,-0.087768,
Speed[A/fs],0.160747,0.168321,0.680147,0.675393,
,,,,,
C2H2_14r195, C[0], C[1], H[2], H[3], 
Densities, 1.658970656753024, 1.988038752475955, 0.0004976250697489816, 0.0001074483325306418, 
Time[fs], 64.500000, 60.500000, 27.000000, 26.500000, 
Density Sum, 3.647614482631258,,,,
X Velocity[A/fs],-0.153715,0.165967,-0.651082,0.662658,
Y Velocity[A/fs],0.003327,-0.000479,-0.060463,0.063562,
Z Velocity[A/fs],-0.008732,0.006189,0.072030,-0.080393,
Speed[A/fs],0.153999,0.166083,0.657839,0.670536,
,,,,,
C2H2_14r121, C[0], C[1], H[2], H[3], 
Densities, 2.172018351888189, 1.421576874511837, 0.001097040695934627, 2.622218261033807e-05, 
Time[fs], 62.000000, 61.500000, 26.500000, 26.500000, 
Density Sum, 3.594718489278571,,,,
X Velocity[A/fs],-0.160099,0.162781,-0.677957,0.663456,
Y Velocity[A/fs],0.005264,0.001391,-0.070584,0.083131,
Z Velocity[A/fs],-0.000839,0.010814,0.027148,-0.076186,
Speed[A/fs],0.160187,0.163146,0.682162,0.672970,
,,,,,
C2H2_14r115, C[0], C[1], H[2], H[3], 
Densities, 1.619000264048702, 2.056091868278652, 0.001355597298299122, 7.419034123786809e-05, 
Time[fs], 64.500000, 63.500000, 26.500000, 26.500000, 
Density Sum, 3.676521919966891,,,,
X Velocity[A/fs],-0.154670,0.157203,-0.672995,0.662950,
Y Velocity[A/fs],-0.000293,-0.001910,-0.036936,0.051614,
Z Velocity[A/fs],0.006703,0.003525,-0.039561,-0.026500,
Speed[A/fs],0.154815,0.157254,0.675168,0.665484,
,,,,,
C2H2_14r139, C[0], C[1], H[2], H[3], 
Densities, 2.20648442824762, 1.448311220612112, 0.001508564780644943, 9.452576726374006e-05, 
Time[fs], 65.500000, 62.000000, 26.500000, 26.500000, 
Density Sum, 3.65639873940764,,,,
X Velocity[A/fs],-0.149637,0.162238,-0.673347,0.664705,
Y Velocity[A/fs],-0.003738,-0.006659,0.021069,0.034203,
Z Velocity[A/fs],-0.000522,-0.002194,0.008280,0.055629,
Speed[A/fs],0.149685,0.162390,0.673727,0.667905,
,,,,,
C2H2_14r32, C[0], C[1], H[2], H[3], 
Densities, 2.262534281167756, 1.387250886055905, 0.0006029833195949672, 5.852094935872859e-05, 
Time[fs], 62.000000, 65.000000, 26.500000, 26.500000, 
Density Sum, 3.650446671492615,,,,
X Velocity[A/fs],-0.160578,0.151984,-0.673354,0.655746,
Y Velocity[A/fs],0.004320,-0.002992,-0.034878,-0.047273,
Z Velocity[A/fs],0.001500,-0.001411,-0.088205,0.075845,
Speed[A/fs],0.160643,0.152020,0.680002,0.661808,
,,,,,
C2H2_14r48, C[0], C[1], H[2], H[3], 
Densities, 1.901458392170472, 1.748518145547973, 0.001180309737545995, 7.276298113071489e-05, 
Time[fs], 65.000000, 61.500000, 26.500000, 26.500000, 
Density Sum, 3.651229610437122,,,,
X Velocity[A/fs],-0.153562,0.163383,-0.673947,0.666477,
Y Velocity[A/fs],-0.000072,-0.006675,0.030046,0.042657,
Z Velocity[A/fs],0.000136,0.001250,0.007730,0.063820,
Speed[A/fs],0.153562,0.163524,0.674660,0.670883,
,,,,,
C2H2_14r172, C[0], C[1], H[2], H[3], 
Densities, 2.014132741146378, 1.622595426315388, 0.0008642706122374466, 6.296157429557778e-05, 
Time[fs], 63.000000, 64.000000, 26.500000, 26.500000, 
Density Sum, 3.637655399648299,,,,
X Velocity[A/fs],-0.157520,0.155763,-0.679266,0.669412,
Y Velocity[A/fs],0.003432,-0.000087,0.045364,-0.028518,
Z Velocity[A/fs],-0.002101,0.003353,-0.027035,0.012882,
Speed[A/fs],0.157571,0.155799,0.681316,0.670143,
,,,,,
C2H2_14r85, C[0], C[1], H[2], H[3], 
Densities, 1.629363834519264, 2.005696960482909, 0.0007306611060920753, 5.00210276749647e-05, 
Time[fs], 62.500000, 62.500000, 26.500000, 26.500000, 
Density Sum, 3.63584147713594,,,,
X Velocity[A/fs],-0.160197,0.159723,-0.680079,0.664306,
Y Velocity[A/fs],-0.007796,0.007004,-0.057857,-0.019447,
Z Velocity[A/fs],0.002984,0.005925,0.006898,-0.035361,
Speed[A/fs],0.160414,0.159986,0.682571,0.665531,
,,,,,
C2H2_14r133, C[0], C[1], H[2], H[3], 
Densities, 1.915261569156371, 1.677320605014165, 0.001878584445343768, 5.245984805618922e-05, 
Time[fs], 60.000000, 63.000000, 26.500000, 26.500000, 
Density Sum, 3.594513218463935,,,,
X Velocity[A/fs],-0.168144,0.157137,-0.675714,0.670605,
Y Velocity[A/fs],0.003693,-0.003086,-0.079134,0.063412,
Z Velocity[A/fs],-0.000832,0.003130,-0.072549,-0.012569,
Speed[A/fs],0.168186,0.157198,0.684189,0.673714,
,,,,,
C2H2_14r104, C[0], C[1], H[2], H[3], 
Densities, 1.882488932546012, 1.768312321475618, 0.0007664633272632481, 6.101548422910847e-05, 
Time[fs], 64.000000, 61.000000, 26.500000, 26.500000, 
Density Sum, 3.651628732833122,,,,
X Velocity[A/fs],-0.154494,0.164322,-0.667641,0.680281,
Y Velocity[A/fs],-0.005162,0.005295,0.065863,-0.014770,
Z Velocity[A/fs],0.005376,0.001366,-0.043403,0.019835,
Speed[A/fs],0.154673,0.164413,0.672285,0.680731,
,,,,,
C2H2_14r127, C[0], C[1], H[2], H[3], 
Densities, 2.026022514889797, 1.759360676067506, 0.0007405676309916052, 0.0001576109246243492, 
Time[fs], 63.500000, 66.500000, 26.500000, 27.000000, 
Density Sum, 3.786281369512919,,,,
X Velocity[A/fs],-0.156488,0.147826,-0.664713,0.687944,
Y Velocity[A/fs],-0.006016,0.000420,0.065255,-0.045553,
Z Velocity[A/fs],0.003562,-0.001168,0.063396,-0.036130,
Speed[A/fs],0.156644,0.147831,0.670910,0.690396,
,,,,,
C2H2_14r180, C[0], C[1], H[2], H[3], 
Densities, 1.744270604078153, 1.894891845669906, 0.0006855869390890262, 6.47388511613233e-05, 
Time[fs], 62.500000, 61.500000, 26.500000, 26.500000, 
Density Sum, 3.63991277553831,,,,
X Velocity[A/fs],-0.159659,0.162210,-0.673931,0.660957,
Y Velocity[A/fs],-0.000678,-0.001998,0.008173,0.043693,
Z Velocity[A/fs],-0.007509,0.003946,0.078409,-0.085328,
Speed[A/fs],0.159837,0.162270,0.678526,0.667872,
,,,,,
C2H2_14r130, C[0], C[1], H[2], H[3], 
Densities, 1.686653285889521, 1.995114384620997, 0.0008525142478481144, 7.685047202254939e-05, 
Time[fs], 63.000000, 63.500000, 26.500000, 26.500000, 
Density Sum, 3.682697035230389,,,,
X Velocity[A/fs],-0.159571,0.156425,-0.663746,0.656336,
Y Velocity[A/fs],0.002341,0.003746,0.045476,-0.059421,
Z Velocity[A/fs],0.002008,0.004684,0.092493,-0.072683,
Speed[A/fs],0.159601,0.156540,0.671701,0.663016,
,,,,,
C2H2_14r29, C[0], C[1], H[2], H[3], 
Densities, 2.26848618613295, 1.424875459101968, 0.0007237903121953745, 2.900559375229977e-05, 
Time[fs], 65.000000, 63.500000, 26.500000, 26.500000, 
Density Sum, 3.694114441140866,,,,
X Velocity[A/fs],-0.151844,0.156159,-0.669640,0.663298,
Y Velocity[A/fs],0.001494,0.008533,-0.029424,-0.052797,
Z Velocity[A/fs],-0.005491,-0.004468,-0.040664,-0.027557,
Speed[A/fs],0.151950,0.156456,0.671519,0.665966,
,,,,,
C2H2_14r194, C[0], C[1], H[2], H[3], 
Densities, 1.882057947840254, 1.790217875387921, 0.0005852675102067765, 6.380292919232372e-05, 
Time[fs], 62.000000, 62.500000, 26.500000, 26.500000, 
Density Sum, 3.672924893667574,,,,
X Velocity[A/fs],-0.160455,0.159239,-0.661651,0.665423,
Y Velocity[A/fs],-0.002972,-0.010217,0.096724,-0.092436,
Z Velocity[A/fs],0.003659,0.000388,-0.068596,0.046704,
Speed[A/fs],0.160524,0.159566,0.672192,0.673434,
,,,,,
C2H2_14r97, C[0], C[1], H[2], H[3], 
Densities, 1.868913352572439, 1.778678893833967, 0.0009728766672359065, 5.086234747873298e-05, 
Time[fs], 64.500000, 63.000000, 26.500000, 26.500000, 
Density Sum, 3.648615985421121,,,,
X Velocity[A/fs],-0.154287,0.158826,-0.676203,0.664805,
Y Velocity[A/fs],-0.004774,0.001980,0.009459,0.058434,
Z Velocity[A/fs],0.008313,0.000096,0.022782,0.055465,
Speed[A/fs],0.154584,0.158838,0.676653,0.669669,
,,,,,
C2H2_14r190, C[0], C[1], H[2], H[3], 
Densities, 2.043984286152021, 1.60342307524806, 0.0006690843813588103, 4.374763452432979e-05, 
Time[fs], 63.000000, 64.000000, 26.500000, 26.500000, 
Density Sum, 3.648120193415964,,,,
X Velocity[A/fs],-0.157278,0.156554,-0.675394,0.661738,
Y Velocity[A/fs],0.002863,0.000269,0.023481,0.071058,
Z Velocity[A/fs],-0.004173,-0.004512,0.064272,-0.051736,
Speed[A/fs],0.157359,0.156619,0.678852,0.667550,
,,,,,
C2H2_14r66, C[0], C[1], H[2], H[3], 
Densities, 1.949184554729315, 1.756770545536013, 0.0007770172801740137, 6.371110200735444e-05, 
Time[fs], 67.000000, 62.000000, 26.500000, 26.500000, 
Density Sum, 3.706795828647509,,,,
X Velocity[A/fs],-0.147168,0.162143,-0.660422,0.665816,
Y Velocity[A/fs],-0.000902,0.000494,0.042975,-0.013494,
Z Velocity[A/fs],0.000089,-0.004090,-0.050741,0.066891,
Speed[A/fs],0.147171,0.162195,0.663761,0.669304,
,,,,,
C2H2_14r152, C[0], C[1], H[2], H[3], 
Densities, 2.239361352500331, 1.489887089560981, 0.001059578610997968, 0.0001432251925661428, 
Time[fs], 63.000000, 66.500000, 26.500000, 27.000000, 
Density Sum, 3.730451245864876,,,,
X Velocity[A/fs],-0.158662,0.147148,-0.670136,0.685211,
Y Velocity[A/fs],-0.003419,0.001850,0.066485,-0.041086,
Z Velocity[A/fs],-0.000482,-0.001182,0.044412,0.040018,
Speed[A/fs],0.158699,0.147164,0.674889,0.687607,
,,,,,
C2H2_14r188, C[0], C[1], H[2], H[3], 
Densities, 1.645252221238866, 2.049543921621024, 0.0007995694990049198, 6.125323536807805e-05, 
Time[fs], 66.000000, 62.000000, 26.500000, 26.500000, 
Density Sum, 3.695656965594263,,,,
X Velocity[A/fs],-0.149947,0.161732,-0.661009,0.660244,
Y Velocity[A/fs],0.001115,-0.004112,0.052117,-0.076829,
Z Velocity[A/fs],0.000226,-0.000017,0.040971,0.046180,
Speed[A/fs],0.149952,0.161784,0.664325,0.666301,
,,,,,
C2H2_14r117, C[0], C[1], H[2], H[3], 
Densities, 1.725501095650575, 1.99060916916931, 0.0006984156734691592, 6.73427188028652e-05, 
Time[fs], 66.000000, 63.500000, 26.500000, 26.500000, 
Density Sum, 3.716876023212157,,,,
X Velocity[A/fs],-0.148356,0.156568,-0.665004,0.662339,
Y Velocity[A/fs],0.003086,-0.002850,-0.059991,0.065441,
Z Velocity[A/fs],0.002689,0.003450,0.043506,-0.077738,
Speed[A/fs],0.148412,0.156632,0.669120,0.670089,
,,,,,
C2H2_14r198, C[0], C[1], H[2], H[3], 
Densities, 2.046448366422163, 1.580036362880139, 0.0009234452390233779, 5.890130323041185e-05, 
Time[fs], 62.500000, 63.500000, 26.500000, 26.500000, 
Density Sum, 3.627467075844555,,,,
X Velocity[A/fs],-0.158468,0.157528,-0.679203,0.667081,
Y Velocity[A/fs],0.003738,0.001435,-0.052790,0.033970,
Z Velocity[A/fs],-0.000073,0.018715,0.032845,0.034102,
Speed[A/fs],0.158512,0.158642,0.682042,0.668816,
,,,,,
C2H2_14r200, C[0], C[1], H[2], H[3], 
Densities, 1.175352960130252, 2.450611340783658, 0.001015336259543312, 7.767686556029289e-05, 
Time[fs], 63.000000, 62.500000, 26.500000, 26.500000, 
Density Sum, 3.627057314039014,,,,
X Velocity[A/fs],-0.157392,0.157209,-0.672198,0.668197,
Y Velocity[A/fs],-0.012003,0.000043,0.080974,-0.061922,
Z Velocity[A/fs],-0.000642,-0.000441,-0.013430,-0.048837,
Speed[A/fs],0.157851,0.157209,0.677190,0.672834,
,,,,,
C2H2_14r136, C[0], C[1], H[2], H[3], 
Densities, 2.225659803803312, 1.486988752176918, 0.001158742402301159, 8.28600131073409e-05, 
Time[fs], 64.500000, 65.000000, 26.500000, 26.500000, 
Density Sum, 3.713890158395639,,,,
X Velocity[A/fs],-0.152876,0.152817,-0.669400,0.663638,
Y Velocity[A/fs],0.016245,0.002201,-0.053069,-0.031555,
Z Velocity[A/fs],-0.000762,-0.001847,-0.017854,0.048748,
Speed[A/fs],0.153738,0.152844,0.671738,0.666174,
,,,,,
C2H2_14r67, C[0], C[1], H[2], H[3], 
Densities, 1.63113723068576, 2.133279514732632, 0.0005538177076608864, 9.59854783279407e-05, 
Time[fs], 67.000000, 63.000000, 26.500000, 26.500000, 
Density Sum, 3.76506654860438,,,,
X Velocity[A/fs],-0.146736,0.157029,-0.661014,0.668699,
Y Velocity[A/fs],0.000946,-0.003641,0.026300,0.037910,
Z Velocity[A/fs],0.001832,0.004079,-0.047496,-0.033449,
Speed[A/fs],0.146751,0.157124,0.663239,0.670607,
,,,,,
C2H2_14r41, C[0], C[1], H[2], H[3], 
Densities, 2.127536753992233, 1.491181678670824, 0.0009424619729571144, 8.394737729043278e-05, 
Time[fs], 61.000000, 63.000000, 26.500000, 26.500000, 
Density Sum, 3.619744842013305,,,,
X Velocity[A/fs],-0.164139,0.157363,-0.669220,0.668653,
Y Velocity[A/fs],-0.005945,0.000110,0.080941,0.002256,
Z Velocity[A/fs],-0.007575,0.005012,0.095936,-0.077962,
Speed[A/fs],0.164422,0.157443,0.680890,0.673187,
,,,,,
C2H2_14r167, C[0], C[1], H[2], H[3], 
Densities, 1.933672026216909, 1.750440414710407, 0.0007542253373645458, 5.354354070492142e-05, 
Time[fs], 62.000000, 65.000000, 26.500000, 26.500000, 
Density Sum, 3.684920209805385,,,,
X Velocity[A/fs],-0.162972,0.150845,-0.671203,0.656156,
Y Velocity[A/fs],0.000993,-0.001600,0.036783,-0.000288,
Z Velocity[A/fs],-0.001693,0.007060,0.078268,-0.056427,
Speed[A/fs],0.162984,0.151019,0.676751,0.658577,
,,,,,
C2H2_14r142, C[0], C[1], H[2], H[3], 
Densities, 1.56072412275843, 2.103531078978348, 0.0007065972772865988, 6.720616660760912e-05, 
Time[fs], 62.500000, 64.000000, 26.500000, 26.500000, 
Density Sum, 3.665029005180672,,,,
X Velocity[A/fs],-0.160783,0.154966,-0.669539,0.652875,
Y Velocity[A/fs],0.004252,-0.000697,-0.068969,0.083477,
Z Velocity[A/fs],-0.011502,-0.000680,0.078692,-0.045377,
Speed[A/fs],0.161250,0.154969,0.677667,0.659753,
,,,,,
C2H2_14r8, C[0], C[1], H[2], H[3], 
Densities, 1.844566828868803, 1.886575841588997, 0.0008037094205406416, 3.355229443322143e-05, 
Time[fs], 63.000000, 64.000000, 26.500000, 26.500000, 
Density Sum, 3.731979932172773,,,,
X Velocity[A/fs],-0.158907,0.154549,-0.663561,0.652668,
Y Velocity[A/fs],0.005980,-0.000448,-0.031587,-0.042172,
Z Velocity[A/fs],0.001245,0.003422,0.060813,-0.049911,
Speed[A/fs],0.159024,0.154588,0.667090,0.655931,
,,,,,
C2H2_14r24, C[0], C[1], H[2], H[3], 
Densities, 1.875497477886074, 1.833624800492086, 0.0004812955268300917, 0.000218298926825154, 
Time[fs], 65.000000, 63.000000, 27.000000, 27.000000, 
Density Sum, 3.709821872831816,,,,
X Velocity[A/fs],-0.154524,0.158361,-0.646749,0.691059,
Y Velocity[A/fs],-0.007972,0.005530,-0.074150,0.076873,
Z Velocity[A/fs],-0.002504,-0.004620,-0.005727,-0.041885,
Speed[A/fs],0.154749,0.158525,0.651011,0.696582,
,,,,,
C2H2_14r122, C[0], C[1], H[2], H[3], 
Densities, 1.884939113758934, 1.756687697504951, 0.0006970800458757286, 5.442258484530493e-05, 
Time[fs], 62.500000, 64.000000, 26.500000, 26.500000, 
Density Sum, 3.642378313894606,,,,
X Velocity[A/fs],-0.160066,0.155792,-0.679131,0.665659,
Y Velocity[A/fs],0.004587,-0.008528,0.010379,0.049664,
Z Velocity[A/fs],-0.002353,0.002010,0.037596,0.031901,
Speed[A/fs],0.160149,0.156038,0.680250,0.668271,
,,,,,
C2H2_14r134, C[0], C[1], H[2], H[3], 
Densities, 2.000581261022062, 1.719257602301847, 0.0006807186256951333, 5.024676674434004e-05, 
Time[fs], 63.500000, 65.000000, 26.500000, 26.500000, 
Density Sum, 3.720569828716348,,,,
X Velocity[A/fs],-0.156624,0.153124,-0.667897,0.658709,
Y Velocity[A/fs],-0.005067,-0.003206,0.061008,-0.049794,
Z Velocity[A/fs],0.009185,-0.004989,0.034994,0.055397,
Speed[A/fs],0.156975,0.153239,0.671590,0.662907,
,,,,,
C2H2_14r65, C[0], C[1], H[2], H[3], 
Densities, 1.558428381576232, 2.08948794351274, 0.0008544466099085315, 7.992111956231772e-05, 
Time[fs], 63.000000, 62.500000, 26.500000, 26.500000, 
Density Sum, 3.648850692818443,,,,
X Velocity[A/fs],-0.159124,0.159295,-0.672378,0.659844,
Y Velocity[A/fs],-0.002071,-0.002581,-0.065471,0.090366,
Z Velocity[A/fs],-0.001229,0.000830,0.062314,-0.055788,
Speed[A/fs],0.159143,0.159318,0.678425,0.668336,
,,,,,
C2H2_14r15, C[0], C[1], H[2], H[3], 
Densities, 1.909288873157005, 1.749120592231984, 0.000913616063340476, 9.960549165449096e-05, 
Time[fs], 62.000000, 64.000000, 26.500000, 26.500000, 
Density Sum, 3.659422686943984,,,,
X Velocity[A/fs],-0.161658,0.153538,-0.670802,0.668579,
Y Velocity[A/fs],0.003148,0.002008,0.059439,-0.017078,
Z Velocity[A/fs],-0.013571,0.000002,0.091214,-0.063788,
Speed[A/fs],0.162258,0.153551,0.679579,0.671832,
,,,,,
C2H2_14r189, C[0], C[1], H[2], H[3], 
Densities, 1.971215463948813, 1.705003436808219, 0.0005747221481466629, 6.040561633134225e-05, 
Time[fs], 65.000000, 61.000000, 26.500000, 26.500000, 
Density Sum, 3.676854028521509,,,,
X Velocity[A/fs],-0.151131,0.164183,-0.663825,0.662487,
Y Velocity[A/fs],0.006172,-0.004135,-0.064198,0.087644,
Z Velocity[A/fs],-0.004803,0.005033,0.058520,-0.060186,
Speed[A/fs],0.151333,0.164313,0.669485,0.670964,
,,,,,
C2H2_14r18, C[0], C[1], H[2], H[3], 
Densities, 2.108198928322137, 1.588018135098955, 0.0009991556752268209, 0.0001012971167933511, 
Time[fs], 62.500000, 64.500000, 26.500000, 27.000000, 
Density Sum, 3.697317516213112,,,,
X Velocity[A/fs],-0.159958,0.154047,-0.665697,0.687343,
Y Velocity[A/fs],0.002811,0.000493,-0.006188,0.032597,
Z Velocity[A/fs],0.002605,-0.007565,0.095749,-0.066988,
Speed[A/fs],0.160004,0.154234,0.672576,0.691369,
,,,,,
C2H2_14r1, C[0], C[1], H[2], H[3], 
Densities, 1.902957530637365, 1.753135432640588, 0.00078561607281926, 8.01388635376314e-05, 
Time[fs], 64.500000, 62.500000, 26.500000, 26.500000, 
Density Sum, 3.65695871821431,,,,
X Velocity[A/fs],-0.152623,0.161208,-0.669314,0.663076,
Y Velocity[A/fs],0.006953,0.003549,0.001792,-0.067041,
Z Velocity[A/fs],-0.005006,0.001698,0.072032,-0.108155,
Speed[A/fs],0.152863,0.161256,0.673181,0.675176,
,,,,,
C2H2_14r47, C[0], C[1], H[2], H[3], 
Densities, 1.967772473012345, 1.631527274909928, 0.001266187577640741, 6.38274595743785e-05, 
Time[fs], 61.000000, 62.000000, 26.500000, 26.500000, 
Density Sum, 3.600629762959488,,,,
X Velocity[A/fs],-0.163118,0.160980,-0.675945,0.669108,
Y Velocity[A/fs],-0.008574,0.006025,0.096714,-0.087097,
Z Velocity[A/fs],0.002532,-0.001274,0.014537,0.061449,
Speed[A/fs],0.163362,0.161098,0.682983,0.677545,
,,,,,
C2H2_14r143, C[0], C[1], H[2], H[3], 
Densities, 2.088126549237102, 1.585889510790714, 0.0007575897106781496, 4.000214420581747e-05, 
Time[fs], 64.000000, 63.500000, 26.500000, 26.500000, 
Density Sum, 3.6748136518827,,,,
X Velocity[A/fs],-0.155234,0.157128,-0.670190,0.665574,
Y Velocity[A/fs],0.009265,0.000771,0.067810,-0.046488,
Z Velocity[A/fs],0.008268,0.004518,-0.029713,-0.001085,
Speed[A/fs],0.155730,0.157195,0.674267,0.667196,
,,,,,
C2H2_14r99, C[0], C[1], H[2], H[3], 
Densities, 2.19477145660225, 1.44856031517225, 0.003773892298575764, 6.553359547013071e-05, 
Time[fs], 60.500000, 63.500000, 26.500000, 26.500000, 
Density Sum, 3.647171197668546,,,,
X Velocity[A/fs],-0.164724,0.155367,-0.671463,0.669194,
Y Velocity[A/fs],0.003675,-0.000489,-0.067241,0.019678,
Z Velocity[A/fs],0.002611,-0.001659,0.060770,-0.059426,
Speed[A/fs],0.164786,0.155377,0.677553,0.672115,
,,,,,
C2H2_14r34, C[0], C[1], H[2], H[3], 
Densities, 1.890746776561628, 1.777164207024167, 0.001457093700910312, 9.133549768172507e-05, 
Time[fs], 63.500000, 61.000000, 26.500000, 26.500000, 
Density Sum, 3.669459412784387,,,,
X Velocity[A/fs],-0.157601,0.165490,-0.671896,0.654431,
Y Velocity[A/fs],0.003735,0.001714,-0.003518,0.063948,
Z Velocity[A/fs],0.000193,-0.001609,-0.059091,0.083893,
Speed[A/fs],0.157645,0.165506,0.674499,0.662878,
,,,,,
C2H2_14r61, C[0], C[1], H[2], H[3], 
Densities, 2.163826772190237, 1.547924630207021, 0.00082062725154334, 9.750766869771738e-05, 
Time[fs], 64.000000, 64.000000, 26.500000, 26.500000, 
Density Sum, 3.712669537317499,,,,
X Velocity[A/fs],-0.154641,0.154041,-0.660956,0.662875,
Y Velocity[A/fs],0.002230,0.000492,-0.045563,-0.028072,
Z Velocity[A/fs],0.019885,-0.000683,-0.085105,0.036713,
Speed[A/fs],0.155930,0.154043,0.667968,0.664484,
,,,,,
C2H2_14r14, C[0], C[1], H[2], H[3], 
Densities, 2.195077046945833, 1.537070644744461, 0.000481929047763148, 3.312217153654449e-05, 
Time[fs], 65.000000, 65.000000, 26.500000, 26.500000, 
Density Sum, 3.732662742909594,,,,
X Velocity[A/fs],-0.152079,0.152288,-0.666549,0.664020,
Y Velocity[A/fs],0.002595,0.002611,0.007072,0.051181,
Z Velocity[A/fs],-0.007641,0.001224,-0.063728,0.044446,
Speed[A/fs],0.152293,0.152315,0.669625,0.667471,
,,,,,
C2H2_14r83, C[0], C[1], H[2], H[3], 
Densities, 1.634678450544106, 2.149708937330746, 0.0002742232366411654, 5.763523757266942e-05, 
Time[fs], 68.000000, 64.500000, 26.500000, 26.500000, 
Density Sum, 3.784719246349066,,,,
X Velocity[A/fs],-0.143543,0.152515,-0.660144,0.665721,
Y Velocity[A/fs],-0.002238,0.005274,0.046534,-0.071804,
Z Velocity[A/fs],-0.001590,-0.000126,-0.031601,0.050866,
Speed[A/fs],0.143569,0.152606,0.662537,0.671512,
,,,,,
C2H2_14r166, C[0], C[1], H[2], H[3], 
Densities, 1.657684499725766, 1.961016373394045, 0.001716944585684832, 3.415905442211098e-05, 
Time[fs], 61.000000, 63.000000, 26.500000, 26.500000, 
Density Sum, 3.620451976759917,,,,
X Velocity[A/fs],-0.164475,0.156570,-0.674485,0.671609,
Y Velocity[A/fs],-0.000956,-0.004895,0.069214,0.018568,
Z Velocity[A/fs],0.001217,0.001178,-0.049779,-0.034166,
Speed[A/fs],0.164482,0.156651,0.679852,0.672734,
,,,,,
C2H2_14r183, C[0], C[1], H[2], H[3], 
Densities, 1.745073861516774, 1.942787678546609, 0.0009372603590255165, 8.260416774384508e-05, 
Time[fs], 63.000000, 64.500000, 26.500000, 26.500000, 
Density Sum, 3.688881404590152,,,,
X Velocity[A/fs],-0.157869,0.154345,-0.663613,0.659318,
Y Velocity[A/fs],-0.005750,-0.004115,0.027819,-0.030665,
Z Velocity[A/fs],0.001253,-0.004787,-0.094328,0.062281,
Speed[A/fs],0.157978,0.154474,0.670861,0.662963,
,,,,,
C2H2_14r71, C[0], C[1], H[2], H[3], 
Densities, 1.62835609690744, 2.070887860081297, 0.001256602937367621, 6.702757824568503e-05, 
Time[fs], 64.500000, 64.000000, 26.500000, 26.500000, 
Density Sum, 3.70056758750435,,,,
X Velocity[A/fs],-0.154280,0.156196,-0.670639,0.659255,
Y Velocity[A/fs],-0.000012,-0.000669,0.018067,-0.043968,
Z Velocity[A/fs],0.006255,-0.002539,-0.040022,0.026727,
Speed[A/fs],0.154406,0.156218,0.672075,0.661260,
,,,,,
C2H2_14r199, C[0], C[1], H[2], H[3], 
Densities, 1.890464099132702, 1.814939592968431, 0.001100047575636025, 0.0001018085343882355, 
Time[fs], 64.000000, 63.500000, 26.500000, 26.500000, 
Density Sum, 3.706605548211158,,,,
X Velocity[A/fs],-0.156427,0.155708,-0.668943,0.665494,
Y Velocity[A/fs],-0.008059,0.002316,0.055237,0.043844,
Z Velocity[A/fs],-0.001204,-0.007838,0.035168,0.044815,
Speed[A/fs],0.156639,0.155922,0.672141,0.668441,
,,,,,
C2H2_14r37, C[0], C[1], H[2], H[3], 
Densities, 1.801604762698367, 1.881878725694407, 0.0006111135667242959, 4.711019292816838e-05, 
Time[fs], 64.000000, 63.500000, 26.500000, 26.500000, 
Density Sum, 3.684141712152426,,,,
X Velocity[A/fs],-0.154102,0.156554,-0.668052,0.667576,
Y Velocity[A/fs],-0.003368,0.004553,0.062094,-0.064314,
Z Velocity[A/fs],0.002371,0.002911,-0.059730,-0.043317,
Speed[A/fs],0.154157,0.156647,0.673585,0.672064,
,,,,,
C2H2_14r173, C[0], C[1], H[2], H[3], 
Densities, 2.30456796723979, 1.357655515931303, 0.000865501729836837, 7.416293797652626e-05, 
Time[fs], 65.500000, 62.000000, 26.500000, 26.500000, 
Density Sum, 3.663163147838906,,,,
X Velocity[A/fs],-0.149907,0.160547,-0.661993,0.662397,
Y Velocity[A/fs],0.002928,-0.001533,-0.064724,0.083219,
Z Velocity[A/fs],0.007298,0.003052,0.071133,-0.052705,
Speed[A/fs],0.150114,0.160584,0.668943,0.669681,
,,,,,
